key,regime,n,nc,seed,p_skew_scale,p_kurt_base,p_impact_base,lb_sparse,status_sparse,inaccurate_sparse,t_sparse,iters_sparse,max_block_sparse,moments_sparse,lb_dense,status_dense,t_dense,t_local,ub_K1,ub_K5,ub_K20,ub_K100,n_minima,n_infeasible_runs,flat,extraction,certified,cert_gap,f_hat,f_cert,tau,p_single_fail,fail_K1,fail_K5,fail_K20,fail_K100,gap_abs,gap_rel,regret1,dd
calibrated|2|0|0,calibrated,2,1,0,0.3,0.5,0.15,0.1374394209168624,optimal,False,0.06899082900054054,6,6,35,0.13743943119675517,optimal,0.058218632999341935,0.5377857320054318,0.1374394898772676,0.13743948987726728,0.13743948987726715,0.137439489877267,1,0,True,ok,True,6.896040488646449e-08,0.13743948987726728,0.137439489877267,1.37439489877267e-05,0.0,False,False,False,False,6.896040460890873e-08,5.01751274480581e-07,4.240899674822029e-15,1.0279892770359567e-08
calibrated|2|0|1,calibrated,2,1,1,0.3,0.5,0.15,0.07080459097923486,optimal,False,0.06771718399977544,7,6,35,0.07080451610255101,optimal,0.05534046300454065,0.5211516199997277,0.07080459575817444,0.07080459575817413,0.07080459575817404,0.070804595758174,1,0,True,ok,True,4.7789392859654e-09,0.07080459575817415,0.070804595758174,7.080459575817399e-06,0.0,False,False,False,False,4.778939133309734e-09,6.749476364761816e-08,6.272039337203546e-15,-7.487668385319779e-08
calibrated|2|0|2,calibrated,2,1,2,0.3,0.5,0.15,0.20613363348656508,optimal,False,0.06471598300413461,6,6,35,0.20613369172646123,optimal,0.053805427996849176,0.505207029003941,0.20613371125705007,0.20613371125705007,0.20613371125704985,0.20613371125704882,1,0,True,ok,True,7.777048530166475e-08,0.20613371125705038,0.20613371125704882,2.0613371125704882e-05,0.0,False,False,False,False,7.777048374735251e-08,3.772818750241516e-07,6.0591782638881245e-15,5.823989615572067e-08
calibrated|2|0|3,calibrated,2,1,3,0.3,0.5,0.15,0.23863860106669738,optimal,False,0.06731972900161054,6,6,35,0.23863866136359077,optimal,0.05332288199861068,0.5198950429985416,0.23863868574882524,0.238638685748822,0.23863868574882177,0.23863868574882086,1,0,True,ok,True,8.468212320256185e-08,0.23863868574882058,0.23863868574882058,2.386386857488206e-05,0.0,False,False,False,False,8.468212348011761e-08,3.548550951170289e-07,1.9539735096989415e-14,6.029689339492883e-08
calibrated|2|0|4,calibrated,2,1,4,0.3,0.5,0.15,0.2258844458811738,optimal,False,0.06755589399836026,6,6,35,0.22588450622480002,optimal,0.05312058599520242,0.5030315809999593,0.22588453098811578,0.22588453098811578,0.22588453098811573,0.22588453098811456,1,0,True,ok,True,8.510694149421738e-08,0.22588453098811528,0.22588453098811456,2.258845309881146e-05,0.0,False,False,False,False,8.510694077257241e-08,3.767720280188872e-07,5.406502701824814e-15,6.034362623474898e-08
calibrated|2|0|5,calibrated,2,1,5,0.3,0.5,0.15,0.24010310929131956,optimal,False,0.0668749230026151,6,6,35,0.2401031769430095,optimal,0.05390078900381923,0.5419576740023331,0.2401032014548654,0.24010320145486455,0.24010320145486447,0.24010320145486247,1,0,True,ok,True,9.216354432406426e-08,0.24010320145486388,0.24010320145486247,2.4010320145486248e-05,0.0,False,False,False,False,9.21635429085299e-08,3.8384985175975767e-07,1.2253443508581267e-14,6.765168994449233e-08
calibrated|2|0|6,calibrated,2,1,6,0.3,0.5,0.15,0.2175701748059327,optimal,False,0.06652687099995092,6,6,35,0.2175702256231225,optimal,0.053231259000313,0.5366327299998375,0.2175702404936085,0.2175702404936078,0.2175702404936078,0.21757024049360768,1,0,True,ok,True,6.56876768811987e-08,0.21757024049360957,0.21757024049360768,2.1757024049360768e-05,0.0,False,False,False,False,6.568767499381956e-08,3.0191488816153853e-07,3.827119309055191e-15,5.0817189817253805e-08
calibrated|2|0|7,calibrated,2,1,7,0.3,0.5,0.15,0.09995426931547247,optimal,False,0.06421325099654496,7,6,35,0.09995422793739173,optimal,0.05307480700139422,0.45894243799557444,0.09995427024163306,0.09995427024163304,0.09995427024163298,0.0999542702416329,1,0,True,ok,True,9.261606481736351e-10,0.09995427024163311,0.0999542702416329,9.995427024163292e-06,0.0,False,False,False,False,9.26160440006818e-10,9.265841732919882e-09,1.5272550689122531e-15,-4.1378080739562506e-08
calibrated|2|0|8,calibrated,2,1,8,0.3,0.5,0.15,0.051656599494072905,optimal,False,0.06814910999673884,8,6,35,0.051656630006751705,optimal,0.053611726994859055,0.5211757119977847,0.05165655477122337,0.051656554771223356,0.051656554771223315,0.051656554771223315,1,0,True,ok,True,-4.47228495487062e-08,0.051656554771223356,0.051656554771223315,5.1656554771223316e-06,0.0,False,False,False,False,-4.4722849590339564e-08,-8.657722348810645e-07,1.0746196969020826e-15,3.0512678800276305e-08
calibrated|2|0|9,calibrated,2,1,9,0.3,0.5,0.15,0.1668899303282624,optimal,False,0.06682441200246103,6,6,35,0.16688998023800466,optimal,0.053369761000794824,0.491031279998424,0.16688999477872424,0.16688999477872418,0.1668899947787238,0.16688999477872363,1,0,True,ok,True,6.445046166203561e-08,0.16688999477872407,0.16688999477872363,1.6688999477872363e-05,0.0,False,False,False,False,6.44504612179464e-08,3.861854402550006e-07,3.658833259318208e-15,4.990974225571598e-08
calibrated|2|0|10,calibrated,2,1,10,0.3,0.5,0.15,0.1279633197707624,optimal,False,0.06471407000208274,6,6,35,0.1279632895667539,optimal,0.052744430999155156,0.4834405800065724,0.12796335989341243,0.12796335989341243,0.12796335989341218,0.12796335989341218,1,0,True,ok,True,4.0122650063478815e-08,0.12796335989341245,0.12796335989341218,1.2796335989341219e-05,0.0,False,False,False,False,4.012264978592306e-08,3.1354805312803753e-07,1.9521227072244175e-15,-3.0204008488743384e-08
calibrated|2|0|11,calibrated,2,1,11,0.3,0.5,0.15,0.07511637827299553,optimal,False,0.06714032099989709,7,6,35,0.0751163869664395,optimal,0.054720394997275434,0.5373279529958381,0.07511637803516132,0.07511637803516122,0.07511637803516118,0.0751163780351611,1,0,True,ok,True,-2.378342661701893e-10,0.07511637803516126,0.0751163780351611,7.51163780351611e-06,0.0,False,False,False,False,-2.37834432703643e-10,-3.1662127244644452e-09,2.9560078738234002e-15,8.693443978580184e-09
calibrated|2|0|12,calibrated,2,1,12,0.3,0.5,0.15,0.11847538431565544,optimal,False,0.06686555600026622,6,6,35,0.11847530818272844,optimal,0.052495289004582446,0.34551636099786265,0.11847539579291089,0.11847539579291055,0.11847539579291048,0.11847539579291014,1,0,True,ok,True,1.1477255035252654e-08,0.11847539579291047,0.11847539579291014,1.1847539579291014e-05,0.0,False,False,False,False,1.1477254702185746e-08,9.687459355782087e-08,6.325368542612007e-15,-7.61329269904909e-08
calibrated|2|0|13,calibrated,2,1,13,0.3,0.5,0.15,0.10415232919090885,optimal,False,0.06734507099463372,6,6,35,0.10415232765838284,optimal,0.05860831999598304,0.5521109870023793,0.10415238856633234,0.10415238856633234,0.10415238856633234,0.10415238856633209,1,0,True,ok,True,5.937542353617875e-08,0.10415238856633238,0.10415238856633209,1.0415238856633209e-05,0.0,False,False,False,False,5.937542324474521e-08,5.700825291761974e-07,2.3984104827472935e-15,-1.5325260088738801e-09
calibrated|2|0|14,calibrated,2,1,14,0.3,0.5,0.15,0.12125131904522811,optimal,False,0.06644974400114734,6,6,35,0.12125130831708994,optimal,0.054029965001973324,0.5261878009987413,0.12125134677199303,0.12125134677199303,0.1212513467719929,0.1212513467719929,1,0,True,ok,True,2.7726765175484225e-08,0.12125134677199328,0.1212513467719929,1.212513467719929e-05,0.0,False,False,False,False,2.7726764786906166e-08,2.2867186110003281e-07,1.1445471062610911e-15,-1.0728138169491253e-08
calibrated|2|0|15,calibrated,2,1,15,0.3,0.5,0.15,0.2307036208162654,optimal,False,0.06562895100069,6,6,35,0.23070367798502092,optimal,0.05266923599992879,0.5136675289977575,0.23070369206041103,0.23070369206041005,0.23070369206040936,0.23070369206040936,1,0,True,ok,True,7.12441458605717e-08,0.23070369206041125,0.23070369206040936,2.3070369206040938e-05,0.0,False,False,False,False,7.124414397319256e-08,3.0881242228067196e-07,7.218499721719537e-15,5.716875553507528e-08
calibrated|2|0|16,calibrated,2,1,16,0.3,0.5,0.15,0.046402403973762454,optimal,False,0.0717039829978603,7,6,35,0.0464022973744356,optimal,0.05298278400005074,0.4994997079993482,0.0464024148828836,0.0464024148828836,0.0464024148828836,0.046402414882883575,1,0,True,ok,True,1.0909121134217159e-08,0.04640241488288359,0.046402414882883575,4.640241488288358e-06,0.0,False,False,False,False,1.0909121120339371e-08,2.3509818858755187e-07,5.981493783390807e-16,-1.0659932685175288e-07
calibrated|2|0|17,calibrated,2,1,17,0.3,0.5,0.15,0.09421910138590509,optimal,False,0.0401924020043225,6,6,35,0.09421905550312698,optimal,0.03235780999966664,0.4018189129928942,0.09421914267536312,0.09421914267536312,0.09421914267536294,0.09421914267536291,1,0,True,ok,True,4.12894581025558e-08,0.09421914267536319,0.09421914267536291,9.421914267536292e-06,0.0,False,False,False,False,4.128945782500004e-08,4.382281004345986e-07,2.2093898459091987e-15,-4.588277810468888e-08
calibrated|2|0|18,calibrated,2,1,18,0.3,0.5,0.15,0.2547372563486325,optimal,False,0.06784786199568771,6,6,35,0.25473730318313303,optimal,0.05322572200384457,0.5364650979972794,0.2547373281603776,0.2547373281603776,0.2547373281603773,0.2547373281603759,1,0,True,ok,True,7.181174371817534e-08,0.2547373281603762,0.2547373281603759,2.5473732816037593e-05,0.0,False,False,False,False,7.181174344061958e-08,2.81905145992223e-07,6.537457815720215e-15,4.683450055553706e-08
calibrated|2|0|19,calibrated,2,1,19,0.3,0.5,0.15,0.09778351599040705,optimal,False,0.062367532002099324,6,6,35,0.09778354238180964,optimal,0.04596549499547109,0.42977571899973555,0.09778359499010744,0.09778359499010741,0.09778359499010733,0.09778359499010723,1,0,True,ok,True,7.899970029534575e-08,0.09778359499010734,0.09778359499010723,9.778359499010723e-06,0.0,False,False,False,False,7.899970018432345e-08,8.079040662852994e-07,2.1288521570338777e-15,2.6391402591086077e-08
calibrated|2|0|20,calibrated,2,1,20,0.3,0.5,0.15,0.12292447185189903,optimal,False,0.06931527499546064,6,6,35,0.12292443246955351,optimal,0.06394132300192723,0.5430511630038382,0.12292450664545881,0.12292450664545881,0.12292450664545876,0.12292450664545876,1,0,True,ok,True,3.479355986657495e-08,0.1229245066454589,0.12292450664545876,1.2292450664545877e-05,0.0,False,False,False,False,3.4793559727797074e-08,2.830482751206513e-07,4.515873420697483e-16,-3.938234552358644e-08
calibrated|2|0|21,calibrated,2,1,21,0.3,0.5,0.15,0.048005740101779326,optimal,False,0.06756700199912302,7,6,35,0.04800563192633124,optimal,0.0537666420059395,0.5264136339974357,0.048005747629523074,0.048005747629523074,0.048005747629523074,0.04800574762952306,1,0,True,ok,True,7.527743747792748e-09,0.048005747629523074,0.04800574762952306,4.800574762952306e-06,0.0,False,False,False,False,7.52774373391496e-09,1.56809242352165e-07,2.890859635165801e-16,-1.0817544808527924e-07
calibrated|2|0|22,calibrated,2,1,22,0.3,0.5,0.15,0.18185238350222796,optimal,False,0.04818023100233404,6,6,35,0.18185241749028352,optimal,0.04811546499695396,0.5327864780047094,0.1818524432363568,0.18185244323635633,0.18185244323635633,0.18185244323635624,1,0,True,ok,True,5.973412905979636e-08,0.18185244323635702,0.18185244323635624,1.8185244323635626e-05,0.0,False,False,False,False,5.973412828264024e-08,3.2847591619225826e-07,3.0525381041545415e-15,3.3988055564426745e-08
calibrated|2|0|23,calibrated,2,1,23,0.3,0.5,0.15,0.2054144850059412,optimal,False,0.06354712900065351,6,6,35,0.20541454282989663,optimal,0.05508327399729751,0.437409693004156,0.20541456033071553,0.2054145603307147,0.2054145603307147,0.20541456033071467,1,0,True,ok,True,7.532477319660558e-08,0.2054145603307144,0.2054145603307144,2.0541456033071442e-05,0.0,False,False,False,False,7.532477347416133e-08,3.6669650376400047e-07,5.5399120608035615e-15,5.782395542941465e-08
calibrated|2|0|24,calibrated,2,1,24,0.3,0.5,0.15,0.20337995310596313,optimal,False,0.05080107799585676,6,6,35,0.2033800087147575,optimal,0.03406597900175257,0.48117522499524057,0.2033800258814034,0.20338002588140208,0.20338002588140167,0.2033800258814012,1,0,True,ok,True,7.277543892514338e-08,0.20338002588140205,0.2033800258814012,2.033800258814012e-05,0.0,False,False,False,False,7.277543806472053e-08,3.5782994810114716e-07,1.078124788376872e-14,5.560879437482846e-08
calibrated|2|0|25,calibrated,2,1,25,0.3,0.5,0.15,0.08086229249963423,optimal,False,0.0682813849998638,7,6,35,0.08086222351179541,optimal,0.054985030998068396,0.5447627180037671,0.08086229620109417,0.08086229620109411,0.08086229620109402,0.08086229620109397,1,0,True,ok,True,3.7014598885942718e-09,0.08086229620109411,0.08086229620109397,8.086229620109399e-06,0.0,False,False,False,False,3.7014597498163937e-09,4.577485544121986e-08,2.402714719184216e-15,-6.89878388165921e-08
calibrated|2|0|26,calibrated,2,1,26,0.3,0.5,0.15,0.23749418600034702,optimal,False,0.041022971003258135,6,6,35,0.23749424944833147,optimal,0.03498518299602438,0.4551666670013219,0.23749426806815577,0.23749426806815263,0.23749426806815263,0.23749426806815205,1,0,True,ok,True,8.206780460762175e-08,0.23749426806815163,0.23749426806815163,2.3749426806815163e-05,0.0,False,False,False,False,8.206780502395539e-08,3.4555711197003985e-07,1.7413391912018514e-14,6.344798444968269e-08
calibrated|2|0|27,calibrated,2,1,27,0.3,0.5,0.15,0.27032719128442023,optimal,False,0.06719003400212387,6,6,35,0.27032724910604566,optimal,0.043565427004068624,0.48634764100279426,0.2703272733210941,0.270327273321094,0.27032727332109396,0.2703272733210924,1,0,True,ok,True,8.203667267725478e-08,0.2703272733210929,0.2703272733210924,2.7032727332109242e-05,0.0,False,False,False,False,8.203667217765442e-08,3.0347177354919105e-07,6.160438480654761e-15,5.782162543210845e-08
calibrated|2|0|28,calibrated,2,1,28,0.3,0.5,0.15,0.10653090601613174,optimal,False,0.06695795099949464,6,6,35,0.1065308789421395,optimal,0.05467913000029512,0.5232474919976084,0.10653096171228611,0.10653096171228596,0.10653096171228592,0.1065309617122858,1,0,True,ok,True,5.5696154160900235e-08,0.1065309617122859,0.1065309617122858,1.065309617122858e-05,0.0,False,False,False,False,5.569615404987793e-08,5.228168625679761e-07,2.996209875977508e-15,-2.7073992242554468e-08
calibrated|2|0|29,calibrated,2,1,29,0.3,0.5,0.15,0.2561578532825686,optimal,False,0.06619882599625271,6,6,35,0.25615791612508276,optimal,0.037558518000878394,0.4500352289978764,0.2561579345448386,0.2561579345448386,0.2561579345448386,0.25615793454483693,1,0,True,ok,True,8.126227168947509e-08,0.2561579345448403,0.25615793454483693,2.5615793454483694e-05,0.0,False,False,False,False,8.126226830329486e-08,3.1723512381896084e-07,6.501202236412633e-15,6.284251413690711e-08
calibrated|2|0|30,calibrated,2,1,30,0.3,0.5,0.15,0.23518691214977427,optimal,False,0.0648558730026707,6,6,35,0.23518694085059372,optimal,0.04665254500287119,0.40213117100211093,0.23518696194495173,0.2351869619449513,0.2351869619449508,0.2351869619449498,1,0,True,ok,True,4.979517626013674e-08,0.23518696194495053,0.2351869619449498,2.351869619449498e-05,0.0,False,False,False,False,4.9795175538491776e-08,2.1172596333413602e-07,8.143030981142017e-15,2.870081944328362e-08
calibrated|2|0|31,calibrated,2,1,31,0.3,0.5,0.15,0.20880761998771763,optimal,False,0.06733252300182357,6,6,35,0.20880766620079036,optimal,0.05669330099772196,0.5153563690037117,0.20880768028966473,0.20880768028966462,0.20880768028966432,0.20880768028966418,1,0,True,ok,True,6.030194685258117e-08,0.20880768028966448,0.20880768028966418,2.088076802896642e-05,0.0,False,False,False,False,6.030194654726984e-08,2.8879188676551597e-07,2.65848225286786e-15,4.621307272967279e-08
calibrated|2|0|32,calibrated,2,1,32,0.3,0.5,0.15,0.2524987132517533,optimal,False,0.0651647850027075,6,6,35,0.25249877951266964,optimal,0.05380810699716676,0.5236262300022645,0.25249880328658353,0.2524988032865834,0.25249880328658325,0.2524988032865831,1,0,True,ok,True,9.003483097957954e-08,0.2524988032865843,0.2524988032865831,2.524988032865831e-05,0.0,False,False,False,False,9.003482975833421e-08,3.565754003212094e-07,1.7587774835749488e-15,6.626091630934638e-08
calibrated|2|0|33,calibrated,2,1,33,0.3,0.5,0.15,0.043974857569042326,optimal,False,0.06750112900044769,7,6,35,0.04397478882669092,optimal,0.055666405001829844,0.3955858279950917,0.043974875139809314,0.04397487513980928,0.04397487513980925,0.043974875139809216,1,0,True,ok,True,1.7570766952523797e-08,0.04397487513980928,0.043974875139809216,4.3974875139809215e-06,0.0,False,False,False,False,1.7570766890073752e-08,3.99563929513289e-07,2.209091312842842e-15,-6.87423514084129e-08
calibrated|2|0|34,calibrated,2,1,34,0.3,0.5,0.15,0.0773137625484458,optimal,False,0.046355755999684334,6,6,35,0.07731379524741419,optimal,0.036950177993276156,0.311774912996043,0.07731385327205628,0.07731385327205628,0.07731385327205625,0.07731385327205613,1,0,True,ok,True,9.07236104852327e-08,0.07731385327205628,0.07731385327205613,7.731385327205613e-06,0.0,False,False,False,False,9.072361033257703e-08,1.1734470984480733e-06,1.9744930491148343e-15,3.2698968394084815e-08
calibrated|2|0|35,calibrated,2,1,35,0.3,0.5,0.15,0.07485981518350436,optimal,False,0.044652162003330886,6,6,35,0.07485982659227,optimal,0.03172554900083924,0.3567177620061557,0.07485986334343005,0.07485986334343005,0.07485986334343005,0.07485986334342999,1,0,True,ok,True,4.815992579731976e-08,0.07485986334343016,0.07485986334342999,7.485986334343e-06,0.0,False,False,False,False,4.8159925630786304e-08,6.43334818723925e-07,7.415342314558167e-16,1.1408765640541496e-08
calibrated|2|0|36,calibrated,2,1,36,0.3,0.5,0.15,0.11109089512291234,optimal,False,0.06774247100111097,7,6,35,0.11109084069744124,optimal,0.05285864300094545,0.5066743319985108,0.11109089448953943,0.11109089448953934,0.11109089448953921,0.11109089448953907,1,0,True,ok,True,-6.333730068197596e-10,0.11109089448953934,0.11109089448953907,1.1109089448953908e-05,0.0,False,False,False,False,-6.33373270497728e-10,-5.701396768807704e-09,3.2479933180946066e-15,-5.4425471102126366e-08
calibrated|2|0|37,calibrated,2,1,37,0.3,0.5,0.15,0.2441861464961025,optimal,False,0.06455264399846783,6,6,35,0.2441862071102691,optimal,0.052479933998256456,0.5129314669975429,0.24418622384538913,0.24418622384538619,0.24418622384538527,0.24418622384538527,1,0,True,ok,True,7.73492831451783e-08,0.24418622384538566,0.24418622384538527,2.441862238453853e-05,0.0,False,False,False,False,7.734928275660025e-08,3.1676359968207626e-07,1.5799519521687914e-14,6.061416657487939e-08
calibrated|2|0|38,calibrated,2,1,38,0.3,0.5,0.15,0.1427471664867637,optimal,False,0.03954772599536227,6,6,35,0.1427472376390181,optimal,0.031649040000047535,0.3177238310017856,0.14274727793307326,0.14274727793307318,0.14274727793307304,0.1427472779330727,1,0,True,ok,True,1.1144630954196266e-07,0.14274727793307324,0.1427472779330727,1.4274727793307272e-05,0.0,False,False,False,False,1.1144630901460673e-07,7.807251923626845e-07,3.8887712631048785e-15,7.11522543939136e-08
calibrated|2|0|39,calibrated,2,1,39,0.3,0.5,0.15,0.22566025603750986,optimal,False,0.06284780200076057,6,6,35,0.22566027625148966,optimal,0.05360991199995624,0.4011264719956671,0.2256602963501068,0.22566029635010676,0.2256602963501062,0.22566029635010415,1,0,True,ok,True,4.031259623338279e-08,0.2256602963501061,0.22566029635010415,2.2566029635010416e-05,0.0,False,False,False,False,4.03125942904925e-08,1.7864286338393425e-07,1.168473021675853e-14,2.021397979556916e-08
calibrated|2|0|40,calibrated,2,1,40,0.3,0.5,0.15,0.20079121932286947,optimal,False,0.047378460003528744,6,6,35,0.2007912506466822,optimal,0.03251821600133553,0.3124673150014132,0.20079126860434238,0.2007912686043422,0.200791268604342,0.2007912686043412,1,0,True,ok,True,4.928147290250706e-08,0.20079126860434238,0.2007912686043412,2.0079126860434123e-05,0.0,False,False,False,False,4.9281471736772886e-08,2.4543638861781586e-07,5.805701532537708e-15,3.1323812738071055e-08
calibrated|2|0|41,calibrated,2,1,41,0.3,0.5,0.15,0.07205817564110525,optimal,False,0.06532183000672376,7,6,35,0.07205818732861702,optimal,0.053329319998738356,0.4840562469980796,0.0720581931528293,0.07205819315282866,0.07205819315282866,0.07205819315282856,1,0,True,ok,True,1.751172352959518e-08,0.07205819315282878,0.07205819315282856,7.205819315282857e-06,0.0,False,False,False,False,1.7511723307550575e-08,2.430220186918123e-07,1.0207343837420299e-14,1.1687511763947e-08
calibrated|2|0|42,calibrated,2,1,42,0.3,0.5,0.15,0.08009750983224656,optimal,False,0.06288541599496966,6,6,35,0.08009751505339917,optimal,0.05132355200476013,0.5029659939973499,0.08009758895582025,0.0800975889558202,0.0800975889558202,0.08009758895582009,1,0,True,ok,True,7.912357374850743e-08,0.08009758895582031,0.08009758895582009,8.009758895582009e-06,0.0,False,False,False,False,7.912357352646282e-08,9.878406169202573e-07,2.079131917261946e-15,5.221152607481905e-09
calibrated|2|0|43,calibrated,2,1,43,0.3,0.5,0.15,0.09835549211072768,optimal,False,0.03873410700180102,6,6,35,0.09835543281876846,optimal,0.05143424100242555,0.5155091950000497,0.09835551660132474,0.09835551660132474,0.0983555166013246,0.0983555166013245,1,0,True,ok,True,2.4490597147486248e-08,0.09835551660132483,0.0983555166013245,9.83555166013245e-06,0.0,False,False,False,False,2.449059681441934e-08,2.4900080604393764e-07,2.539767866333349e-15,-5.9291959217389056e-08
calibrated|2|0|44,calibrated,2,1,44,0.3,0.5,0.15,0.23041755232116218,optimal,False,0.03932677099510329,6,6,35,0.23041760942249942,optimal,0.03239601699897321,0.30578718899778323,0.23041763214231684,0.23041763214231345,0.23041763214231328,0.23041763214231276,1,0,True,ok,True,7.982115043936311e-08,0.23041763214231262,0.23041763214231262,2.3041763214231264e-05,0.0,False,False,False,False,7.982115057814099e-08,3.464195751323845e-07,1.8309568822276206e-14,5.7101337241904915e-08
calibrated|2|0|45,calibrated,2,1,45,0.3,0.5,0.15,0.20812321549592147,optimal,False,0.040258180000819266,6,6,35,0.20812326089248379,optimal,0.03214772899809759,0.3128585619997466,0.20812327493372654,0.20812327493372643,0.20812327493372584,0.20812327493372584,1,0,True,ok,True,5.943780503891993e-08,0.2081232749337265,0.20812327493372584,2.0812327493372586e-05,0.0,False,False,False,False,5.943780437278612e-08,2.8558949673709466e-07,3.33403071142179e-15,4.5396562314836686e-08
calibrated|2|0|46,calibrated,2,1,46,0.3,0.5,0.15,0.23208855223394004,optimal,False,0.06689289899804862,6,6,35,0.2320886139603675,optimal,0.05289181000262033,0.534890885995992,0.23208863152766246,0.23208863152766224,0.23208863152766154,0.23208863152766154,1,0,True,ok,True,7.929372258796974e-08,0.23208863152766263,0.23208863152766154,2.3208863152766156e-05,0.0,False,False,False,False,7.929372150550229e-08,3.4165287663812047e-07,3.946483674305212e-15,6.17264274693774e-08
calibrated|2|0|47,calibrated,2,1,47,0.3,0.5,0.15,0.10924868568307869,optimal,False,0.062206467999203596,6,6,35,0.10924872568356957,optimal,0.051583241001935676,0.5094694020008319,0.10924878042507792,0.1092487804250778,0.10924878042507769,0.10924878042507769,1,0,True,ok,True,9.47419992736176e-08,0.10924878042507796,0.10924878042507769,1.0924878042507768e-05,0.0,False,False,False,False,9.474199899606184e-08,8.672140850362307e-07,2.1594968091624627e-15,4.000049087793389e-08
calibrated|2|0|48,calibrated,2,1,48,0.3,0.5,0.15,0.22050649702624892,optimal,False,0.04441740800393745,6,6,35,0.22050655381631426,optimal,0.033694131998345256,0.30832098300015787,0.22050657920917627,0.22050657920917596,0.2205065792091754,0.22050657920917527,1,0,True,ok,True,8.218292699146978e-08,0.2205065792091759,0.22050657920917527,2.205065792091753e-05,0.0,False,False,False,False,8.218292635309155e-08,3.7270070252537076e-07,4.531387343389817e-15,5.679006534475839e-08
calibrated|2|0|49,calibrated,2,1,49,0.3,0.5,0.15,0.23354356815253166,optimal,False,0.06622507000429323,6,6,35,0.2335436280902824,optimal,0.05178735499794129,0.5101995149962022,0.2335436575362095,0.2335436575362095,0.2335436575362078,0.2335436575362078,1,0,True,ok,True,8.938367898614352e-08,0.23354365753621065,0.2335436575362078,2.335436575362078e-05,0.0,False,False,False,False,8.938367612731923e-08,3.8272805727169967e-07,7.368411141296778e-15,5.993775073487306e-08
calibrated|4|0|0,calibrated,4,2,0,0.3,0.5,0.15,0.034319472063042186,optimal,False,0.08753313800116302,8,6,75,0.03431942407971996,optimal,0.07344245599961141,0.425439261001884,0.03431934830957517,0.03431934830957517,0.034319348309575164,0.03431934830957515,1,0,True,ok,True,-1.2375346072901472e-07,0.03431934830958146,0.03431934830957515,3.4319348309575153e-06,0.0,False,False,False,False,-1.2375346703646928e-07,-3.6059257208019934e-06,6.065581876423277e-16,-4.798332222527568e-08
calibrated|4|0|1,calibrated,4,2,1,0.3,0.5,0.15,0.04316639098978483,optimal,False,0.08047728399833431,7,6,75,0.043166284374024116,optimal,0.07338331299979473,0.4016194790019654,0.043166281850957174,0.04316628185095717,0.0431662818509571,0.0431662818509571,1,0,True,ok,True,-1.0913882764196359e-07,0.04316628185095719,0.0431662818509571,4.31662818509571e-06,0.0,False,False,False,False,-1.0913882773216921e-07,-2.5283287583156192e-06,1.7682281093034921e-15,-1.0661576071296919e-07
calibrated|4|0|2,calibrated,4,2,2,0.3,0.5,0.15,0.013239169320651466,optimal,False,0.13471191099961288,8,6,75,0.013239134125362408,optimal,0.11202987400611164,0.7385122220002813,0.013239090080489808,0.013239090080486942,0.013239090080486935,0.013239090080486923,1,0,True,ok,True,-7.924016436761105e-08,0.013239090080487098,0.013239090080486923,1.3239090080486923e-06,0.0,False,False,False,False,-7.924016454281813e-08,-5.985282204920008e-06,2.1790358121374214e-13,-3.5195289058154167e-08
calibrated|4|0|3,calibrated,4,2,3,0.3,0.5,0.15,0.011031127983845732,optimal,False,0.13625229300669162,9,6,75,0.011031133002489948,optimal,0.11357326600409579,0.8168572560025495,0.01103109643431552,0.011031096434315147,0.011031096434315147,0.011031096434315144,1,0,True,ok,True,-3.154952910901232e-08,0.011031096434316623,0.011031096434315144,1.1031096434315144e-06,0.0,False,False,False,False,-3.1549530588731445e-08,-2.8600457391966977e-06,3.4124893797135753e-14,5.018644215482038e-09
calibrated|4|0|4,calibrated,4,2,4,0.3,0.5,0.15,0.044457691347929776,optimal,False,0.0796371510004974,7,6,75,0.04445767089347241,optimal,0.06927857299888274,0.3919844049960375,0.0444576711020543,0.04445767110205426,0.044457671102054244,0.044457671102054216,1,0,True,ok,True,-2.0245875032021132e-08,0.044457671102054744,0.044457671102054216,4.445767110205422e-06,0.0,False,False,False,False,-2.024587555937707e-08,-4.5539646674252783e-07,1.8729439663122458e-15,-2.0454457363983103e-08
calibrated|4|0|5,calibrated,4,2,5,0.3,0.5,0.15,0.026837284918114084,optimal,False,0.14034525799797848,9,6,75,0.02683728828381913,optimal,0.11148175800190074,0.7121600129976287,0.026837278810099417,0.026837278810099417,0.026837278810099396,0.026837278810099383,1,0,True,ok,True,-6.108008352573302e-09,0.02683727881010573,0.026837278810099383,2.6837278810099383e-06,0.0,False,False,False,False,-6.108014701661224e-09,-2.275943606179983e-07,1.2927715125305457e-15,3.3657050445279335e-09
calibrated|4|0|6,calibrated,4,2,6,0.3,0.5,0.15,0.018253533548406135,optimal,False,0.08229324100102531,8,6,75,0.018253460970186736,optimal,0.07609913100168342,0.4706444709954667,0.018253427409631803,0.01825342740963174,0.01825342740963174,0.01825342740963174,1,0,True,ok,True,-1.0613877326343113e-07,0.018253427409632872,0.01825342740963174,1.8253427409631742e-06,0.0,False,False,False,False,-1.0613877439447084e-07,-5.8146974180644975e-06,3.4212777542376612e-15,-7.257821939971043e-08
calibrated|4|0|7,calibrated,4,2,7,0.3,0.5,0.15,0.01204694419132418,optimal,False,0.08503953499894124,11,6,75,0.012046960579464335,optimal,0.076583699999901,0.5414164280009572,0.012046934142839144,0.012046934142839144,0.012046934142839144,0.01204693414283914,1,0,True,ok,True,-1.0048484657201873e-08,0.012046934142839524,0.01204693414283914,1.2046934142839141e-06,0.0,False,False,False,False,-1.0048485040575761e-08,-8.341106990279207e-07,2.8799418265400745e-16,1.638814015395007e-08
calibrated|4|0|8,calibrated,4,2,8,0.3,0.5,0.15,0.025739401526303995,optimal,False,0.13591658500081394,8,6,75,0.025739332122298966,optimal,0.11743363700225018,0.6824386729931575,0.0257393256506283,0.025739325650628184,0.025739325650628163,0.025739325650628146,1,0,True,ok,True,-7.587567555158992e-08,0.025739325650628444,0.025739325650628146,2.5739325650628146e-06,0.0,False,False,False,False,-7.587567584996235e-08,-2.947841493999864e-06,6.0656256095078596e-15,-6.940400502919442e-08
calibrated|4|0|9,calibrated,4,2,9,0.3,0.5,0.15,0.020009283646890273,optimal,False,0.08535597100126324,9,6,75,0.020009334932584655,optimal,0.07124904100055574,0.44360907400550786,0.020009279132131852,0.020009279132130776,0.020009279132130763,0.020009279132130756,1,0,True,ok,True,-4.5147559059321996e-09,0.020009279132134367,0.020009279132130756,2.0009279132130755e-06,0.0,False,False,False,False,-4.5147595176264765e-09,-2.256332409145559e-07,5.4791840804341565e-14,5.128569438225816e-08
calibrated|4|0|10,calibrated,4,2,10,0.3,0.5,0.15,0.02323527461410497,optimal,False,0.13733875600155443,8,6,75,0.023235286819589862,optimal,0.1214981769953738,0.6948795569987851,0.02323526622035759,0.023235266220357577,0.02323526622035757,0.023235266220357566,1,0,True,ok,True,-8.393746798313062e-09,0.02323526622035817,0.023235266220357566,2.3235266220357567e-06,0.0,False,False,False,False,-8.393747401996832e-09,-3.6125019141806956e-07,1.0452270455329244e-15,1.2205484893612617e-08
calibrated|4|0|11,calibrated,4,2,11,0.3,0.5,0.15,0.029277640923105464,optimal,False,0.13245104200177593,8,6,75,0.029277588503473152,optimal,0.11488446200382896,0.6945793960039737,0.029277586626108375,0.029277586626108375,0.029277586626108357,0.02927758662610834,1,0,True,ok,True,-5.4296997103325806e-08,0.02927758662610836,0.02927758662610834,2.9277586626108343e-06,0.0,False,False,False,False,-5.429699712414249e-08,-1.8545550601821928e-06,1.1850180809847655e-15,-5.241963231192304e-08
calibrated|4|0|12,calibrated,4,2,12,0.3,0.5,0.15,0.018293174774672905,optimal,False,0.11639906500204233,8,6,75,0.01829306161995263,optimal,0.06937876099982532,0.4515309909984353,0.018293023255470248,0.018293023255470154,0.018293023255470154,0.018293023255470154,1,0,True,ok,True,-1.5151919783087942e-07,0.018293023255475074,0.018293023255470154,1.8293023255470154e-06,0.0,False,False,False,False,-1.515192027505552e-07,-8.282827044343071e-06,5.120808430325259e-15,-1.1315472027428886e-07
calibrated|4|0|13,calibrated,4,2,13,0.3,0.5,0.15,0.027300513893109092,optimal,False,0.13871245900372742,8,6,75,0.02730039863844326,optimal,0.11542591600300511,0.7175521810058854,0.027300390746188435,0.02730039074618592,0.02730039074618508,0.027300390746185045,1,0,True,ok,True,-1.2314692389089887e-07,0.0273003907461852,0.027300390746185045,2.7300390746185045e-06,0.0,False,False,False,False,-1.2314692404702399e-07,-4.51079142792647e-06,1.2416121452519322e-13,-1.1525466583200972e-07
calibrated|4|0|14,calibrated,4,2,14,0.3,0.5,0.15,0.048554630571384774,optimal,False,0.08048633299767971,8,6,75,0.048554651642151295,optimal,0.06932950700138463,0.4003843029931886,0.04855462930343238,0.048554629303431296,0.048554629303431296,0.048554629303431296,1,0,True,ok,True,-1.2679512717550523e-09,0.0485546293034335,0.048554629303431296,4.85546293034313e-06,0.0,False,False,False,False,-1.2679534783233137e-09,-2.6113955834947088e-08,2.229380523626057e-14,2.107076652047013e-08
calibrated|4|0|15,calibrated,4,2,15,0.3,0.5,0.15,0.04259434790320882,optimal,False,0.13623633100360166,8,6,75,0.042594214165794834,optimal,0.1090685079980176,0.6616668759961613,0.042594209788274176,0.04259420978827411,0.04259420978827408,0.04259420978827408,1,0,True,ok,True,-1.3811493471127534e-07,0.04259420978827411,0.04259420978827408,4.259420978827408e-06,0.0,False,False,False,False,-1.3811493473903091e-07,-3.242564836369431e-06,2.280697661432951e-15,-1.3373741398342576e-07
calibrated|4|0|16,calibrated,4,2,16,0.3,0.5,0.15,0.01037025796648366,optimal,False,0.08282078900083434,9,6,75,0.01037026913644829,optimal,0.06852689399966039,0.5331340750053641,0.01037023424491798,0.010370234244915368,0.010370234244915353,0.010370234244915346,1,0,True,ok,True,-2.3721561968198523e-08,0.010370234244921691,0.010370234244915346,1.0370234244915345e-06,0.0,False,False,False,False,-2.3721568313817e-08,-2.2874617382213967e-06,2.5409695651771466e-13,1.116996463032538e-08
calibrated|4|0|17,calibrated,4,2,17,0.3,0.5,0.15,0.04848109508614661,optimal,False,0.13332947499293368,7,6,75,0.048481004977757855,optimal,0.11815457099874038,0.6293159710039617,0.04848100274255193,0.0484810027425513,0.04848100274255127,0.048481002742551266,1,0,True,ok,True,-9.234359477083842e-08,0.04848100274255184,0.048481002742551266,4.8481002742551265e-06,0.0,False,False,False,False,-9.234359534676662e-08,-1.9047341068241182e-06,1.37400997729454e-14,-9.010838875750382e-08
calibrated|4|0|18,calibrated,4,2,18,0.3,0.5,0.15,0.01971082593979766,optimal,False,0.1387804550031433,9,6,75,0.01971073298861522,optimal,0.10213733500131639,0.49606184999720426,0.01971071439110665,0.01971071439110665,0.01971071439110665,0.019710714391106644,1,0,True,ok,True,-1.1154868919532879e-07,0.019710714391108466,0.019710714391106644,1.9710714391106643e-06,0.0,False,False,False,False,-1.1154869101678844e-07,-5.65926011205665e-06,3.520366520575234e-16,-9.295118244198597e-08
calibrated|4|0|19,calibrated,4,2,19,0.3,0.5,0.15,0.041033454866852864,optimal,False,0.08405013299488928,7,6,75,0.04103341564346489,optimal,0.06924288799928036,0.5016281839998555,0.04103340144828071,0.04103340144828065,0.041033401448280625,0.041033401448280604,1,0,True,ok,True,-5.3418571829833006e-08,0.041033401448281034,0.041033401448280604,4.10334014482806e-06,0.0,False,False,False,False,-5.341857226004443e-08,-1.3018297492467873e-06,2.5365532684341908e-15,-3.922338797507363e-08
calibrated|4|0|20,calibrated,4,2,20,0.3,0.5,0.15,0.010372098005362287,optimal,False,0.13764183400053298,9,6,75,0.010371951089233345,optimal,0.12056635099725099,0.822857639999711,0.010371931857220802,0.010371931857220754,0.010371931857220738,0.010371931857220731,1,0,True,ok,True,-1.661481396336012e-07,0.010371931857222653,0.010371931857220731,1.037193185722073e-06,0.0,False,False,False,False,-1.661481415556748e-07,-1.6018759316560415e-05,6.857320650977303e-15,-1.4691612894128514e-07
calibrated|4|0|21,calibrated,4,2,21,0.3,0.5,0.15,0.014176226829143844,optimal,False,0.13214469500235282,10,6,75,0.014176234789121316,optimal,0.11354687200218905,0.7279645060043549,0.014176222623472658,0.014176222623469497,0.014176222623469462,0.014176222623469448,1,0,True,ok,True,-4.205673989621239e-09,0.014176222623469854,0.014176222623469448,1.417622262346945e-06,0.0,False,False,False,False,-4.2056743955465326e-09,-2.9667092987679917e-07,2.2638177431299914e-13,7.959977472299373e-09
calibrated|4|0|22,calibrated,4,2,22,0.3,0.5,0.15,0.010500646373986408,optimal,False,0.13362780200259294,10,6,75,0.010500625725718339,optimal,0.1194588250000379,0.8309729130050982,0.01050061072729834,0.01050061072729834,0.01050061072729834,0.01050061072729834,1,0,True,ok,True,-3.564668795037751e-08,0.010500610727298458,0.01050061072729834,1.050061072729834e-06,0.0,False,False,False,False,-3.5646688068338706e-08,-3.394713696544186e-06,0.0,-2.0648268069314857e-08
calibrated|4|0|23,calibrated,4,2,23,0.3,0.5,0.15,0.022899943308580036,optimal,False,0.08969118200184312,8,6,75,0.022899788234478424,optimal,0.09514764600316994,0.479087569998228,0.022899780534964546,0.02289978053496345,0.02289978053496333,0.02289978053496332,1,0,True,ok,True,-1.627736164674931e-07,0.022899780534963568,0.02289978053496332,2.289978053496332e-06,0.0,False,False,False,False,-1.6277361671382384e-07,-7.1080357938194825e-06,5.3481507046311414e-14,-1.5507410161194612e-07
calibrated|4|0|24,calibrated,4,2,24,0.3,0.5,0.15,0.023498140118184255,optimal,False,0.13682313700701343,8,6,75,0.023498023587106127,optimal,0.11281727599998703,0.7034750419988995,0.023498005650149718,0.023498005650148743,0.023498005650148743,0.023498005650148725,1,0,True,ok,True,-1.3446803364888793e-07,0.023498005650150606,0.023498005650148725,2.349800565014873e-06,0.0,False,False,False,False,-1.3446803552932818e-07,-5.722496965845771e-06,4.222749126168728e-14,-1.1653107812731323e-07
calibrated|4|0|25,calibrated,4,2,25,0.3,0.5,0.15,0.020513970923444008,optimal,False,0.11088851200474892,9,6,75,0.020514012897554196,optimal,0.10653865399945062,0.49251428300340194,0.020513960444236944,0.020513960444236753,0.020513960444236742,0.020513960444236742,1,0,True,ok,True,-1.0479205378444156e-08,0.02051396044423863,0.020513960444236742,2.0513960444236745e-06,0.0,False,False,False,False,-1.0479207265823298e-08,-5.108327054245422e-07,9.809316136701591e-15,4.197411018758146e-08
calibrated|4|0|26,calibrated,4,2,26,0.3,0.5,0.15,0.00735304860620007,optimal,False,0.1806537130032666,9,6,75,0.007353069901683449,optimal,0.11599921699962579,0.8217318789975252,0.007353029177758482,0.0073530291777584526,0.0073530291777584526,0.007353029177758451,1,0,True,ok,True,-1.9428439790997176e-08,0.007353029177760279,0.007353029177758451,1e-06,0.0,False,False,False,False,-1.942844161939572e-08,-2.642229456094403e-06,4.2465522457101664e-15,2.1295483378439006e-08
calibrated|4|0|27,calibrated,4,2,27,0.3,0.5,0.15,0.049617685224947715,optimal,False,0.09812921000411734,7,6,75,0.04961762656874329,optimal,0.11201196099864319,0.4437146769996616,0.049617623339659356,0.049617623339659356,0.0496176233396593,0.04961762333965928,1,0,True,ok,True,-6.188528554884609e-08,0.049617623339662166,0.04961762333965928,4.9617623339659286e-06,0.0,False,False,False,False,-6.188528843542596e-08,-1.2472425538366329e-06,1.53832101994234e-15,-5.865620442829789e-08
calibrated|4|0|28,calibrated,4,2,28,0.3,0.5,0.15,0.016205863064691153,optimal,False,0.08274627899663756,9,6,75,0.016205904139533857,optimal,0.07074426700273762,0.7638065439969068,0.016205853600561045,0.016205853600560878,0.016205853600560875,0.016205853600560875,1,0,True,ok,True,-9.464122482233384e-09,0.01620585360056867,0.016205853600560875,1.6205853600560876e-06,0.0,False,False,False,False,-9.464130278080685e-09,-5.839942149518002e-07,1.0490215747712506e-14,4.1074842704186265e-08
calibrated|4|0|29,calibrated,4,2,29,0.3,0.5,0.15,0.04657342734222651,optimal,False,0.08362008699623402,7,6,75,0.046573361410919,optimal,0.07076951900671702,0.41257006500381976,0.04657334948800221,0.04657334948800217,0.04657334948800214,0.04657334948800214,1,0,True,ok,True,-7.785422373451922e-08,0.04657334948800278,0.04657334948800214,4.6573349488002145e-06,0.0,False,False,False,False,-7.785422437289746e-08,-1.6716447299619228e-06,1.489885090977786e-15,-6.593130751075815e-08
calibrated|4|0|30,calibrated,4,2,30,0.3,0.5,0.15,0.01226059766928083,optimal,False,0.14015793300495716,11,6,75,0.012260647733435938,optimal,0.11449329899915028,0.8482293309934903,0.012260591223553365,0.012260591223553365,0.01226059122355336,0.012260591223553358,1,0,True,ok,True,-6.445727174231308e-09,0.012260591223553656,0.012260591223553358,1.2260591223553358e-06,0.0,False,False,False,False,-6.445727472603746e-09,-5.257270197156574e-07,5.659510032907044e-16,5.006415510801221e-08
calibrated|4|0|31,calibrated,4,2,31,0.3,0.5,0.15,0.01850088383276854,optimal,False,0.1330371509975521,8,6,75,0.018500863634437318,optimal,0.11281515899463557,0.7213771099995938,0.01850085840209586,0.018500858402095276,0.018500858402095276,0.018500858402095276,1,0,True,ok,True,-2.543066831769969e-08,0.018500858402100223,0.018500858402095276,1.8500858402095278e-06,0.0,False,False,False,False,-2.5430673265131043e-08,-1.3745653177978743e-06,3.1504867247791907e-14,-2.019833122285375e-08
calibrated|4|0|32,calibrated,4,2,32,0.3,0.5,0.15,0.012679693604161622,optimal,False,0.11428652500035241,11,6,75,0.012679650253963256,optimal,0.07294881200505188,0.5040422739984933,0.012679547182510704,0.012679547182510662,0.012679547182510652,0.012679547182510648,1,0,True,ok,True,-1.4642163527651963e-07,0.012679547182526346,0.012679547182510648,1.2679547182510648e-06,0.0,False,False,False,False,-1.4642165097403237e-07,-1.15477278509297e-05,4.378007387190163e-15,-4.3350198366751136e-08
calibrated|4|0|33,calibrated,4,2,33,0.3,0.5,0.15,0.005338816637764962,optimal,False,0.08268167000642279,11,6,75,0.005338823451632859,optimal,0.07947453700035112,0.5547386079997523,0.005338805143613512,0.005338805143612986,0.0053388051436126845,0.005338805143612652,1,0,True,ok,True,-1.1494151424054633e-08,0.005338805143613538,0.005338805143612652,1e-06,0.0,False,False,False,False,-1.1494152310498329e-08,-2.1529400783672973e-06,1.6116393480176112e-13,6.813867896998671e-09
calibrated|4|0|34,calibrated,4,2,34,0.3,0.5,0.15,0.007558448899260505,optimal,False,0.13342761099920608,10,6,75,0.007558493201052421,optimal,0.11325112899794476,0.8313167610031087,0.007558444298134612,0.007558444298134525,0.007558444298134525,0.007558444298134518,1,0,True,ok,True,-4.601120907887779e-09,0.007558444298139597,0.007558444298134518,1e-06,0.0,False,False,False,False,-4.601125987158117e-09,-6.087394448890534e-07,1.2393432300065678e-14,4.430179191550199e-08
calibrated|4|0|35,calibrated,4,2,35,0.3,0.5,0.15,0.023283669770076447,optimal,False,0.1327172090022941,8,6,75,0.023283643978576563,optimal,0.11404417899757391,0.705954113000189,0.02328362944125633,0.02328362944125484,0.023283629441254835,0.023283629441254835,1,0,True,ok,True,-4.0328813892542836e-08,0.023283629441262554,0.023283629441254835,2.3283629441254835e-06,0.0,False,False,False,False,-4.0328821612062304e-08,-1.7320646620702305e-06,6.422244607803805e-14,-2.5791499883714986e-08
calibrated|4|0|36,calibrated,4,2,36,0.3,0.5,0.15,0.04678951510770123,optimal,False,0.13526028100022813,7,6,75,0.04678948210980202,optimal,0.14983566999580944,0.4368147239947575,0.04678944116970077,0.04678944116970077,0.04678944116970077,0.04678944116970077,1,0,True,ok,True,-7.393799637822607e-08,0.04678944116970485,0.04678944116970077,4.678944116970077e-06,0.0,False,False,False,False,-7.393800045829568e-08,-1.5802258323922233e-06,0.0,-3.2997899204745273e-08
calibrated|4|0|37,calibrated,4,2,37,0.3,0.5,0.15,0.006057775502647654,optimal,False,0.08274136800173437,9,6,75,0.006057774559073827,optimal,0.07157085999642732,0.8091734570043627,0.0060577541573624515,0.0060577541573624515,0.0060577541573624515,0.006057754157362438,1,0,True,ok,True,-2.1345285060314634e-08,0.006057754157362594,0.006057754157362438,1e-06,0.0,False,False,False,False,-2.1345285216439747e-08,-3.523617738410812e-06,2.2909130095594506e-15,-9.43573826711619e-10
calibrated|4|0|38,calibrated,4,2,38,0.3,0.5,0.15,0.04746739299047226,optimal,False,0.13411334800184704,7,6,75,0.04746736752414997,optimal,0.1153554010015796,0.6664481519983383,0.047467336006176586,0.04746733600617656,0.047467336006176544,0.0474673360061765,1,0,True,ok,True,-5.698429569878094e-08,0.04746733600617656,0.0474673360061765,4.74673360061765e-06,0.0,False,False,False,False,-5.698429575429209e-08,-1.2004934790863717e-06,1.7541900147093146e-15,-2.5466322287059917e-08
calibrated|4|0|39,calibrated,4,2,39,0.3,0.5,0.15,0.013624255234926698,optimal,False,0.08635689599759644,9,6,75,0.01362425741713951,optimal,0.0794474580034148,0.5239405149986851,0.013624232453054065,0.0136242324530539,0.013624232453053898,0.013624232453053888,1,0,True,ok,True,-2.278187231398443e-08,0.013624232453054384,0.013624232453053888,1.3624232453053888e-06,0.0,False,False,False,False,-2.2781872810115344e-08,-1.672155462245927e-06,1.2987285350520616e-14,2.182212811494e-09
calibrated|4|0|40,calibrated,4,2,40,0.3,0.5,0.15,0.010492714940201337,optimal,False,0.13707080199674238,8,6,75,0.010492608748208974,optimal,0.11635143400053494,0.690617160005786,0.010492544627778946,0.010492544627778704,0.010492544627778704,0.010492544627778693,1,0,True,ok,True,-1.7031242181483885e-07,0.010492544627779522,0.010492544627778693,1.0492544627778694e-06,0.0,False,False,False,False,-1.7031242264403668e-07,-1.623149238444561e-05,2.4138055779347383e-14,-1.061919923626975e-07
calibrated|4|0|41,calibrated,4,2,41,0.3,0.5,0.15,0.02213177960141814,optimal,False,0.08754586500435835,9,6,75,0.0221317101821965,optimal,0.07169397400139133,0.441856507997727,0.022131662274965387,0.02213166227496442,0.02213166227496441,0.02213166227496441,1,0,True,ok,True,-1.1732645191844804e-07,0.022131662274966223,0.02213166227496441,2.213166227496441e-06,0.0,False,False,False,False,-1.173264537329688e-07,-5.301266136115455e-06,4.420743585797794e-14,-6.941922164188652e-08
calibrated|4|0|42,calibrated,4,2,42,0.3,0.5,0.15,0.044835543158495084,optimal,False,0.13890617799916072,7,6,75,0.044835432399060814,optimal,0.10902140800317284,0.652939243002038,0.044835429890879505,0.04483542989087931,0.04483542989087924,0.04483542989087924,1,0,True,ok,True,-1.1326761523156037e-07,0.04483542989087985,0.04483542989087924,4.483542989087924e-06,0.0,False,False,False,False,-1.1326761584218303e-07,-2.5262907029313413e-06,5.881017958124096e-15,-1.1075943427002466e-07
calibrated|4|0|43,calibrated,4,2,43,0.3,0.5,0.15,0.017819401950641217,optimal,False,0.08955028399941511,10,6,75,0.017819316080774666,optimal,0.07073197099816753,0.45470666400069604,0.01781931141625275,0.017819311416252072,0.017819311416252072,0.01781931141625207,1,0,True,ok,True,-9.053438779563217e-08,0.01781931141625342,0.01781931141625207,1.781931141625207e-06,0.0,False,False,False,False,-9.053438914871648e-08,-5.080663728193115e-06,3.816149719246194e-14,-8.586986655068074e-08
calibrated|4|0|44,calibrated,4,2,44,0.3,0.5,0.15,0.01786828376335365,optimal,False,0.13311618100124178,10,6,75,0.017868315390152198,optimal,0.11259007899934659,0.7223348339975928,0.017868267287095195,0.017868267287091073,0.017868267287091073,0.01786826728709106,1,0,True,ok,True,-1.6476262226089444e-08,0.017868267287091424,0.01786826728709106,1.786826728709106e-06,0.0,False,False,False,False,-1.6476262590381374e-08,-9.220954182613109e-07,2.314483380107293e-13,3.1626798548123336e-08
calibrated|4|0|45,calibrated,4,2,45,0.3,0.5,0.15,0.01016636395341728,optimal,False,0.13629005099937785,10,6,75,0.01016638311133569,optimal,0.12215936400025385,0.8737611269971239,0.010166322679954166,0.010166322679950636,0.010166322679950629,0.010166322679950627,1,0,True,ok,True,-4.12734654821334e-08,0.010166322679951798,0.010166322679950627,1.0166322679950627e-06,0.0,False,False,False,False,-4.1273466653071744e-08,-4.059806125591072e-06,3.480939964626298e-13,1.9157918409659636e-08
calibrated|4|0|46,calibrated,4,2,46,0.3,0.5,0.15,0.014486596632657403,optimal,False,0.1367019520039321,11,6,75,0.014486584703184008,optimal,0.11817578799673356,0.8705510559957474,0.014486568069829285,0.014486568069827946,0.014486568069827935,0.014486568069827928,1,0,True,ok,True,-2.856282121412035e-08,0.014486568069836189,0.014486568069827928,1.4486568069827929e-06,0.0,False,False,False,False,-2.856282947487354e-08,-1.9716728641759672e-06,9.364217609547161e-14,-1.1929473395233536e-08
calibrated|4|0|47,calibrated,4,2,47,0.3,0.5,0.15,0.020543718318945053,optimal,False,0.08499432499957038,8,6,75,0.02054367318164398,optimal,0.07109810499969171,0.4804813469963847,0.020543654811164727,0.020543654811164144,0.020543654811164096,0.020543654811164092,1,0,True,ok,True,-6.350777735641966e-08,0.020543654811167697,0.020543654811164092,2.0543654811164092e-06,0.0,False,False,False,False,-6.350778096117504e-08,-3.0913479232534694e-06,3.09053475656377e-14,-4.513730107388869e-08
calibrated|4|0|48,calibrated,4,2,48,0.3,0.5,0.15,0.021684446257957964,optimal,False,0.09518012799526332,8,6,75,0.02168442601497282,optimal,0.0650814039981924,0.4210044499996002,0.021684348379765003,0.021684348379763185,0.021684348379763164,0.021684348379763164,1,0,True,ok,True,-9.787819374093565e-08,0.021684348379764223,0.021684348379763164,2.1684348379763163e-06,0.0,False,False,False,False,-9.787819479911697e-08,-4.513751176062275e-06,8.479880752383941e-14,-2.0242985142304715e-08
calibrated|4|0|49,calibrated,4,2,49,0.3,0.5,0.15,0.022115815128770977,optimal,False,0.1347196780043305,9,6,75,0.022115836557361705,optimal,0.11238462299661478,0.7063525190023938,0.022115794776277134,0.022115794776276086,0.022115794776276086,0.022115794776276072,1,0,True,ok,True,-2.0352494634057194e-08,0.022115794776276343,0.022115794776276072,2.2115794776276075e-06,0.0,False,False,False,False,-2.0352494904674057e-08,-9.202688115346481e-07,4.8004187868330817e-14,2.142859072823411e-08
calibrated|6|0|0,calibrated,6,2,0,0.3,0.5,0.15,0.01815510241938903,optimal,False,0.20492889800516423,9,10,145,0.018155081085022298,optimal,0.42787468299502507,1.0646133850023034,0.018155044826937142,0.018155044826937142,0.018155044826937142,0.018155044826937142,1,0,True,ok,True,-5.7592448900189996e-08,0.01815504482694013,0.018155044826937142,1.8155044826937142e-06,0.0,False,False,False,False,-5.759245188738382e-08,-3.1722460472531982e-06,0.0,-2.1334366731573517e-08
calibrated|6|0|1,calibrated,6,2,1,0.3,0.5,0.15,0.0017738074496898377,optimal,False,0.1390274639998097,10,10,145,0.0017738059984541293,optimal,0.3078452310001012,0.6812434890016448,0.001773787016609321,0.0017737870166082102,0.0017737870166081326,0.0017737870166081137,1,0,True,ok,True,-2.0433080989137528e-08,0.0017737870166088486,0.0017737870166081137,1e-06,0.0,False,False,False,False,-2.043308172400976e-08,-1.1519334709966758e-05,6.806722159848822e-13,-1.4512357084280059e-09
calibrated|6|0|2,calibrated,6,2,2,0.3,0.5,0.15,0.004818720210727443,optimal,False,0.19070684799953597,10,10,145,0.004818764153144575,optimal,0.5256127190004918,1.2312826229972416,0.0048186788443021124,0.004818678844301253,0.004818678844301225,0.004818678844301207,1,0,True,ok,True,-4.136642459042633e-08,0.004818678844302852,0.004818678844301207,1e-06,0.0,False,False,False,False,-4.136642623581155e-08,-8.584525439705244e-06,1.879199016408429e-13,4.39424171320979e-08
calibrated|6|0|3,calibrated,6,2,3,0.3,0.5,0.15,0.007575468913749256,optimal,False,0.12231685900042066,10,10,145,0.007575459412411203,optimal,0.29585070699977223,0.7332916100058355,0.007575365808437328,0.007575365808436453,0.007575365808436294,0.007575365808436286,1,0,True,ok,True,-1.031053085201461e-07,0.007575365808440736,0.007575365808436286,1e-06,0.0,False,False,False,False,-1.0310531296971182e-07,-1.3610419915073332e-05,1.3751170222881972e-13,-9.501338053136132e-09
calibrated|6|0|4,calibrated,6,2,4,0.3,0.5,0.15,0.004882820499619781,optimal,False,0.12323086900141789,9,10,145,0.004882861046979223,optimal,0.24878952400467824,0.6709130930030369,0.004882784239166784,0.004882784239166784,0.004882784239166764,0.0048827842391667535,1,0,True,ok,True,-3.626043693343711e-08,0.004882784239182847,0.0048827842391667535,1e-06,0.0,False,False,False,False,-3.626045302733416e-08,-7.42612861360718e-06,6.217284922418496e-15,4.0547359442255626e-08
calibrated|6|0|5,calibrated,6,2,5,0.3,0.5,0.15,0.009759570158636084,optimal,False,0.19417024400172522,10,10,145,0.009759607023226143,optimal,0.35920685900055105,1.0652013979997719,0.009759556924314213,0.009759556924313796,0.009759556924313746,0.009759556924313741,1,0,True,ok,True,-1.3234317794430517e-08,0.00975955692431829,0.009759556924313741,1e-06,0.0,False,False,False,False,-1.323432234287547e-08,-1.3560353712058348e-06,4.834694742034819e-14,3.686459005940168e-08
calibrated|6|0|6,calibrated,6,2,6,0.3,0.5,0.15,0.02495788163201527,optimal,False,0.18375259500317043,10,10,145,0.024957938296201812,optimal,0.44271553599537583,0.7846985479991417,0.024957826640981912,0.024957826640979654,0.024957826640979647,0.024957826640979622,1,0,True,ok,True,-5.499103515951842e-08,0.02495782664098011,0.024957826640979622,2.4957826640979624e-06,0.0,False,False,False,False,-5.499103564871044e-08,-2.2033534920756047e-06,9.174817267660558e-14,5.666418654085015e-08
calibrated|6|0|7,calibrated,6,2,7,0.3,0.5,0.15,0.0253932597639469,optimal,False,0.14616071300406475,10,10,145,0.02539333219180875,optimal,0.2620065310038626,0.537321907999285,0.025393251477549093,0.025393251477544898,0.02539325147754472,0.025393251477544614,1,0,True,ok,True,-8.286400711432496e-09,0.02539325147754619,0.025393251477544614,2.5393251477544614e-06,0.0,False,False,False,False,-8.286402286561412e-09,-3.263229047231803e-07,1.7638765240177962e-13,7.242786185038264e-08
calibrated|6|0|8,calibrated,6,2,8,0.3,0.5,0.15,0.008513743516626442,optimal,False,0.18625389100634493,10,10,145,0.008513814986056998,optimal,0.38887979600258404,1.1102312489965698,0.008513713949105156,0.008513713949105156,0.008513713949105026,0.008513713949105018,1,0,True,ok,True,-2.9567519420695132e-08,0.008513713949107021,0.008513713949105018,1e-06,0.0,False,False,False,False,-2.9567521424300747e-08,-3.4729166278686337e-06,1.6300509848904804e-14,7.146943055598431e-08
calibrated|6|0|9,calibrated,6,2,9,0.3,0.5,0.15,0.008044306056932793,optimal,False,0.16986560099758208,10,10,145,0.008044256406842679,optimal,0.2665641939966008,0.7413797289991635,0.00804423759164843,0.008044237591647957,0.008044237591647957,0.008044237591647957,1,0,True,ok,True,-6.846528410528463e-08,0.008044237591648688,0.008044237591647957,1e-06,0.0,False,False,False,False,-6.846528483560321e-08,-8.511024363201354e-06,5.88718947627018e-14,-4.9650090113914636e-08
calibrated|6|0|10,calibrated,6,2,10,0.3,0.5,0.15,0.02623676268749753,optimal,False,0.1433949370039045,9,10,145,0.026236691560907653,optimal,0.36068054999486776,0.7758386729983613,0.02623661996426072,0.02623661996426072,0.026236619964260657,0.026236619964260653,1,0,True,ok,True,-1.4272323542452447e-07,0.026236619964262107,0.026236619964260653,2.6236619964260654e-06,0.0,False,False,False,False,-1.4272323687822275e-07,-5.439818874690432e-06,2.5124994064370243e-15,-7.112658987826204e-08
calibrated|6|0|11,calibrated,6,2,11,0.3,0.5,0.15,0.007213690156747376,optimal,False,0.11400140900514089,12,10,145,0.00721367505061335,optimal,0.3014002990021254,0.7988246180029819,0.007213657026288492,0.007213657026287793,0.00721365702628777,0.00721365702628775,1,0,True,ok,True,-3.313045498359868e-08,0.007213657026292393,0.00721365702628775,1e-06,0.0,False,False,False,False,-3.313045962658606e-08,-4.592720079001071e-06,1.0292444525882245e-13,-1.5106134026825202e-08
calibrated|6|0|12,calibrated,6,2,12,0.3,0.5,0.15,0.0010499897650951865,optimal,False,0.1951077570047346,12,10,145,0.0010499745382081568,optimal,0.4691904409992276,1.3882409350044327,0.0010499008147656721,0.001049900814765462,0.0010499008147652506,0.001049900814765245,1,0,True,ok,True,-8.895032831178831e-08,0.0010499008147668747,0.001049900814765245,1e-06,0.0,False,False,False,False,-8.895032994156102e-08,-8.471542571036134e-05,4.068723920885842e-13,-1.5226887029691147e-08
calibrated|6|0|13,calibrated,6,2,13,0.3,0.5,0.15,0.013761408445784877,optimal,False,0.18598071800079197,9,10,145,0.013761259354803755,optimal,0.41526470399549,1.0710480169946095,0.013761235509358174,0.013761235509355887,0.013761235509355863,0.013761235509355837,1,0,True,ok,True,-1.729364277770068e-07,0.0137612355093571,0.013761235509355837,1.3761235509355838e-06,0.0,False,False,False,False,-1.7293642903988549e-07,-1.2566768127055771e-05,1.6980107059080036e-13,-1.4909098112157737e-07
calibrated|6|0|14,calibrated,6,2,14,0.3,0.5,0.15,0.011878923575628432,optimal,False,0.1254663849977078,10,10,145,0.011878962745211932,optimal,0.28932242000155384,0.7065039079971029,0.01187890687874942,0.011878906878746485,0.011878906878746306,0.011878906878746279,1,0,True,ok,True,-1.669688026381677e-08,0.011878906878748168,0.011878906878746279,1.1878906878746279e-06,0.0,False,False,False,False,-1.6696882152930637e-08,-1.405588818433603e-06,2.644674503354273e-13,3.916958350030919e-08
calibrated|6|0|15,calibrated,6,2,15,0.3,0.5,0.15,0.01105036496924586,optimal,False,0.19727543200133368,10,10,145,0.011050388304891098,optimal,0.3647459700005129,1.0257582170015667,0.011050351844722774,0.011050351844718701,0.0110503518447187,0.0110503518447187,1,0,True,ok,True,-1.312452562601818e-08,0.011050351844720235,0.0110503518447187,1.10503518447187e-06,0.0,False,False,False,False,-1.3124527161248456e-08,-1.1877007861527806e-06,3.6875436206287156e-13,2.3335645237335112e-08
calibrated|6|0|16,calibrated,6,2,16,0.3,0.5,0.15,0.01106010132088193,optimal,False,0.18747137200261932,11,10,145,0.011060083216588086,optimal,0.39436867499898653,0.9664733340032399,0.011060069948911566,0.011060069948911497,0.011060069948911426,0.011060069948911413,1,0,True,ok,True,-3.1371968184715215e-08,0.011060069948913745,0.011060069948911413,1.1060069948911414e-06,0.0,False,False,False,False,-3.137197051618357e-08,-2.836499377899187e-06,1.3802414143048358e-14,-1.8104293843593244e-08
calibrated|6|0|17,calibrated,6,2,17,0.3,0.5,0.15,0.014747586169799234,optimal,False,0.11680014800367644,9,10,145,0.014747464329418243,optimal,0.26634496900078375,0.6809016059996793,0.014747446876095143,0.014747446876094854,0.014747446876094854,0.014747446876094831,1,0,True,ok,True,-1.3929370023570142e-07,0.014747446876098998,0.014747446876094831,1.4747446876094832e-06,0.0,False,False,False,False,-1.392937044025072e-07,-9.44518667656671e-06,2.117317175639219e-14,-1.2184038099098682e-07
calibrated|6|0|18,calibrated,6,2,18,0.3,0.5,0.15,0.01835376490383929,optimal,False,0.112543695999193,10,10,145,0.01835374753904876,optimal,0.36359158000414027,0.9264579029986635,0.01835372253844925,0.018353722538449073,0.01835372253844907,0.01835372253844907,1,0,True,ok,True,-4.236538705959525e-08,0.01835372253845223,0.01835372253844907,1.835372253844907e-06,0.0,False,False,False,False,-4.236539022026142e-08,-2.3082670199943183e-06,9.829681206286401e-15,-1.7364790529106333e-08
calibrated|6|0|19,calibrated,6,2,19,0.3,0.5,0.15,0.003392101926248352,optimal,False,0.1776055809968966,10,10,145,0.0033921044710893524,optimal,0.4437694709995412,1.2413317269965773,0.003392079699387224,0.0033920796993856923,0.0033920796993856923,0.003392079699385687,1,0,True,ok,True,-2.2226856417895124e-08,0.0033920796993919342,0.003392079699385687,1e-06,0.0,False,False,False,False,-2.2226862665068042e-08,-6.552533841355068e-06,4.531040352600792e-13,2.5448410002557043e-09
calibrated|6|0|20,calibrated,6,2,20,0.3,0.5,0.15,0.013472133562340297,optimal,False,0.12591737699403893,10,10,145,0.0134721441145941,optimal,0.3078694229989196,0.9199801210052101,0.013472114743890803,0.013472114743887272,0.013472114743887268,0.013472114743887256,1,0,True,ok,True,-1.8818447283103223e-08,0.013472114743893013,0.013472114743887256,1.3472114743887256e-06,0.0,False,False,False,False,-1.881845304065044e-08,-1.3968428202979763e-06,2.63322394131344e-13,1.0552253803391975e-08
calibrated|6|0|21,calibrated,6,2,21,0.3,0.5,0.15,0.010530270482325655,optimal,False,0.19875161999516422,10,10,145,0.010530172888671802,optimal,0.4152713310031686,1.0597886699979426,0.010530123377170887,0.010530123377169331,0.010530123377169319,0.010530123377169302,1,0,True,ok,True,-1.471051554978453e-07,0.010530123377170157,0.010530123377169302,1.0530123377169303e-06,0.0,False,False,False,False,-1.4710515635306398e-07,-1.396974148004745e-05,1.5057157454398454e-13,-9.759365385275665e-08
calibrated|6|0|22,calibrated,6,2,22,0.3,0.5,0.15,0.007899344682834401,optimal,False,0.13644509499863489,10,10,145,0.007899260318515615,optimal,0.28752483000425855,0.7250253189995419,0.007899209407572185,0.007899209407572185,0.007899209407572036,0.007899209407572029,1,0,True,ok,True,-1.3527525933275386e-07,0.007899209407575068,0.007899209407572029,1e-06,0.0,False,False,False,False,-1.352752623719894e-07,-1.7124871467622885e-05,1.9764650458342595e-14,-8.436431878609818e-08
calibrated|6|0|23,calibrated,6,2,23,0.3,0.5,0.15,0.01640187860326475,optimal,False,0.1968232250001165,10,10,145,0.01640187937196072,optimal,0.4165283359980094,1.0307356569974218,0.016401868758771074,0.016401868758771074,0.01640186875876998,0.016401868758769877,1,0,True,ok,True,-9.844493973482082e-09,0.016401868758770775,0.016401868758769877,1.6401868758769878e-06,0.0,False,False,False,False,-9.844494872068843e-09,-6.002053246577086e-07,7.29770013422402e-14,7.686959714592323e-10
calibrated|6|0|24,calibrated,6,2,24,0.3,0.5,0.15,0.02438088731931546,optimal,False,0.11273086100118235,9,10,145,0.024380890525276838,optimal,0.236559541997849,0.4523011370038148,0.02438088284486905,0.02438088284486774,0.024380882844867682,0.024380882844867644,1,0,True,ok,True,-4.474446601426818e-09,0.02438088284486886,0.024380882844867644,2.4380882844867647e-06,0.0,False,False,False,False,-4.474447815733251e-09,-1.8352276343069863e-07,5.763228610226488e-14,3.205961378316413e-09
calibrated|6|0|25,calibrated,6,2,25,0.3,0.5,0.15,0.02315221578005597,optimal,False,0.1843064200002118,10,10,145,0.0231521994090448,optimal,0.3930934210002306,0.7975817529950291,0.02315219630877499,0.02315219630877499,0.023152196308774853,0.023152196308774853,1,0,True,ok,True,-1.9471280494204324e-08,0.023152196308775477,0.023152196308774853,2.315219630877485e-06,0.0,False,False,False,False,-1.9471281118704775e-08,-8.410115603482727e-07,5.9941560717307295e-15,-1.637101117168971e-08
calibrated|6|0|26,calibrated,6,2,26,0.3,0.5,0.15,0.014841970063473767,optimal,False,0.11337868199916556,10,10,145,0.014841876890275083,optimal,0.2760129460002645,0.6898180360003607,0.014841861429504923,0.014841861429504763,0.014841861429504763,0.014841861429504763,1,0,True,ok,True,-1.0863396721592922e-07,0.014841861429506551,0.014841861429504763,1.4841861429504765e-06,0.0,False,False,False,False,-1.0863396900442912e-07,-7.319376642038807e-06,1.0753001606159824e-14,-9.317319868418217e-08
calibrated|6|0|27,calibrated,6,2,27,0.3,0.5,0.15,0.017138411303688348,optimal,False,0.18844824099505786,9,10,145,0.017138337072666546,optimal,0.42802587900223443,1.039695773004496,0.017138330688485404,0.01713833068848432,0.017138330688484266,0.017138330688484266,1,0,True,ok,True,-8.061520071281358e-08,0.017138330688487635,0.017138330688484266,1.7138330688484266e-06,0.0,False,False,False,False,-8.061520408164657e-08,-4.703773450943928e-06,6.639961737962179e-14,-7.423102180159624e-08
calibrated|6|0|28,calibrated,6,2,28,0.3,0.5,0.15,0.014922903113209209,optimal,False,0.1133668629991007,9,10,145,0.014922877680734392,optimal,0.27032054099981906,0.6718829829987953,0.014922853007040769,0.014922853007040769,0.014922853007040769,0.014922853007040746,1,0,True,ok,True,-5.010616421254055e-08,0.014922853007044996,0.014922853007040746,1.4922853007040747e-06,0.0,False,False,False,False,-5.0106168462613065e-08,-3.3576689523810493e-06,1.511199311355444e-15,-2.5432474817094208e-08
calibrated|6|0|29,calibrated,6,2,29,0.3,0.5,0.15,0.009107615692035265,optimal,False,0.18977397099661175,11,10,145,0.009107673409804276,optimal,0.4312322920013685,1.2400519200018607,0.009107562477580664,0.00910756247758057,0.00910756247758057,0.009107562477580551,1,0,True,ok,True,-5.321444291467303e-08,0.00910756247759235,0.009107562477580551,1e-06,0.0,False,False,False,False,-5.3214454714262116e-08,-5.8428524559725205e-06,1.2380593184626351e-14,5.771776901038195e-08
calibrated|6|0|30,calibrated,6,2,30,0.3,0.5,0.15,0.013833528392851329,optimal,False,0.17464485300297383,9,10,145,0.013833464924385114,optimal,0.410534031005227,1.0414195539997309,0.013833401320667144,0.013833401320662372,0.01383340132066227,0.01383340132066227,1,0,True,ok,True,-1.2707218675564458e-07,0.013833401320664573,0.01383340132066227,1.383340132066227e-06,0.0,False,False,False,False,-1.2707218905935735e-07,-9.185811851517485e-06,3.523770368906972e-13,-6.34684662152718e-08
calibrated|6|0|31,calibrated,6,2,31,0.3,0.5,0.15,0.011384039410454898,optimal,False,0.11989857500157086,11,10,145,0.011384036077066867,optimal,0.26138733699917793,0.6990350260020932,0.011384022566773263,0.011384022566772433,0.01138402256677238,0.01138402256677238,1,0,True,ok,True,-1.6843679759986907e-08,0.011384022566775138,0.01138402256677238,1.1384022566772381e-06,0.0,False,False,False,False,-1.6843682518197234e-08,-1.4795875093974375e-06,7.756258774902775e-14,-3.3333880308794583e-09
calibrated|6|0|32,calibrated,6,2,32,0.3,0.5,0.15,0.009680511807662903,optimal,False,0.11525289600103861,11,10,145,0.009680468280325743,optimal,0.2604497540014563,0.7674067650004872,0.009680429655734603,0.009680429655734579,0.009680429655734579,0.009680429655734556,1,0,True,ok,True,-8.215192467270205e-08,0.00968042965573823,0.009680429655734556,1e-06,0.0,False,False,False,False,-8.215192834684637e-08,-8.486320762691134e-06,4.8383734521151e-15,-4.352733715996815e-08
calibrated|6|0|33,calibrated,6,2,33,0.3,0.5,0.15,0.010038917495323587,optimal,False,0.23169935300393263,10,10,145,0.01003878145777426,optimal,0.38076169099804247,1.188157800002955,0.010038774499862626,0.010038774499862626,0.010038774499862613,0.010038774499862589,1,0,True,ok,True,-1.4299545843081407e-07,0.010038774499865157,0.010038774499862589,1.003877449986259e-06,0.0,False,False,False,False,-1.4299546099820482e-07,-1.4244111585219837e-05,3.628848620517534e-15,-1.3603754932776935e-07
calibrated|6|0|34,calibrated,6,2,34,0.3,0.5,0.15,0.003208183056406339,optimal,False,0.18263909900269937,11,10,145,0.0032081138478821684,optimal,0.45279584700620035,1.3117496090053464,0.0035252083919783445,0.0032081015931504906,0.003208101593150454,0.0032081015931504494,2,0,False,ok,True,-8.146325325333187e-08,0.0032081015931530858,0.0032081015931504494,1e-06,0.53,True,False,False,False,-8.146325588967787e-08,-2.5392334058683456e-05,0.09884562244068054,-6.920852417069759e-08
calibrated|6|0|35,calibrated,6,2,35,0.3,0.5,0.15,-0.0005365680426150208,optimal,False,0.11222148200613447,11,10,145,-0.0005365954286627413,optimal,0.2852411569983815,0.882867428001191,-0.000536667779113818,-0.0005366677791138951,-0.0005366677791139092,-0.0005366677791139156,1,0,True,ok,True,-9.973649539184084e-08,-0.0005366677791104127,-0.0005366677791139156,1e-06,0.0,False,False,False,False,-9.973649889478964e-08,-9.973649889478964e-05,9.768661574094395e-14,-2.7386047720475044e-08
calibrated|6|0|36,calibrated,6,2,36,0.3,0.5,0.15,0.01391414431825971,optimal,False,0.18009533199801808,9,10,145,0.013914075627614318,optimal,0.38771191599516897,1.0879121780017158,0.013914033687761833,0.013914033687760624,0.013914033687760622,0.013914033687760605,1,0,True,ok,True,-1.106304934415242e-07,0.013914033687766269,0.013914033687760605,1.3914033687760606e-06,0.0,False,False,False,False,-1.1063049910539635e-07,-7.950938022125769e-06,8.826945863096079e-14,-6.869064539220815e-08
calibrated|6|0|37,calibrated,6,2,37,0.3,0.5,0.15,0.01564480855724411,optimal,False,0.1993693920012447,11,10,145,0.01564495400934953,optimal_inaccurate,0.4905513600024278,1.1064271180002834,0.015644795762502384,0.015644795762499504,0.015644795762499424,0.0156447957624994,1,0,True,ok,True,-1.2794742178939833e-08,0.015644795762501933,0.0156447957624994,1.56447957624994e-06,0.0,False,False,False,False,-1.2794744711636108e-08,-8.178268634493248e-07,1.9071673571042072e-13,1.454521054190805e-07
calibrated|6|0|38,calibrated,6,2,38,0.3,0.5,0.15,0.016742711046391454,optimal,False,0.11798349899618188,10,10,145,0.016742732991620508,optimal,0.2793018129959819,0.6471069100007298,0.016742687850257836,0.016742687850257672,0.01674268785025759,0.01674268785025759,1,0,True,ok,True,-2.3196133385611217e-08,0.016742687850258068,0.01674268785025759,1.674268785025759e-06,0.0,False,False,False,False,-2.3196133864394897e-08,-1.3854467057409048e-06,1.47127352425027e-14,2.1945229054104454e-08
calibrated|6|0|39,calibrated,6,2,39,0.3,0.5,0.15,0.018786766448983413,optimal,False,0.1818352379996213,10,10,145,0.01878679179096559,optimal,0.38368256200192263,1.0220842030030326,0.018786749903311677,0.01878674990331096,0.01878674990331094,0.018786749903310935,1,0,True,ok,True,-1.6545671527312678e-08,0.018786749903311886,0.018786749903310935,1.8786749903310936e-06,0.0,False,False,False,False,-1.6545672477941142e-08,-8.807089034119791e-07,3.9520494579385636e-14,2.5341982175935973e-08
calibrated|6|0|40,calibrated,6,2,40,0.3,0.5,0.15,0.006942901573537236,optimal,False,0.11045815200486686,11,10,145,0.006942988937581596,optimal,0.2884083940007258,0.695701074997487,0.006942859782702817,0.006942859782702817,0.006942859782701828,0.006942859782701784,1,0,True,ok,True,-4.179082968135822e-08,0.006942859782707555,0.006942859782701784,1e-06,0.0,False,False,False,False,-4.1790835452783226e-08,-6.01921761530775e-06,1.4878996008503436e-13,8.736404435993883e-08
calibrated|6|0|41,calibrated,6,2,41,0.3,0.5,0.15,0.013737293852697598,optimal,False,0.11933482599852141,10,10,145,0.013737295382564527,optimal,0.26150803600467043,0.7044117769983131,0.013737245179100046,0.013737245179099569,0.01373724517909943,0.013737245179099402,1,0,True,ok,True,-4.8673596424186893e-08,0.013737245179101173,0.013737245179099402,1.3737245179099404e-06,0.0,False,False,False,False,-4.867359819533956e-08,-3.5431722373603814e-06,4.6849452069660736e-14,1.5298669293201117e-09
calibrated|6|0|42,calibrated,6,2,42,0.3,0.5,0.15,0.025376591694675574,optimal,False,0.17913566800416447,9,10,145,0.02537644755197593,optimal,0.37521003899746574,0.8179793490053271,0.025376438998749785,0.025376438998749785,0.025376438998749785,0.025376438998749785,1,0,True,ok,True,-1.526959215736312e-07,0.025376438998754,0.025376438998749785,2.537643899874979e-06,0.0,False,False,False,False,-1.5269592578900926e-07,-6.017195990155264e-06,0.0,-1.441426996443007e-07
calibrated|6|0|43,calibrated,6,2,43,0.3,0.5,0.15,0.022583956388862708,optimal,False,0.1803748079983052,10,10,145,0.022583950463817552,optimal,0.4255619379982818,0.4923502279998502,0.02258393103838962,0.02258393103838962,0.02258393103838902,0.02258393103838901,1,0,True,ok,True,-2.5350471912627404e-08,0.022583931038390796,0.02258393103838901,2.258393103838901e-06,0.0,False,False,False,False,-2.5350473699392584e-08,-1.1224992318836651e-06,2.7037926324955424e-14,-5.925045155896758e-09
calibrated|6|0|44,calibrated,6,2,44,0.3,0.5,0.15,0.012689721702281156,optimal,False,0.18967720300133806,10,10,145,0.012689730797188053,optimal,0.39659937100077514,1.0291968439996708,0.012689701246624904,0.01268970124662424,0.012689701246624038,0.012689701246624038,1,0,True,ok,True,-2.0455642847985733e-08,0.012689701246638308,0.012689701246624038,1.2689701246624038e-06,0.0,False,False,False,False,-2.0455657117821047e-08,-1.6119862671333332e-06,6.821492466126559e-14,9.09490689704473e-09
calibrated|6|0|45,calibrated,6,2,45,0.3,0.5,0.15,0.00648617997356968,optimal,False,0.16281418599828612,10,10,145,0.006486237988197789,optimal,0.3137900349975098,0.9859101009933511,0.006486161314543032,0.0064861613145423365,0.006486161314542325,0.006486161314542276,1,0,True,ok,True,-1.8659027004909456e-08,0.006486161314542675,0.006486161314542276,1e-06,0.0,False,False,False,False,-1.8659027403895856e-08,-2.8767359955981655e-06,1.16608175290081e-13,5.8014628109316624e-08
calibrated|6|0|46,calibrated,6,2,46,0.3,0.5,0.15,0.02510241403360743,optimal,False,0.11126311700354563,9,10,145,0.02510247954595613,optimal,0.31654570599494036,0.5000729819948901,0.02510237865852324,0.025102378658522717,0.025102378658522717,0.025102378658522717,1,0,True,ok,True,-3.537508397669087e-08,0.025102378658523453,0.025102378658522717,2.510237865852272e-06,0.0,False,False,False,False,-3.537508471221362e-08,-1.4092303897486916e-06,2.0869993910602043e-14,6.551234870214029e-08
calibrated|6|0|47,calibrated,6,2,47,0.3,0.5,0.15,0.016429782920900263,optimal,False,0.1942808870007866,10,10,145,0.01642974572823404,optimal,0.3700226159999147,0.9423992510055541,0.016429712043753052,0.016429712043753007,0.01642971204375287,0.016429712043752848,1,0,True,ok,True,-7.087714651299315e-08,0.01642971204375375,0.016429712043752848,1.6429712043752849e-06,0.0,False,False,False,False,-7.087714741504936e-08,-4.313943023853761e-06,1.2458974912046395e-14,-3.719266622112527e-08
calibrated|6|0|48,calibrated,6,2,48,0.3,0.5,0.15,0.006268663955542287,optimal,False,0.11574238000321202,10,10,145,0.006268666117846934,optimal,0.2723703960000421,0.7727386670012493,0.0062686473688904135,0.006268647368889059,0.0062686473688890396,0.0062686473688890396,1,0,True,ok,True,-1.6586631599452284e-08,0.006268647368910687,0.0062686473688890396,1e-06,0.0,False,False,False,False,-1.658665324706654e-08,-2.645963057630782e-06,2.191702471241608e-13,2.1623046469673723e-09
calibrated|6|0|49,calibrated,6,2,49,0.3,0.5,0.15,0.00876915866879821,optimal,False,0.19262289800099097,11,10,145,0.008769083829760325,optimal,0.416630747000454,1.1068782920046942,0.00876907910603294,0.00876907910603294,0.00876907910603294,0.008769079106032888,1,0,True,ok,True,-7.956276401946405e-08,0.008769079106034191,0.008769079106032888,1e-06,0.0,False,False,False,False,-7.956276532224138e-08,-9.073021520905522e-06,5.934682952455171e-15,-7.483903788525759e-08
calibrated|8|0|0,calibrated,8,2,0,0.3,0.5,0.15,0.0176077706773859,optimal,False,0.3863075570043293,10,15,257,0.017607655893770925,optimal,3.6149742729976424,0.6815243879973423,0.01760763031491588,0.01760763031491353,0.01760763031491353,0.017607630314913414,1,0,True,ok,True,-1.403624694251704e-07,0.017607630314916474,0.017607630314913414,1.7607630314913416e-06,0.0,False,False,False,False,-1.403624724852226e-07,-7.971620885856585e-06,1.4009703399722646e-13,-1.1478361497396783e-07
calibrated|8|0|1,calibrated,8,2,1,0.3,0.5,0.15,0.009359958885026838,optimal,False,0.23726211699977284,12,15,257,0.009359933440880288,optimal,3.398065723995387,0.988604841993947,0.009359866377914259,0.009359866377913766,0.009359866377913622,0.009359866377913556,1,0,True,ok,True,-9.250710848555943e-08,0.009359866377918353,0.009359866377913556,1e-06,0.0,False,False,False,False,-9.250711328206984e-08,-9.883282012066723e-06,7.50612219666343e-14,-2.544414655011873e-08
calibrated|8|0|2,calibrated,8,2,2,0.3,0.5,0.15,0.0009493945621762041,optimal,False,0.19214187599573052,12,15,257,0.0009493063151960399,optimal,2.783356908999849,0.9150210109946784,0.0009492676520041175,0.0009492676520034271,0.0009492676520033855,0.0009492676520033785,1,0,True,ok,True,-1.2691016517893394e-07,0.0009492676520110252,0.0009492676520033785,1e-06,0.0,False,False,False,False,-1.2691017282559502e-07,-0.00012691017282559502,7.389922007661198e-13,-8.824698016426935e-08
calibrated|8|0|3,calibrated,8,2,3,0.3,0.5,0.15,0.005939713592750943,optimal,False,0.2442139800041332,14,15,257,0.005939517107263464,optimal,2.7197575620011776,1.2744164760006242,0.005939496087358136,0.005939496087358136,0.005939496087358125,0.005939496087358112,1,0,True,ok,True,-2.1750539233502536e-07,0.005939496087358608,0.005939496087358112,1e-06,0.0,False,False,False,False,-2.1750539283115627e-07,-3.66188351398977e-05,4.0889207276972496e-15,-1.9648548747926153e-07
calibrated|8|0|4,calibrated,8,2,4,0.3,0.5,0.15,0.007122359333693571,optimal,False,0.15366008199634962,10,15,257,0.007122213701998411,optimal,2.1807571280005504,0.6208990560044185,0.007122106508786766,0.007122106508783555,0.0071221065087830205,0.007122106508782807,1,0,True,ok,True,-2.528249093101953e-07,0.007122106508784261,0.007122106508782807,1e-06,0.0,False,False,False,False,-2.5282491076389357e-07,-3.549735402535238e-05,5.558241746732343e-13,-1.4563169515972862e-07
calibrated|8|0|5,calibrated,8,2,5,0.3,0.5,0.15,0.018993795313810635,optimal,False,0.2634144420007942,11,15,257,0.018993803759671864,optimal,2.7591741100040963,0.9716497199988225,0.018993790684532195,0.018993790684532195,0.018993790684531844,0.018993790684531844,1,0,True,ok,True,-4.629278495260625e-09,0.01899379068453214,0.018993790684531844,1.8993790684531845e-06,0.0,False,False,False,False,-4.629278790163616e-09,-2.437258438179339e-07,1.8448878792408993e-14,8.445861229139373e-09
calibrated|8|0|6,calibrated,8,2,6,0.3,0.5,0.15,0.007021510023102121,optimal,False,0.3019986360013718,11,15,257,0.007021540399810901,optimal,2.420775822996802,1.3505204640023294,0.007021489001957196,0.007021489001957196,0.007021489001956904,0.007021489001956604,1,0,True,ok,True,-2.102114165895841e-08,0.007021489001960462,0.007021489001956604,1e-06,0.0,False,False,False,False,-2.102114551698342e-08,-2.9938211934213296e-06,8.437071778948875e-14,3.0376708780310846e-08
calibrated|8|0|7,calibrated,8,2,7,0.3,0.5,0.15,0.01712447948081089,optimal,False,0.1656217369963997,11,15,257,0.01712452210407808,optimal,1.9352639939970686,1.066825683999923,0.01712447459001358,0.01712447459001358,0.017124474590013358,0.017124474590013358,1,0,True,ok,True,-4.890797603712693e-09,0.017124474590013285,0.017124474590013285,1.7124474590013286e-06,0.0,False,False,False,False,-4.890797530854307e-09,-2.856026973745257e-07,1.7221140967912664e-14,4.2623267190039504e-08
calibrated|8|0|8,calibrated,8,2,8,0.3,0.5,0.15,0.004780621731535404,optimal,False,0.2348615160008194,12,15,257,0.004780633067625783,optimal,2.372326331002114,0.9448437280007056,0.0047805270667975915,0.0047805270667975915,0.0047805270667975915,0.0047805270667975845,2,0,True,ok,True,-9.466473391978036e-08,0.004780527066801484,0.0047805270667975845,1e-06,0.3,False,False,False,False,-9.466473781943874e-08,-1.9801762853350675e-05,1.4514913956036874e-15,1.1336090378899488e-08
calibrated|8|0|9,calibrated,8,2,9,0.3,0.5,0.15,0.0024687675369738683,optimal,False,0.3113990949932486,12,15,257,0.002468668081800348,optimal,3.3288239680041443,1.8043828219961142,0.002468648413213953,0.0024686484132131307,0.0024686484132127456,0.0024686484132127456,1,0,True,ok,True,-1.1912374528466607e-07,0.0024686484132285837,0.0024686484132127456,1e-06,0.0,False,False,False,False,-1.1912376112269141e-07,-4.8252319968817024e-05,4.890803942828647e-13,-9.945517352033528e-08
calibrated|8|0|10,calibrated,8,2,10,0.3,0.5,0.15,0.01179925357154187,optimal,False,0.3113400259971968,11,15,257,0.011799157928040559,optimal,2.8589676580013474,1.302646681004262,0.011799030397453452,0.01179903039744402,0.01179903039744402,0.01179903039744402,1,0,True,ok,True,-2.2317409384062237e-07,0.01179903039744803,0.01179903039744402,1.179903039744402e-06,0.0,False,False,False,False,-2.2317409784956832e-07,-1.8914255592220906e-05,7.993615764333527e-13,-9.564350131156807e-08
calibrated|8|0|11,calibrated,8,2,11,0.3,0.5,0.15,0.0054921991469379415,optimal,False,0.332381964995875,11,15,257,0.005492097190681805,optimal,2.7461689749979996,0.8995883379975567,0.005492068639633479,0.005492068639632083,0.005492068639631699,0.005492068639631514,1,0,True,ok,True,-1.3050730475385602e-07,0.005492068639633188,0.005492068639631514,1e-06,0.0,False,False,False,False,-1.3050730642786418e-07,-2.3762304121951903e-05,3.5786910675129367e-13,-1.0195625613652198e-07
calibrated|8|0|12,calibrated,8,2,12,0.3,0.5,0.15,0.011347914168201773,optimal,False,0.32871200799854705,12,15,257,0.011347942526972136,optimal,2.1721646770020016,1.298346686999139,0.01134790347208208,0.01134790347208208,0.01134790347208208,0.01134790347208208,1,0,True,ok,True,-1.0696116230571318e-08,0.011347903472085542,0.01134790347208208,1.134790347208208e-06,0.0,False,False,False,False,-1.0696119693079376e-08,-9.425626185163786e-07,0.0,2.8358770363251518e-08
calibrated|8|0|13,calibrated,8,2,13,0.3,0.5,0.15,0.014379403996990395,optimal,False,0.3638013689997024,11,15,257,0.01437938991252549,optimal,2.0901116669992916,1.4637282229959965,0.014379381525058639,0.014379381525055756,0.014379381525055756,0.014379381525055687,1,0,True,ok,True,-2.2471931397302636e-08,0.014379381525058998,0.014379381525055687,1.4379381525055687e-06,0.0,False,False,False,False,-2.247193470888975e-08,-1.5627862402080865e-06,2.0532867501761983e-13,-1.4084464905125826e-08
calibrated|8|0|14,calibrated,8,2,14,0.3,0.5,0.15,-0.0005169235267889066,optimal,False,0.20371063800121192,11,15,257,-0.0005169666433357742,optimal,1.6731889000002411,1.0325513970019529,-0.0005171104910488833,-0.0005171104910496951,-0.0005171104910496951,-0.0005171104910497507,1,0,True,ok,True,-1.8696425424513663e-07,-0.0005171104910431518,-0.0005171104910497507,1e-06,0.0,False,False,False,False,-1.8696426084402473e-07,-0.00018696426084402473,8.673617379884035e-13,-4.3116546867560945e-08
calibrated|8|0|15,calibrated,8,2,15,0.3,0.5,0.15,0.006341574186373494,optimal,False,0.23909538299631095,11,15,257,0.006341549249853907,optimal,1.9795876939970185,1.0564025200001197,0.006341503229664079,0.006341503229660019,0.006341503229660019,0.006341503229659774,1,0,True,ok,True,-7.09567094404201e-08,0.0063415032296640535,0.006341503229659774,1e-06,0.0,False,False,False,False,-7.095671371998291e-08,-1.1189132482665218e-05,6.788163862320382e-13,-2.493651958708487e-08
calibrated|8|0|16,calibrated,8,2,16,0.3,0.5,0.15,0.014438824920983376,optimal,False,0.29558780600200407,10,15,257,0.014438773271495389,optimal,2.5520240109981387,0.9628144820017042,0.014438751935549297,0.014438751935546681,0.014438751935546681,0.014438751935546437,1,0,True,ok,True,-7.298543490755205e-08,0.014438751935548468,0.014438751935546437,1.4438751935546437e-06,0.0,False,False,False,False,-7.298543693891324e-08,-5.054804482935892e-06,1.9811677800512725e-13,-5.1649487986873965e-08
calibrated|8|0|17,calibrated,8,2,17,0.3,0.5,0.15,0.01986675783574507,optimal,False,0.28517768299934687,10,15,257,0.019866826105298864,optimal,2.2448318470051163,0.9261701450013788,0.019866733105322942,0.0198667331053201,0.0198667331053201,0.019866733105320077,1,0,True,ok,True,-2.4730421526591995e-08,0.019866733105323543,0.019866733105320077,1.9866733105320078e-06,0.0,False,False,False,False,-2.47304249925695e-08,-1.244814337449341e-06,1.4424934221048492e-13,6.8269553794853e-08
calibrated|8|0|18,calibrated,8,2,18,0.3,0.5,0.15,0.020016531563744912,optimal,False,0.30706977900263155,11,15,257,0.020016534327810705,optimal,3.075891729997238,1.0150546580043738,0.0200165142925857,0.020016514292583977,0.02001651429258381,0.020016514292583797,1,0,True,ok,True,-1.7271159318682505e-08,0.020016514292585594,0.020016514292583797,2.00165142925838e-06,0.0,False,False,False,False,-1.7271161115856026e-08,-8.628448470632416e-07,9.515774568843105e-14,2.7640657922212153e-09
calibrated|8|0|19,calibrated,8,2,19,0.3,0.5,0.15,0.010359487003452093,optimal,False,0.21799226499570068,11,15,257,0.010359390776515352,optimal,1.8567944909955258,0.9233292310018442,0.010359313254016383,0.010359313254014823,0.010359313254014794,0.010359313254014742,1,0,True,ok,True,-1.7374943272856214e-07,0.010359313254019365,0.010359313254014742,1.0359313254014743e-06,0.0,False,False,False,False,-1.737494373516002e-07,-1.6772011711941107e-05,1.5841285691771824e-13,-9.622693674174454e-08
calibrated|8|0|20,calibrated,8,2,20,0.3,0.5,0.15,0.009956693049363658,optimal,False,0.33446613699925365,12,15,257,0.009956683954978875,optimal,2.618264050994185,1.4818276449950645,0.009956658856953559,0.00995665885694617,0.00995665885694617,0.009956658856946167,1,0,True,ok,True,-3.4192412328576394e-08,0.00995665885695133,0.009956658856946167,1e-06,0.0,False,False,False,False,-3.419241749111346e-08,-3.4341138490051902e-06,7.423832469644631e-13,-9.094384783442377e-09
calibrated|8|0|21,calibrated,8,2,21,0.3,0.5,0.15,0.010974783853286214,optimal,False,0.20565304300544085,11,15,257,0.010974753216746628,optimal,2.1127893719967688,1.4207775780014344,0.010974738727513304,0.010974738727504594,0.010974738727504521,0.010974738727504027,1,0,True,ok,True,-4.512577550172536e-08,0.010974738727510713,0.010974738727504027,1.0974738727504028e-06,0.0,False,False,False,False,-4.512578218734964e-08,-4.111769561077732e-06,8.453323017407168e-13,-3.0636539586487155e-08
calibrated|8|0|22,calibrated,8,2,22,0.3,0.5,0.15,0.008914979459173897,optimal,False,0.329938160997699,12,15,257,0.008914978745110663,optimal,2.852453498999239,1.4953400300000794,0.008914952945049326,0.008914952945048097,0.008914952945048,0.008914952945047995,1,0,True,ok,True,-2.6514116667833432e-08,0.008914952945057229,0.008914952945047995,1e-06,0.0,False,False,False,False,-2.6514125901766494e-08,-2.9741095897290395e-06,1.4924732797532988e-13,-7.140632338892283e-10
calibrated|8|0|23,calibrated,8,2,23,0.3,0.5,0.15,0.016741376878548563,optimal,False,0.3108709970038035,11,15,257,0.016741410206951777,optimal,2.196177154997713,0.6337903949970496,0.016741365277336148,0.016741365277335007,0.01674136527733467,0.01674136527733467,1,0,True,ok,True,-1.1601213285167278e-08,0.016741365277335277,0.01674136527733467,1.674136527733467e-06,0.0,False,False,False,False,-1.1601213892320494e-08,-6.929665329490086e-07,8.828338531823397e-14,3.332840321432218e-08
calibrated|8|0|24,calibrated,8,2,24,0.3,0.5,0.15,0.005496875737337814,optimal,False,0.21507124699564883,12,15,257,0.005496799196199678,optimal,1.8754900529966108,0.9623597730023903,0.005496788406897624,0.0054967884068913425,0.005496788406891086,0.005496788406891046,1,0,True,ok,True,-8.733044621830888e-08,0.005496788406891596,0.005496788406891046,1e-06,0.0,False,False,False,False,-8.733044676821622e-08,-1.588728778695498e-05,1.1967117767635837e-12,-7.654113813593266e-08
calibrated|8|0|25,calibrated,8,2,25,0.3,0.5,0.15,0.00860138391999227,optimal,False,0.32377111500682076,11,15,257,0.008601350994205883,optimal,2.5074029109964613,1.4928003379973234,0.008601318636624935,0.008601318636622,0.008601318636620373,0.008601318636620373,1,0,True,ok,True,-6.528336961644787e-08,0.008601318636622654,0.008601318636620373,1e-06,0.0,False,False,False,False,-6.528337189760924e-08,-7.589868386861623e-06,5.304213149824233e-13,-3.292578638729171e-08
calibrated|8|0|26,calibrated,8,2,26,0.3,0.5,0.15,-0.0017963320685060041,optimal,False,0.29780727899924386,11,15,257,-0.001796215019173146,optimal,2.8711640470064594,1.477360763004981,-0.0017963548829216802,-0.001796354882921701,-0.001796354882921715,-0.0017963548829217288,2,0,True,ok,True,-2.2814411894389597e-08,-0.0017963548829178985,-0.0017963548829217288,1e-06,0.47,False,False,False,False,-2.2814415724659032e-08,-1.2700555829654374e-05,2.7039343834080806e-14,1.1704933285811014e-07
calibrated|8|0|27,calibrated,8,2,27,0.3,0.5,0.15,0.005688856835054783,optimal,False,0.19023585200193338,11,15,257,0.005688917564570851,optimal,2.2573498519996065,1.06066766299773,0.005688833021870678,0.005688833021870678,0.005688833021870654,0.005688833021870609,2,0,True,ok,True,-2.381318017687789e-08,0.005688833021874606,0.005688833021870609,1e-06,0.2,False,False,False,False,-2.381318417368078e-08,-4.185934866025058e-06,1.2044926795645784e-14,6.072951606785754e-08
calibrated|8|0|28,calibrated,8,2,28,0.3,0.5,0.15,0.00924268015911089,optimal,False,0.2899376569985179,11,15,257,0.00924256797399933,optimal,2.7324261130052037,1.3299602510014665,0.00924253666201963,0.009242536662017915,0.009242536662017915,0.009242536662017908,1,0,True,ok,True,-1.434970914263728e-07,0.009242536662019464,0.009242536662017908,1e-06,0.0,False,False,False,False,-1.4349709298241975e-07,-1.552548508789074e-05,1.8618759666280655e-13,-1.1218511156152466e-07
calibrated|8|0|29,calibrated,8,2,29,0.3,0.5,0.15,0.005453081390046118,optimal,False,0.22181851899949834,12,15,257,0.005452997616614659,optimal,2.2036052839976037,1.1349898659973405,0.00625743008100155,0.0054529810388302315,0.0054529810388302315,0.005452981038830094,3,0,True,ok,True,-1.0035121067539926e-07,0.005452981038835443,0.005452981038830094,1e-06,0.35,True,False,False,False,-1.003512160244191e-07,-1.840266243001563e-05,0.14752463587220652,-8.377343145918315e-08
calibrated|8|0|30,calibrated,8,2,30,0.3,0.5,0.15,0.01669100555407633,optimal,False,0.3180172210049932,11,15,257,0.01669100190592501,optimal,2.3148140819976106,1.0261439869937021,0.016690993639912027,0.016690993639912027,0.016690993639910688,0.016690993639910535,1,0,True,ok,True,-1.1914165518739361e-08,0.01669099363991081,0.016690993639910535,1.6690993639910537e-06,0.0,False,False,False,False,-1.191416579282567e-08,-7.138075506730603e-07,8.938126881630341e-14,-3.6481513192299087e-09
calibrated|8|0|31,calibrated,8,2,31,0.3,0.5,0.15,0.010445253204653223,optimal,False,0.29008594599872595,11,15,257,0.010445283223317633,optimal,2.4394902309941244,1.2878248510023695,0.010445217788414804,0.01044521778841363,0.01044521778841363,0.01044521778841362,1,0,True,ok,True,-3.5416217073619416e-08,0.01044521778843615,0.01044521778841362,1.0445217788413622e-06,0.0,False,False,False,False,-3.54162396024732e-08,-3.3906540041265565e-06,1.132653655080814e-13,3.001866441011691e-08
calibrated|8|0|32,calibrated,8,2,32,0.3,0.5,0.15,0.010059506243117463,optimal,False,0.30227034899871796,12,15,257,0.010059517623442387,optimal,2.4067606199969305,1.6384321689984063,0.010059494988352473,0.010059494988351689,0.010059494988351689,0.01005949498835166,2,0,True,ok,True,-1.1254763770257581e-08,0.010059494988353693,0.01005949498835166,1.005949498835166e-06,0.28,False,False,False,False,-1.1254765803353495e-08,-1.1188189093330308e-06,8.08773513158672e-14,1.1380324923745966e-08
calibrated|8|0|33,calibrated,8,2,33,0.3,0.5,0.15,0.0037917204279228796,optimal,False,0.29099846399913076,11,15,257,0.003791736421375388,optimal,2.8517199409980094,1.3267078300050343,0.003791686600957948,0.0037916866009567486,0.0037916866009567486,0.0037916866009567486,1,0,True,ok,True,-3.38269640631772e-08,0.0037916866009588164,0.0037916866009567486,1e-06,0.0,False,False,False,False,-3.3826966130967584e-08,-8.9212711680587e-06,3.1636614780749003e-13,1.5993452508536454e-08
calibrated|8|0|34,calibrated,8,2,34,0.3,0.5,0.15,0.007937969927862151,optimal,False,0.3011835279976367,10,15,257,0.007937792845756185,optimal,2.9316544579996844,1.3588901979965158,0.007937761928753872,0.007937761928752287,0.007937761928752287,0.007937761928752287,1,0,True,ok,True,-2.079991083293875e-07,0.007937761928753822,0.007937761928752287,1e-06,0.0,False,False,False,False,-2.0799910986461778e-07,-2.6203060953222328e-05,1.9974613389444744e-13,-1.7708210596663332e-07
calibrated|8|0|35,calibrated,8,2,35,0.3,0.5,0.15,0.009763610776359373,optimal,False,0.2021198660004302,11,15,257,0.00976366384617049,optimal,2.163123814003484,0.8971266880034818,0.009763591131383451,0.009763591131382688,0.009763591131382284,0.00976359113138205,1,0,True,ok,True,-1.9644969003959623e-08,0.00976359113139037,0.00976359113138205,1e-06,0.0,False,False,False,False,-1.9644977323693413e-08,-2.0120606785411592e-06,1.4355953150107524e-13,5.306981111681541e-08
calibrated|8|0|36,calibrated,8,2,36,0.3,0.5,0.15,0.007212100445563609,optimal,False,0.37818821399559965,12,15,257,0.007212088154003312,optimal,2.577557346994581,1.1342632020023302,0.007212050340999362,0.0072120503409946034,0.007212050340994359,0.00721205034099434,1,0,True,ok,True,-5.0104569061446e-08,0.007212050340994548,0.00721205034099434,1e-06,0.0,False,False,False,False,-5.010456926961282e-08,-6.9472922136620714e-06,6.963379656970697e-13,-1.229156029736167e-08
calibrated|8|0|37,calibrated,8,2,37,0.3,0.5,0.15,0.005108254807373803,optimal,False,0.20377243800612632,12,15,257,0.005108284400669703,optimal,1.8270990970049752,1.408070277000661,0.005108241720774759,0.00510824172077427,0.0051082417207741065,0.005108241720774065,1,0,True,ok,True,-1.3086596261507877e-08,0.005108241720777541,0.005108241720774065,1e-06,0.0,False,False,False,False,-1.3086599737893723e-08,-2.5618533591948314e-06,1.3583722703818645e-13,2.9593295900604e-08
calibrated|8|0|38,calibrated,8,2,38,0.3,0.5,0.15,0.012377334366061471,optimal,False,0.19305706200248096,12,15,257,0.012377228950880547,optimal,2.8671499460033374,1.2352748880002764,0.012377194887753996,0.012377194887752904,0.012377194887752671,0.012377194887752635,1,0,True,ok,True,-1.3947830494569213e-07,0.012377194887756526,0.012377194887752635,1.2377194887752636e-06,0.0,False,False,False,False,-1.394783088366769e-07,-1.1268848744938575e-05,1.100215308065697e-13,-1.0541518092460622e-07
calibrated|8|0|39,calibrated,8,2,39,0.3,0.5,0.15,0.017264345846166165,optimal,False,0.29904462800186593,11,15,257,0.01726436020977005,optimal,2.8861771209994913,0.6705615480022971,0.017264333173792862,0.017264333173792862,0.017264333173792584,0.017264333173792584,1,0,True,ok,True,-1.2672371759586687e-08,0.017264333173794406,0.017264333173792584,1.7264333173792585e-06,0.0,False,False,False,False,-1.2672373581046337e-08,-7.340199098166495e-07,1.607683038564277e-14,1.4363603886152765e-08
calibrated|8|0|40,calibrated,8,2,40,0.3,0.5,0.15,0.0054524933185964046,optimal,False,0.2951963480008999,12,15,257,0.005452441507081625,optimal,3.1260011489939643,1.6226426610010094,0.0054524054528810525,0.0054524054528810525,0.005452405452881016,0.005452405452881004,1,0,True,ok,True,-8.786571239084023e-08,0.005452405452884014,0.005452405452881004,1e-06,0.0,False,False,False,False,-8.786571540058546e-08,-1.611477727096126e-05,8.908408911829079e-15,-5.1811514779898094e-08
calibrated|8|0|41,calibrated,8,2,41,0.3,0.5,0.15,0.01143961375374265,optimal,False,0.20805575599661097,11,15,257,0.011439542904504173,optimal,2.639136170000711,1.3766262179997284,0.011439512030248036,0.01143951203024791,0.011439512030247161,0.011439512030247106,1,0,True,ok,True,-1.0172348945299003e-07,0.011439512030253196,0.011439512030247106,1.1439512030247106e-06,0.0,False,False,False,False,-1.0172349554360416e-07,-8.892214172032138e-06,8.12807207741958e-14,-7.084923847600066e-08
calibrated|8|0|42,calibrated,8,2,42,0.3,0.5,0.15,0.0038637575466474,optimal,False,0.3243937570005073,12,15,257,0.0038636954854353867,optimal,2.558451693999814,1.1005918139999267,0.0038636807575944607,0.003863680757594447,0.0038636807575943496,0.003863680757594329,2,0,True,ok,True,-7.678904629868089e-08,0.003863680757601101,0.003863680757594329,1e-06,0.33,False,False,False,False,-7.678905307104134e-08,-1.987419038176232e-05,3.4122639122059655e-14,-6.206121201321468e-08
calibrated|8|0|43,calibrated,8,2,43,0.3,0.5,0.15,0.006528918955703532,optimal,False,0.39080465999722946,13,15,257,0.006528893236494743,optimal,3.131384035994415,1.7962416650043451,0.006528857156189235,0.0065288571561891925,0.0065288571561891925,0.006528857156189186,1,0,True,ok,True,-6.179951095135194e-08,0.0065288571561925805,0.006528857156189186,1e-06,0.0,False,False,False,False,-6.179951434620579e-08,-9.46550489682813e-06,7.572476757049515e-15,-2.5719208788729797e-08
calibrated|8|0|44,calibrated,8,2,44,0.3,0.5,0.15,0.017485539138251467,optimal,False,0.2731206890020985,10,15,257,0.01748550806933539,optimal,2.532568574002653,0.9157984449993819,0.017485478996316965,0.0174854789963168,0.017485478996316788,0.017485478996316788,1,0,True,ok,True,-6.014193111580912e-08,0.01748547899632035,0.017485478996316788,1.748547899631679e-06,0.0,False,False,False,False,-6.014193467893114e-08,-3.4395241807193862e-06,1.0119356443532719e-14,-3.106891607873585e-08
calibrated|8|0|45,calibrated,8,2,45,0.3,0.5,0.15,-0.0024250540578650997,optimal,False,0.29035303000273416,11,15,257,-0.0024250577866201037,optimal,2.034029996000754,1.0496952989997226,-0.002425073842851164,-0.0024250738428513567,-0.0024250738428515045,-0.00242507384285152,1,0,True,ok,True,-1.9784979716185036e-08,-0.002425073842844816,-0.00242507384285152,1e-06,0.0,False,False,False,False,-1.978498642045759e-08,-8.158575416613738e-06,1.4682109350764196e-13,-3.728755003980927e-09
calibrated|8|0|46,calibrated,8,2,46,0.3,0.5,0.15,0.01369663302505797,optimal,False,0.2100307650034665,11,15,257,0.013696638590790663,optimal,2.326706892999937,0.9814724320021924,0.013696579704402252,0.013696579704398488,0.01369657970439822,0.01369657970439817,1,0,True,ok,True,-5.332065196317348e-08,0.013696579704406006,0.01369657970439817,1.3696579704398172e-06,0.0,False,False,False,False,-5.332065979891942e-08,-3.892975719023015e-06,2.9801632429902923e-13,5.565732694168268e-09
calibrated|8|0|47,calibrated,8,2,47,0.3,0.5,0.15,0.008097801970971027,optimal,False,0.3116546820019721,11,15,257,0.008097923577096777,optimal_inaccurate,2.433360161994642,1.3401200010048342,0.00809776968814315,0.00809776968814134,0.008097769688141038,0.008097769688140785,1,0,True,ok,True,-3.2282827888349686e-08,0.00809776968814314,0.008097769688140785,1e-06,0.0,False,False,False,False,-3.228283024236944e-08,-3.986616412465607e-06,2.919851006900211e-13,1.216061257490464e-07
calibrated|8|0|48,calibrated,8,2,48,0.3,0.5,0.15,0.01600303523782773,optimal,False,0.3186726920030196,11,15,257,0.016003055227680824,optimal,2.331111685001815,0.9591673530012486,0.016003026177370677,0.016003026177364526,0.016003026177364474,0.01600302617736435,1,0,True,ok,True,-9.060463167925858e-09,0.01600302617736456,0.01600302617736435,1.600302617736435e-06,0.0,False,False,False,False,-9.060463379562123e-09,-5.661715571396818e-07,3.954421601405916e-13,1.998985309573098e-08
calibrated|8|0|49,calibrated,8,2,49,0.3,0.5,0.15,0.011496355769825333,optimal,False,0.187866401996871,10,15,257,0.011496197879032116,optimal,1.9564290810012608,0.9663336840021657,0.011496162726036643,0.011496162726035404,0.011496162726035066,0.011496162726035066,1,0,True,ok,True,-1.930437861456108e-07,0.011496162726039188,0.011496162726035066,1.1496162726035067e-06,0.0,False,False,False,False,-1.9304379026731378e-07,-1.6791737671688872e-05,1.371643458118277e-13,-1.5789079321759658e-07
calibrated|10|0|0,calibrated,10,2,0,0.3,0.5,0.15,0.018161063745007505,optimal,False,0.36903722699935315,11,21,425,0.018161076448918043,optimal,16.26345289400342,0.8932311280004797,0.018161043457883393,0.018161043457882307,0.018161043457882307,0.01816104345788139,1,0,True,ok,True,-2.02871256287096e-08,0.018161043457881876,0.01816104345788139,1.8161043457881392e-06,0.0,False,False,False,False,-2.0287126114432175e-08,-1.1170670616697287e-06,1.1022884758356099e-13,1.2703910538119922e-08
calibrated|10|0|1,calibrated,10,2,1,0.3,0.5,0.15,0.006741538625056917,optimal,False,0.5683669479985838,13,21,425,0.006741359089538412,optimal,15.506541236994963,0.7990980649992707,0.00674132097611678,0.006741320976111924,0.0067413209761109285,0.006741320976110774,1,0,True,ok,True,-2.1764894431782617e-07,0.006741320976112599,0.006741320976110774,1e-06,0.0,False,False,False,False,-2.1764894614275526e-07,-3.228475845763143e-05,8.908658547951954e-13,-1.7953551850486554e-07
calibrated|10|0|2,calibrated,10,2,2,0.3,0.5,0.15,0.006407497732186089,optimal,False,0.584159780999471,13,21,425,0.006407475968477117,optimal,17.611625953002658,0.913406446998124,0.006622760454826592,0.006622760454826028,0.00640746368720779,0.006407463687207686,2,0,True,ok,True,-3.404496719001254e-08,0.006407463687218899,0.006407463687207686,1e-06,0.7,True,True,False,False,-3.404497840326509e-08,-5.313303231033643e-06,0.033600934492807176,-2.176370897215285e-08
calibrated|10|0|3,calibrated,10,2,3,0.3,0.5,0.15,0.0059184285954202035,optimal,False,0.35985963600251125,12,21,425,0.005918699039923514,optimal_inaccurate,19.790276142994117,1.5531337369975518,0.005918420833745115,0.005918420833745115,0.0059184208337446295,0.005918420833744153,1,0,True,ok,True,-7.761667747754886e-09,0.005918420833752456,0.005918420833744153,1e-06,0.0,False,False,False,False,-7.761676050141442e-09,-1.3114420365141482e-06,1.6252716635910678e-13,2.7044450331015907e-07
calibrated|10|0|4,calibrated,10,2,4,0.3,0.5,0.15,0.0035792038975897803,optimal,False,0.6837517509993631,12,21,425,0.0035792189230108564,optimal,19.975505004003935,1.811985796004592,0.0035791876320628085,0.0035791876320628085,0.003579187632062444,0.003579187632062355,1,0,True,ok,True,-1.6265523515753e-08,0.0035791876320662645,0.003579187632062355,1e-06,0.0,False,False,False,False,-1.6265527425386034e-08,-4.54445398775386e-06,1.2674110317780406e-13,1.502542107617924e-08
calibrated|10|0|5,calibrated,10,2,5,0.3,0.5,0.15,0.010632622438459529,optimal,False,0.7269492019986501,12,21,425,0.01063266696527823,optimal,22.525958844998968,1.7041271229973063,0.010682511699973743,0.010632574287001982,0.010632574287001473,0.010632574287001456,2,0,True,ok,True,-4.81514555294299e-08,0.010632574287004,0.010632574287001456,1.0632574287001456e-06,0.53,True,False,False,False,-4.8151458072534514e-08,-4.528653053489857e-06,0.004696643693647737,4.4526818700901805e-08
calibrated|10|0|6,calibrated,10,2,6,0.3,0.5,0.15,0.005511263417639445,optimal,False,0.5943368939988432,13,21,425,0.005511267146820454,optimal,19.81951677899633,1.7897118989931187,0.0055112403784329045,0.0055112403784329045,0.0055112403784329045,0.0055112403784328984,2,0,True,ok,True,-2.3039190343715488e-08,0.005511240378449102,0.0055112403784328984,1e-06,0.64,False,False,False,False,-2.3039206546900115e-08,-4.180385657698819e-06,1.1016634639415317e-15,3.729181008264859e-09
calibrated|10|0|7,calibrated,10,2,7,0.3,0.5,0.15,0.01486482894295381,optimal,False,0.36371145700104535,10,21,425,0.01486496236246191,optimal_inaccurate,13.666405079995457,0.6572653919938602,0.014864781443772249,0.014864781443771242,0.014864781443767988,0.014864781443767237,1,0,True,ok,True,-4.7499183680049795e-08,0.01486478144377013,0.014864781443767237,1.4864781443767238e-06,0.0,False,False,False,False,-4.749918657356855e-08,-3.1954075459498645e-06,3.371469766343825e-13,1.3341950809951653e-07
calibrated|10|0|8,calibrated,10,2,8,0.3,0.5,0.15,0.015276522414066027,optimal,False,0.37239475299429614,10,21,425,0.015276311965528777,optimal,18.64148502000171,1.2720333839970408,0.015276299006206912,0.01527629900620306,0.015276299006202653,0.015276299006202232,1,0,True,ok,True,-2.2340786342243957e-07,0.015276299006202605,0.015276299006202232,1.5276299006202232e-06,0.0,False,False,False,False,-2.2340786379540511e-07,-1.4624261840489289e-05,3.063755125691906e-13,-2.1044853724949686e-07
calibrated|10|0|9,calibrated,10,2,9,0.3,0.5,0.15,0.0033653395768673865,optimal,False,0.5735021690052235,14,21,425,0.0033653563215703696,optimal,22.69660215699696,3.103183291001187,0.003365294345126731,0.0033652943451265697,0.00336529434512656,0.00336529434512656,1,0,True,ok,True,-4.523172876047879e-08,0.003365294345138626,0.00336529434512656,1e-06,0.0,False,False,False,False,-4.523174082634793e-08,-1.3440468574779523e-05,5.07742398911289e-14,1.6744702983125664e-08
calibrated|10|0|10,calibrated,10,2,10,0.3,0.5,0.15,0.01065200286132978,optimal,False,0.6646012900018832,12,21,425,0.01065189114568976,optimal,20.45339999099815,2.5099160889949417,0.010651849392182966,0.010651849392182966,0.010651849392181346,0.010651849392181343,1,0,True,ok,True,-1.5346914305526538e-07,0.010651849392186725,0.010651849392181343,1.0651849392181344e-06,0.0,False,False,False,False,-1.5346914843811232e-07,-1.4407539167610912e-05,1.5243373368629477e-13,-1.1171564002002143e-07
calibrated|10|0|11,calibrated,10,2,11,0.3,0.5,0.15,0.0009079759655065931,optimal,False,0.5002761499999906,12,21,425,0.000908027342263833,optimal,21.16292383599648,2.4414071690043784,0.000907886628820684,0.0009078866288166947,0.0009078866288164979,0.0009078866288164455,3,0,True,ok,True,-8.9336687546758e-08,0.0009078866288190463,0.0009078866288164455,1e-06,0.49,False,False,False,False,-8.933669014754217e-08,-8.933669014754217e-05,4.2384715528975825e-12,5.137675723992496e-08
calibrated|10|0|12,calibrated,10,2,12,0.3,0.5,0.15,0.008253519309580059,optimal,False,0.4339686359962798,13,21,425,0.00825358801985307,optimal,18.360496314999182,2.3581445710005937,0.008253505793869716,0.008253505793869072,0.008253505793867837,0.008253505793867542,1,0,True,ok,True,-1.3515702475611069e-08,0.008253505793877583,0.008253505793867542,1e-06,0.0,False,False,False,False,-1.3515712516190548e-08,-1.6375696244512974e-06,2.633557871873014e-13,6.871027301118271e-08
calibrated|10|0|13,calibrated,10,2,13,0.3,0.5,0.15,0.007405729878387776,optimal,False,0.7023355470009847,11,21,425,0.007405721072474742,optimal,20.294650805997662,1.7204650060011772,0.007405659681376619,0.007405659681376619,0.007405659681375709,0.007405659681375133,1,0,True,ok,True,-7.019700009811003e-08,0.007405659681387678,0.007405659681375133,1e-06,0.0,False,False,False,False,-7.019701264363021e-08,-9.478743323934475e-06,2.0074619721602856e-13,-8.805913034350132e-09
calibrated|10|0|14,calibrated,10,2,14,0.3,0.5,0.15,0.0085335895673599,optimal,False,0.6991180910044932,12,21,425,0.008533730288193295,optimal_inaccurate,23.259152099002677,1.8220651170049678,0.008533568197277712,0.008533568197265768,0.008533568197265768,0.008533568197265695,1,0,True,ok,True,-2.137009330258066e-08,0.008533568197266597,0.008533568197265695,1e-06,0.0,False,False,False,False,-2.137009420463687e-08,-2.504232718945762e-06,1.4081365778434416e-12,1.4072083339561337e-07
calibrated|10|0|15,calibrated,10,2,15,0.3,0.5,0.15,0.008696562447348665,optimal,False,0.8944217269963701,13,21,425,0.008696643128074543,optimal,19.92168184700131,2.0030282190055004,0.00869655243577496,0.008696552435773944,0.008696552435773944,0.008696552435773944,1,0,True,ok,True,-1.0011569786735897e-08,0.008696552435778878,0.008696552435773944,1e-06,0.0,False,False,False,False,-1.0011574720289462e-08,-1.1512105824459073e-06,1.1669144076817371e-13,8.068072587796848e-08
calibrated|10|0|16,calibrated,10,2,16,0.3,0.5,0.15,0.0027135309069973496,optimal,False,0.8763346329942578,13,21,425,0.002713528368903199,optimal,22.259670765997726,3.3554030380037148,0.003013130038736643,0.0030131300387365076,0.0027134592799759032,0.002713459279975586,3,0,True,ok,True,-7.162701168555302e-08,0.002713459279985664,0.002713459279975586,1e-06,0.71,True,True,False,False,-7.162702176342906e-08,-2.6396243204278716e-05,0.11043864227944226,-2.5380941506489285e-09
calibrated|10|0|17,calibrated,10,2,17,0.3,0.5,0.15,0.015544193780949206,optimal,False,0.7077317479997873,10,21,425,0.015544183980020125,optimal,20.12070600199513,1.0165337739963434,0.015544170089726961,0.015544170089724894,0.015544170089724894,0.015544170089724783,1,0,True,ok,True,-2.369122185930106e-08,0.015544170089727347,0.015544170089724783,1.5544170089724783e-06,0.0,False,False,False,False,-2.3691224423222357e-08,-1.5241205016536825e-06,1.4016912278045245e-13,-9.80092908046959e-09
calibrated|10|0|18,calibrated,10,2,18,0.3,0.5,0.15,0.012076338928041394,optimal,False,1.0177523210004438,12,21,425,0.012076287719921948,optimal,22.684526023993385,2.731992494998849,0.012076169953088993,0.012076169953086299,0.012076169953086049,0.012076169953086049,1,0,True,ok,True,-1.6897494355821996e-07,0.012076169953097836,0.012076169953086049,1.207616995308605e-06,0.0,False,False,False,False,-1.6897495534566598e-07,-1.3992233602628048e-05,2.4377147308864685e-13,-5.120811944619996e-08
calibrated|10|0|19,calibrated,10,2,19,0.3,0.5,0.15,0.0049766475537231505,optimal,False,0.8372097280007438,14,21,425,0.0049765712909890705,optimal,28.07063140899845,2.903577523000422,0.004976507726710185,0.004976507726709506,0.004976507726709291,0.004976507726709258,2,0,True,ok,True,-1.3982700959071226e-07,0.00497650772671356,0.004976507726709258,1e-06,0.3,False,False,False,False,-1.3982701389282648e-07,-2.809662777670854e-05,1.8631734317083553e-13,-7.62627340800473e-08
calibrated|10|0|20,calibrated,10,2,20,0.3,0.5,0.15,0.002686356902854719,optimal,False,0.9255142160036485,14,21,425,0.0026863111804608713,optimal,27.5402533689994,1.5389027499986696,0.002686221142425012,0.0026862211424235447,0.0026862211424235195,0.0026862211424234323,1,0,True,ok,True,-1.357604299447729e-07,0.002686221142424774,0.0026862211424234323,1e-06,0.0,False,False,False,False,-1.357604312865815e-07,-5.053700464830736e-05,5.879879731167382e-13,-4.572239384759841e-08
calibrated|10|0|21,calibrated,10,2,21,0.3,0.5,0.15,0.0018803888037422637,optimal,False,0.5598579619982047,12,21,425,0.0018804700457150207,optimal,23.439586207001412,1.5817870149985538,0.0018803508628425188,0.0018803508628396268,0.0018803508628384704,0.0018803508628384704,1,0,True,ok,True,-3.794089891502768e-08,0.0018803508628433487,0.0018803508628384704,1e-06,0.0,False,False,False,False,-3.7940903793286934e-08,-2.0177158956583173e-05,2.1530082454662866e-12,8.124197275701829e-08
calibrated|10|0|22,calibrated,10,2,22,0.3,0.5,0.15,0.008490945166956873,optimal,False,0.5701417780001066,12,21,425,0.008490942813135373,optimal,23.4889981899978,1.2401340939977672,0.008490893585166843,0.008490893585166385,0.008490893585165865,0.008490893585165757,1,0,True,ok,True,-5.158178122480206e-08,0.008490893585175649,0.008490893585165757,1e-06,0.0,False,False,False,False,-5.158179111619532e-08,-6.074917468190654e-06,1.2789430053141831e-13,-2.3538215005586283e-09
calibrated|10|0|23,calibrated,10,2,23,0.3,0.5,0.15,0.005661548494841157,optimal,False,1.028954913999769,12,21,425,0.005661438413768623,optimal,20.874797053002112,0.9261899260018254,0.0056614136117351605,0.005661413611730023,0.005661413611730023,0.005661413611730023,1,0,True,ok,True,-1.348831073638701e-07,0.0056614136117337935,0.005661413611730023,1e-06,0.0,False,False,False,False,-1.3488311113429158e-07,-2.3824420343161948e-05,9.074383054191698e-13,-1.1008107253431682e-07
calibrated|10|0|24,calibrated,10,2,24,0.3,0.5,0.15,0.005396018005474195,optimal,False,0.8214024979970418,11,21,425,0.005395961668509304,optimal,20.87101691400312,1.7803691810040618,0.005395841896618991,0.005395841896609082,0.005395841896609082,0.00539584189660874,1,0,True,ok,True,-1.7610886311487245e-07,0.00539584189661108,0.00539584189660874,1e-06,0.0,False,False,False,False,-1.7610886545501442e-07,-3.263681946137951e-05,1.8998607775605626e-12,-5.63369648909004e-08
calibrated|10|0|25,calibrated,10,2,25,0.3,0.5,0.15,0.0131872532608999,optimal,False,0.6120768680048059,12,21,425,0.013187216206867693,optimal,21.1280866149973,0.7260046679948573,0.013187192528804981,0.013187192528802474,0.013187192528800512,0.013187192528800115,1,0,True,ok,True,-6.073209744827945e-08,0.013187192528802452,0.013187192528800115,1.3187192528800117e-06,0.0,False,False,False,False,-6.073209978495198e-08,-4.6053638755101615e-06,3.689867528276457e-13,-3.7054032207134435e-08
calibrated|10|0|26,calibrated,10,2,26,0.3,0.5,0.15,-0.0013389791167860436,optimal,False,0.6593190139974467,12,21,425,-0.0013390498774325384,optimal,17.66895560100238,2.1751739350002026,-0.0013390716123601804,-0.0013390716123627248,-0.0013390716123627495,-0.0013390716123627495,2,0,True,ok,True,-9.24955688914094e-08,-0.001339071612354935,-0.0013390716123627495,1e-06,0.2,False,False,False,False,-9.249557670590498e-08,-6.907917796949847e-05,1.918587060021764e-12,-7.076064649481038e-08
calibrated|10|0|27,calibrated,10,2,27,0.3,0.5,0.15,0.017111954391022706,optimal,False,0.5645892680040561,12,21,425,0.01711194062216694,optimal,20.817153121002775,0.6442001450050157,0.017111882439668873,0.017111882439665684,0.017111882439665684,0.017111882439665535,1,0,True,ok,True,-7.19513550649642e-08,0.01711188243966764,0.017111882439665535,1.7111882439665536e-06,0.0,False,False,False,False,-7.19513571709185e-08,-4.204742224457173e-06,1.9504621888020713e-13,-1.3768855767343213e-08
calibrated|10|0|28,calibrated,10,2,28,0.3,0.5,0.15,0.00927095736592931,optimal,False,0.39669668699934846,12,21,425,0.009270947939776087,optimal,18.395195487995807,0.8470553849983844,0.0092709089697281,0.00927090896972583,0.009270908969723385,0.009270908969723117,1,0,True,ok,True,-4.8396200413511337e-08,0.009270908969728896,0.009270908969723117,1e-06,0.0,False,False,False,False,-4.8396206191875235e-08,-5.220195097620758e-06,5.373934572409231e-13,-9.42615322255258e-09
calibrated|10|0|29,calibrated,10,2,29,0.3,0.5,0.15,0.011071774600723842,optimal,False,0.5243645190057578,12,21,425,0.011071602570383523,optimal,19.329725944997335,1.7444108689960558,0.01107157640007717,0.011071576400076862,0.01107157640007602,0.01107157640007602,1,0,True,ok,True,-1.9820064024213269e-07,0.0110715764000836,0.01107157640007602,1.1071576400076022e-06,0.0,False,False,False,False,-1.9820064782113955e-07,-1.7901434500679028e-05,1.038805697592193e-13,-1.7203034031847142e-07
calibrated|10|0|30,calibrated,10,2,30,0.3,0.5,0.15,0.006323263390247141,optimal,False,0.6603035439984524,11,21,425,0.006323241166013939,optimal,19.851134919998003,1.763277548001497,0.00632321224996726,0.006323212249964034,0.006323212249962324,0.006323212249962145,1,0,True,ok,True,-5.114028221731015e-08,0.006323212249964924,0.006323212249962145,1e-06,0.0,False,False,False,False,-5.114028499633716e-08,-8.087641118226196e-06,8.090349221926293e-13,-2.22242332020145e-08
calibrated|10|0|31,calibrated,10,2,31,0.3,0.5,0.15,0.00912946099946791,optimal,False,0.4818252409968409,12,21,425,0.00912946056162625,optimal,18.3383936800019,1.1822913569994853,0.009129392575408679,0.009129392575403636,0.009129392575402849,0.009129392575402658,1,0,True,ok,True,-6.842405280045594e-08,0.00912939257541511,0.009129392575402658,1e-06,0.0,False,False,False,False,-6.842406525230105e-08,-7.4948636350260974e-06,6.595428047796408e-13,-4.3784166049720685e-10
calibrated|10|0|32,calibrated,10,2,32,0.3,0.5,0.15,0.008145934609348938,optimal,False,0.5461644850001903,12,21,425,0.008145826778453132,optimal,20.989456126000732,1.1359465479981736,0.008145789502339596,0.008145789502338125,0.008145789502337747,0.008145789502337707,1,0,True,ok,True,-1.4510699664245508e-07,0.008145789502352296,0.008145789502337707,1e-06,0.0,False,False,False,False,-1.451070112314795e-07,-1.7813426965758217e-05,2.3191292443741625e-13,-1.0783089580621019e-07
calibrated|10|0|33,calibrated,10,2,33,0.3,0.5,0.15,-0.00028388435069207963,optimal,False,0.5023389650013996,13,21,425,-0.0002839878041952208,optimal,19.456669753002643,1.5365496439990238,-0.0002840122166505181,-0.0002840122166510656,-0.0002840122166510656,-0.00028401221665113767,3,0,True,ok,True,-1.2786595384898592e-07,-0.0002840122166459286,-0.00028401221665113767,1e-06,0.47,False,False,False,False,-1.2786595905803525e-07,-0.00012786595905803525,6.195673314668415e-13,-1.0345350314117704e-07
calibrated|10|0|34,calibrated,10,2,34,0.3,0.5,0.15,-0.0027239259395425612,optimal,False,0.5474328349955613,12,21,425,-0.002723862907352757,optimal,18.58279841500189,1.42593813300482,-0.0027239700165842566,-0.002723970016589198,-0.002723970016589223,-0.0027239700165892795,1,0,True,ok,True,-4.4077037765748867e-08,-0.002723970016580327,-0.0027239700165892795,1e-06,0.0,False,False,False,False,-4.4077046718223045e-08,-1.618144094094756e-05,1.843960026762731e-12,6.303218980444059e-08
calibrated|10|0|35,calibrated,10,2,35,0.3,0.5,0.15,0.00731353192407829,optimal,False,0.44732651600497775,12,21,425,0.007313596312487638,optimal,19.50746522100235,0.9318774040002609,0.007313486772186912,0.007313486772186912,0.007313486772185901,0.007313486772185789,1,0,True,ok,True,-4.515188395046166e-08,0.00731348677219434,0.007313486772185789,1e-06,0.0,False,False,False,False,-4.515189250091367e-08,-6.173746552231543e-06,1.5346525179009128e-13,6.438840934736012e-08
calibrated|10|0|36,calibrated,10,2,36,0.3,0.5,0.15,0.014067433309107445,optimal,False,0.6829569409965188,11,21,425,0.014067241752112113,optimal,13.567087687006278,0.8847025380018749,0.014067218402480432,0.014067218402479879,0.014067218402478088,0.014067218402478076,1,0,True,ok,True,-2.1490662917289516e-07,0.014067218402478272,0.014067218402478076,1.4067218402478078e-06,0.0,False,False,False,False,-2.149066293689189e-07,-1.5276889866596023e-05,1.6746412922411976e-13,-1.9155699533188186e-07
calibrated|10|0|37,calibrated,10,2,37,0.3,0.5,0.15,0.010512095415424135,optimal,False,0.4519095930008916,13,21,425,0.010511867528326682,optimal,18.698976969993964,1.579440754998359,0.010511850274072032,0.010511850274071134,0.010511850274069819,0.010511850274069787,1,0,True,ok,True,-2.451413502815858e-07,0.010511850274073854,0.010511850274069787,1.0511850274069788e-06,0.0,False,False,False,False,-2.451413543477776e-07,-2.331993238836929e-05,2.135430128272664e-13,-2.2788709745300006e-07
calibrated|10|0|38,calibrated,10,2,38,0.3,0.5,0.15,0.0055534251536406495,optimal,False,0.5918966199969873,12,21,425,0.0055533484667327675,optimal,17.916917639995518,1.0706826250025188,0.005553216890678327,0.005553216890677527,0.005553216890677368,0.005553216890677246,2,0,True,ok,True,-2.08262954591934e-07,0.005553216890686058,0.005553216890677246,1e-06,0.24,False,False,False,False,-2.082629634034619e-07,-3.750171428292885e-05,1.94613815165024e-13,-7.668690788203286e-08
calibrated|10|0|39,calibrated,10,2,39,0.3,0.5,0.15,0.005545149166478836,optimal,False,0.5105507670014049,12,21,425,0.005545141494295681,optimal,19.043761752000137,1.4221682669958682,0.005545075002606262,0.005545075002605906,0.005545075002605382,0.00554507500260523,1,0,True,ok,True,-7.416386767558625e-08,0.00554507500261116,0.00554507500260523,1e-06,0.0,False,False,False,False,-7.416387360573845e-08,-1.3374549787419413e-05,1.8614003737032639e-13,-7.672183155275902e-09
calibrated|10|0|40,calibrated,10,2,40,0.3,0.5,0.15,0.003626523461263813,optimal,False,0.4267299200000707,10,21,425,0.0036262558245099036,optimal,18.064890223002294,1.0666894629976014,0.0036262425013587635,0.0036262425013580397,0.0036262425013579096,0.0036262425013579096,1,0,True,ok,True,-2.8095990111959984e-07,0.0036262425013626936,0.0036262425013579096,1e-06,0.0,False,False,False,False,-2.809599059035335e-07,-7.74736214737244e-05,2.354827705896169e-13,-2.6763675390955796e-07
calibrated|10|0|41,calibrated,10,2,41,0.3,0.5,0.15,0.007617684331128073,optimal,False,0.6620832640037406,12,21,425,0.00761770037884216,optimal,17.218551719997777,1.0850214680031058,0.007617583129558571,0.0076175831295563256,0.007617583129554988,0.007617583129554988,1,0,True,ok,True,-1.0120156909536326e-07,0.007617583129558978,0.007617583129554988,1e-06,0.0,False,False,False,False,-1.0120157308522726e-07,-1.3285083587894053e-05,4.703685248577543e-13,1.6047714086406262e-08
calibrated|10|0|42,calibrated,10,2,42,0.3,0.5,0.15,0.016584491839957877,optimal,False,0.4442232240035082,11,21,425,0.01658451414661798,optimal,14.787295152003935,0.8215573460038286,0.01658447419843592,0.016584474198432553,0.016584474198432553,0.016584474198432553,1,0,True,ok,True,-1.7641522572636736e-08,0.016584474198435305,0.016584474198432553,1.6584474198432554e-06,0.0,False,False,False,False,-1.764152532390817e-08,-1.0637362600042725e-06,2.0292253484364768e-13,2.230666010238913e-08
calibrated|10|0|43,calibrated,10,2,43,0.3,0.5,0.15,0.010763653078585206,optimal,False,0.5619981420022668,12,21,425,0.01076364963707605,optimal,19.83572074300173,1.1478240040014498,0.010763642152712834,0.010763642152708532,0.010763642152708003,0.010763642152706945,1,0,True,ok,True,-1.0925869620495576e-08,0.010763642152715585,0.010763642152706945,1.0763642152706944e-06,0.0,False,False,False,False,-1.092587826115321e-08,-1.0150715729486636e-06,5.471555183075406e-13,-3.4415091557798982e-09
calibrated|10|0|44,calibrated,10,2,44,0.3,0.5,0.15,0.007556016958031701,optimal,False,0.5726790879998589,13,21,425,0.007556022629236084,optimal,16.016496365999046,1.7724503450008342,0.007555886685897938,0.007555886685897443,0.007555886685895013,0.007555886685894734,1,0,True,ok,True,-1.3027213153094658e-07,0.00755588668590017,0.007555886685894734,1e-06,0.0,False,False,False,False,-1.3027213696756995e-07,-1.7240847617354354e-05,4.240447737405098e-13,5.671204382842743e-09
calibrated|10|0|45,calibrated,10,2,45,0.3,0.5,0.15,0.008799122151368442,optimal,False,0.4754305639944505,12,21,425,0.008799145909326544,optimal,19.740946065998287,1.4635162850026973,0.008799022779863818,0.008799022779862591,0.008799022779862591,0.008799022779861993,1,0,True,ok,True,-9.937148980586341e-08,0.008799022779878636,0.008799022779861993,1e-06,0.0,False,False,False,False,-9.937150644880044e-08,-1.1293343215305423e-05,2.0740133789677767e-13,2.3757958102568755e-08
calibrated|10|0|46,calibrated,10,2,46,0.3,0.5,0.15,0.009116325712722397,optimal,False,0.5614772580011049,11,21,425,0.009116350094389542,optimal,17.57004666899593,1.2638714569984586,0.009116276786197215,0.009116276786196495,0.009116276786195773,0.00911627678619564,1,0,True,ok,True,-4.892652598169345e-08,0.009116276786196415,0.00911627678619564,1e-06,0.0,False,False,False,False,-4.892652675711484e-08,-5.366912975568089e-06,1.7278204174011988e-13,2.438166714531509e-08
calibrated|10|0|47,calibrated,10,2,47,0.3,0.5,0.15,0.005865117073404607,optimal,False,0.6470857509993948,11,21,425,0.005865111562120679,optimal,17.673969520001265,0.7403009839981678,0.005865105740586908,0.005865105740586908,0.005865105740586801,0.005865105740586591,1,0,True,ok,True,-1.1332812969305772e-08,0.005865105740591637,0.005865105740586591,1e-06,0.0,False,False,False,False,-1.1332818015616364e-08,-1.9322407163882653e-06,5.397806081738336e-14,-5.511283927492339e-09
calibrated|10|0|48,calibrated,10,2,48,0.3,0.5,0.15,0.00930088065586554,optimal,False,0.4742966320045525,12,21,425,0.009300704951330736,optimal,17.430834545004473,1.0140518300031545,0.009300665160971822,0.009300665160968452,0.009300665160967794,0.009300665160967447,1,0,True,ok,True,-2.1549489410792322e-07,0.009300665160971432,0.009300665160967447,1e-06,0.0,False,False,False,False,-2.1549489809258304e-07,-2.3169300420673884e-05,4.703935181726752e-13,-1.7570453480358905e-07
calibrated|10|0|49,calibrated,10,2,49,0.3,0.5,0.15,0.008731335597049835,optimal,False,0.6614434860020992,11,21,425,0.00873127837185785,optimal,13.583860537000874,0.8661352079943754,0.008731260773209078,0.008731260773206823,0.008731260773206365,0.008731260773205938,1,0,True,ok,True,-7.482383566383144e-08,0.008731260773214171,0.008731260773205938,1e-06,0.0,False,False,False,False,-7.482384389682906e-08,-8.569575990425878e-06,3.596100921820404e-13,-5.7225191984339174e-08
calibrated|15|0|0,calibrated,15,3,0,0.3,0.5,0.15,0.0004994441338525969,optimal,False,0.5558338550035842,12,21,650,,,,1.642101367993746,0.0004992351868535652,0.0004992351868465454,0.0004992351868465454,0.0004992351868464192,2,0,True,ok,True,-2.0894699870853146e-07,0.0004992351868538884,0.0004992351868464192,1e-06,0.34,False,False,False,False,-2.0894700617770864e-07,-0.00020894700617770864,7.14597651885196e-12,
calibrated|15|0|1,calibrated,15,3,1,0.3,0.5,0.15,0.0005424776937516402,optimal,False,0.8501462600033847,12,21,650,,,,2.3262801879973267,0.0005422048019987105,0.0005422048019935067,0.0005422048019899736,0.0005422048019897077,1,0,True,ok,True,-2.728917538996189e-07,0.0005422048019977406,0.0005422048019897077,1e-06,0.0,False,False,False,False,-2.728917619324728e-07,-0.0002728917619324728,9.002781159450635e-12,
calibrated|15|0|2,calibrated,15,3,2,0.3,0.5,0.15,-0.0008130181367787317,optimal,False,0.9376305039986619,15,21,650,,,,2.6557361530067283,-0.0007960355387480487,-0.0008132857105321691,-0.0008132857105321691,-0.0008132857105322319,6,0,True,ok,True,-2.675737496677603e-07,-0.0008132857105283994,-0.0008132857105322319,1e-06,0.86,True,False,False,False,-2.675737535001981e-07,-0.0002675737535001981,0.017250171784183137,
calibrated|15|0|3,calibrated,15,3,3,0.3,0.5,0.15,-0.00424588760496932,optimal,False,0.7789196080047986,12,21,650,,,,2.416090486003668,-0.00424605162825851,-0.004246051628258719,-0.004246051628259523,-0.004246051628259542,3,0,True,ok,True,-1.6402328286736767e-07,-0.004246051628252187,-0.004246051628259542,1e-06,0.52,False,False,False,False,-1.640232902225952e-07,-3.863109565844959e-05,2.430871215358451e-13,
calibrated|15|0|4,calibrated,15,3,4,0.3,0.5,0.15,0.005224954789079506,optimal,False,0.5302431489981245,12,21,650,,,,1.4974217650014907,0.00522488962318729,0.00522488962318729,0.005224889623187135,0.00522488962318699,1,0,True,ok,True,-6.516588155810327e-08,0.005224889623197948,0.00522488962318699,1e-06,0.0,False,False,False,False,-6.516589251635146e-08,-1.2472049069697675e-05,5.74379906538453e-14,
calibrated|15|0|5,calibrated,15,3,5,0.3,0.5,0.15,0.0005917568184481926,optimal,False,0.5102228510004352,13,21,650,,,,1.789995026003453,0.0005916536157126206,0.0005916536157081389,0.0005916536157081389,0.0005916536157072925,3,0,True,ok,True,-1.032027298716225e-07,0.000591653615718321,0.0005916536157072925,1e-06,0.5,False,False,False,False,-1.03202740900127e-07,-0.000103202740900127,5.3280947362455144e-12,
calibrated|15|0|6,calibrated,15,3,6,0.3,0.5,0.15,0.008474448925399053,optimal,False,0.7667216299960273,11,21,650,,,,1.3708744410032523,0.00847426231488193,0.008474262314876625,0.008474262314875108,0.008474262314874945,1,0,True,ok,True,-1.8661052221015384e-07,0.008474262314876843,0.008474262314874945,1e-06,0.0,False,False,False,False,-1.8661052410794132e-07,-2.202037274053829e-05,8.241421441514214e-13,
calibrated|15|0|7,calibrated,15,3,7,0.3,0.5,0.15,0.0020293933876522115,optimal,False,0.72547694700188,11,21,650,,,,2.27262727899506,0.002029057268488153,0.002029057268481638,0.0020290572684810238,0.0020290572684810233,1,0,True,ok,True,-3.3611916861993676e-07,0.0020290572684835916,0.0020290572684810233,1e-06,0.0,False,False,False,False,-3.3611917118819487e-07,-0.00016562543922400791,3.513805941811621e-12,
calibrated|15|0|8,calibrated,15,3,8,0.3,0.5,0.15,0.007964569270568166,optimal,False,0.4666717649961356,11,21,650,,,,0.8254996909963666,0.007964543404233705,0.007964543404229772,0.007964543404228567,0.007964543404227595,1,0,True,ok,True,-2.5866335530075335e-08,0.007964543404232636,0.007964543404227595,1e-06,0.0,False,False,False,False,-2.5866340571181756e-08,-3.247676012658565e-06,7.671119074004012e-13,
calibrated|15|0|9,calibrated,15,3,9,0.3,0.5,0.15,-0.002935975090060119,optimal,False,0.8827381579976645,13,21,650,,,,2.6613785040026414,-0.0029095651018166756,-0.0029095651018166756,-0.0029095651018166756,-0.0029362058977600754,12,0,True,ok,True,-2.3080769984010555e-07,-0.002936205897759959,-0.0029362058977600754,1e-06,0.91,True,True,True,False,-2.3080769995633202e-07,-7.861364380704124e-05,0.009073204288474152,
calibrated|15|0|10,calibrated,15,3,10,0.3,0.5,0.15,0.008653004491326739,optimal,False,0.8083880530030001,11,21,650,,,,1.3685881910059834,0.008652974269154654,0.008652974269154654,0.008652974269154654,0.008652974269154595,1,0,True,ok,True,-3.022216886125473e-08,0.008652974269157877,0.008652974269154595,1e-06,0.0,False,False,False,False,-3.0222172143351544e-08,-3.4926795858761505e-06,6.816222532113678e-15,
calibrated|15|0|11,calibrated,15,3,11,0.3,0.5,0.15,0.004356426580651127,optimal,False,0.5692604050054797,12,21,650,,,,1.2364555579988519,0.004356314800124396,0.004356314800115554,0.004356314800113882,0.004356314800113634,1,0,True,ok,True,-1.1178053187926862e-07,0.004356314800119248,0.004356314800113634,1e-06,0.0,False,False,False,False,-1.1178053749283379e-07,-2.5658767667358843e-05,2.470289126704391e-12,
calibrated|15|0|12,calibrated,15,3,12,0.3,0.5,0.15,-0.004494189871605235,optimal,False,0.8158513999951538,13,21,650,,,,2.1128717009996762,-0.004494230353167884,-0.00449423035317439,-0.004494230353175701,-0.0044942303531768325,1,0,True,ok,True,-4.0481568736906726e-08,-0.004494230353173972,-0.0044942303531768325,1e-06,0.0,False,False,False,False,-4.048157159746574e-08,-9.007534784685572e-06,1.9911242521204752e-12,
calibrated|15|0|13,calibrated,15,3,13,0.3,0.5,0.15,0.003580389430505781,optimal,False,0.5010126680062967,13,21,650,,,,1.4135422489998746,0.003704708978889144,0.0035801233736510187,0.003580123373649491,0.003580123373649489,2,0,True,ok,True,-2.660568444068541e-07,0.003580123373661374,0.003580123373649489,1e-06,0.58,True,False,False,False,-2.660568562918783e-07,-7.430947427813571e-05,0.034799249142259396,
calibrated|15|0|14,calibrated,15,3,14,0.3,0.5,0.15,0.0001608619446474567,optimal,False,0.5411534890008625,14,21,650,,,,1.4845290229932289,0.00016076944330456678,0.0001607694432995584,0.0001607694432995584,0.00016076944329736166,4,0,True,ok,True,-9.250134487748989e-08,0.00016076944330257922,0.00016076944329736166,1e-06,0.69,False,False,False,False,-9.250135009505021e-08,-9.250135009505021e-05,7.205119747361044e-12,
calibrated|15|0|15,calibrated,15,3,15,0.3,0.5,0.15,0.0015940702722459226,optimal,False,0.7743761539968546,12,21,650,,,,1.9409348919944023,0.0015940359457212074,0.0015940359457158814,0.0015940359457158814,0.0015940359457157968,1,0,True,ok,True,-3.432652533616812e-08,0.0015940359457205864,0.0015940359457157968,1e-06,0.0,False,False,False,False,-3.4326530125739635e-08,-2.1533887635565895e-05,3.3942788656136905e-12,
calibrated|15|0|16,calibrated,15,3,16,0.3,0.5,0.15,0.0011309250366688267,optimal,False,0.818903417995898,13,21,650,,,,2.8466738869974506,0.0015589267786130971,0.0011307329221176246,0.0011307329221174585,0.001130732922117223,3,0,True,ok,True,-1.9211454721783545e-07,0.0011307329221216088,0.001130732922117223,1e-06,0.33,True,False,False,False,-1.9211455160365008e-07,-0.00016987381601306592,0.3786869986009687,
calibrated|15|0|17,calibrated,15,3,17,0.3,0.5,0.15,-0.0028533304432235666,optimal,False,0.5185509959992487,13,21,650,,,,1.7321949770048377,-0.002853385278151612,-0.0028533852781540926,-0.002853385278154672,-0.002853385278154717,1,0,True,ok,True,-5.483492517520394e-08,-0.002853385278148742,-0.002853385278154717,1e-06,0.0,False,False,False,False,-5.4834931150458954e-08,-1.9217869167830725e-05,1.0882354534353619e-12,
calibrated|15|0|18,calibrated,15,3,18,0.3,0.5,0.15,0.0033841704640551243,optimal,False,0.7775984350009821,12,21,650,,,,2.5257753250043606,0.0038387252390981366,0.0033841491003183503,0.0033841491003183503,0.0033841491003183503,6,0,True,ok,True,-2.1363730123933472e-08,0.0033841491003250004,0.0033841491003183503,1e-06,0.85,True,False,False,False,-2.1363736773995917e-08,-6.312842984982663e-06,0.13432509186342403,
calibrated|15|0|19,calibrated,15,3,19,0.3,0.5,0.15,-0.0003629554189146849,optimal,False,0.7745869349964778,12,21,650,,,,2.467582201003097,0.0031005590997867315,-0.0003631057116734298,-0.00036310571167727854,-0.0003631057116786359,9,0,True,ok,True,-1.502927615921264e-07,-0.000363105711676277,-0.0003631057116786359,1e-06,0.75,True,False,False,False,-1.5029276395102506e-07,-0.00015029276395102506,3.4636648114653674,
calibrated|15|0|20,calibrated,15,3,20,0.3,0.5,0.15,0.004918658237131495,optimal,False,0.46960679499898106,11,21,650,,,,1.1719397179986117,0.004918583841307059,0.00491858384130536,0.004918583841300899,0.004918583841300723,1,0,True,ok,True,-7.439582459540378e-08,0.0049185838413069,0.004918583841300723,1e-06,0.0,False,False,False,False,-7.439583077188672e-08,-1.5125228707752931e-05,1.2881914185953384e-12,
calibrated|15|0|21,calibrated,15,3,21,0.3,0.5,0.15,0.002106207034797436,optimal,False,0.7601133990028757,12,21,650,,,,1.6135111059993505,0.0021060274535235346,0.0021060274535235346,0.0021060274535233572,0.0021060274535233472,1,0,True,ok,True,-1.7958127016383732e-07,0.002106027453527272,0.0021060274535233472,1e-06,0.0,False,False,False,False,-1.7958127408864918e-07,-8.526287830290168e-05,8.895901859781631e-14,
calibrated|15|0|22,calibrated,15,3,22,0.3,0.5,0.15,-0.0018389246919157487,optimal,False,0.49960564399953,12,21,650,,,,1.9351036040025065,-0.0013229706976479287,-0.0018390446134696236,-0.0018390446134708902,-0.0018390446134709422,4,0,True,ok,True,-1.199215509087477e-07,-0.0018390446134666574,-0.0018390446134709422,1e-06,0.82,True,False,False,False,-1.199215551935147e-07,-6.521286908632633e-05,0.2806206614253884,
calibrated|15|0|23,calibrated,15,3,23,0.3,0.5,0.15,-0.00236424287886019,optimal,False,0.5054295119989547,13,21,650,,,,1.429096223997476,-0.002083443996250372,-0.0020834439962573417,-0.002364350120281467,-0.002364350120281467,2,0,True,ok,True,-1.0724141744468743e-07,-0.0023643501202776345,-0.002364350120281467,1e-06,0.68,True,True,False,False,-1.0724142127712527e-07,-4.535973111562326e-05,0.11880902139724302,
calibrated|15|0|24,calibrated,15,3,24,0.3,0.5,0.15,0.004630675502528607,optimal,False,0.8498894039948937,14,21,650,,,,2.7904100630039466,0.004630622084881528,0.004630622084881528,0.004630622084880256,0.004630622084880027,2,0,True,ok,True,-5.341764318465142e-08,0.0046306220848854225,0.004630622084880027,1e-06,0.78,False,False,False,False,-5.341764858050879e-08,-1.153560610138624e-05,3.2423357832640446e-13,
calibrated|15|0|25,calibrated,15,3,25,0.3,0.5,0.15,0.0012133740553795438,optimal,False,0.7765128800019738,12,21,650,,,,2.3365150390018243,0.004061906711914184,0.0012132467410276265,0.0012132467410267956,0.0012132467410266438,2,0,True,ok,True,-1.2731433626962663e-07,0.0012132467410432741,0.0012132467410266438,1e-06,0.05,True,False,False,False,-1.273143528999869e-07,-0.00010492589019481131,2.3479642471382345,
calibrated|15|0|26,calibrated,15,3,26,0.3,0.5,0.15,0.0007306217340342571,optimal,False,0.8132301209989237,13,21,650,,,,2.650436064999667,0.0013284615199664342,0.0007304587848586748,0.0007304587848586748,0.0007304587848586506,2,0,True,ok,True,-1.6294912111205605e-07,0.000730458784913145,0.0007304587848586506,1e-06,0.09,True,False,False,False,-1.629491756064425e-07,-0.0001629491756064425,0.5980027351077836,
calibrated|15|0|27,calibrated,15,3,27,0.3,0.5,0.15,0.00266460917770993,optimal,False,0.5475896499992814,12,21,650,,,,2.799347300999216,0.003064132432969743,0.003046446845021061,0.0026643007882534275,0.002664300788249782,5,0,True,ok,True,-3.0838945355802366e-07,0.002664300788256372,0.002664300788249782,1e-06,0.76,True,True,False,False,-3.0838946014823815e-07,-0.00011573534412775692,0.15007000954371089,
calibrated|15|0|28,calibrated,15,3,28,0.3,0.5,0.15,0.0013815824989241363,optimal,False,0.5207178549972014,13,21,650,,,,1.3263726820005104,0.0013815405933554237,0.0013815405933502265,0.0013815405933502265,0.0013815405933502265,1,0,True,ok,True,-4.1905571023003255e-08,0.0013815405933531133,0.0013815405933502265,1e-06,0.0,False,False,False,False,-4.190557390979996e-08,-3.033157552475701e-05,3.761910116172022e-12,
calibrated|15|0|29,calibrated,15,3,29,0.3,0.5,0.15,0.004843897970744161,optimal,False,0.5199218680063495,12,21,650,,,,1.5204663170006825,0.0051204538983226884,0.0051204538983226884,0.004843848683926272,0.004843848683926272,2,0,True,ok,True,-4.9286815433612075e-08,0.0048438486839287274,0.004843848683926272,1e-06,0.89,True,True,False,False,-4.9286817889113155e-08,-1.017503221306317e-05,0.057104429235020814,
calibrated|15|0|30,calibrated,15,3,30,0.3,0.5,0.15,-0.0057813370570777185,optimal,False,0.8148070120005286,12,21,650,,,,2.2214762330040685,-0.0057815570985042045,-0.005781557098515991,-0.005781557098517215,-0.005781557098517965,1,0,True,ok,True,-2.2004143403631798e-07,-0.005781557098511755,-0.005781557098517965,1e-06,0.0,False,False,False,False,-2.2004144024662803e-07,-3.806064895961142e-05,2.3801017163202308e-12,
calibrated|15|0|31,calibrated,15,3,31,0.3,0.5,0.15,0.0023586474845502703,optimal,False,0.6593181150019518,13,21,650,,,,1.1271549680022872,0.0023586272881087607,0.0023586272881047673,0.0023586272881047673,0.002358627288104531,1,0,True,ok,True,-2.019644253226094e-08,0.002358627288107738,0.002358627288104531,1e-06,0.0,False,False,False,False,-2.0196445739330965e-08,-8.562723285960588e-06,1.7932843975105389e-12,
calibrated|15|0|32,calibrated,15,3,32,0.3,0.5,0.15,0.005266503673634686,optimal,False,0.7982615529981558,12,21,650,,,,2.5457370669973898,0.005266419596587657,0.005266419596587428,0.005266419596587126,0.00526641959658659,1,0,True,ok,True,-8.407704453830545e-08,0.0052664195965901476,0.00526641959658659,1e-06,0.0,False,False,False,False,-8.40770480962233e-08,-1.5964490543722984e-05,2.02741593198492e-13,
calibrated|15|0|33,calibrated,15,3,33,0.3,0.5,0.15,0.007640492064422436,optimal,False,0.5484049340011552,11,21,650,,,,0.8366894880018663,0.007640390617858033,0.007640390617858033,0.007640390617856092,0.007640390617856092,1,0,True,ok,True,-1.0144656107258926e-07,0.007640390617861363,0.007640390617856092,1e-06,0.0,False,False,False,False,-1.0144656634354654e-07,-1.3277491225457499e-05,2.54064964307118e-13,
calibrated|15|0|34,calibrated,15,3,34,0.3,0.5,0.15,0.0029784960351577072,optimal,False,0.8069697330065537,13,21,650,,,,2.4076486120029585,0.003514382490371153,0.002978465283523679,0.0029784652835231273,0.002978465283520985,3,0,True,ok,True,-3.07516298276439e-08,0.0029784652835278796,0.002978465283520985,1e-06,0.77,True,False,False,False,-3.0751636722302356e-08,-1.0324551840699059e-05,0.1799306541577798,
calibrated|15|0|35,calibrated,15,3,35,0.3,0.5,0.15,-0.0010646440385633533,optimal,False,0.8118269089973182,12,21,650,,,,1.9904767840052955,-0.001064691493606369,-0.0010646914936082777,-0.001064691493608847,-0.0010646914936102577,1,0,True,ok,True,-4.7455043820964285e-08,-0.0010646914936071742,-0.0010646914936102577,1e-06,0.0,False,False,False,False,-4.7455046904435264e-08,-4.457362760277306e-05,3.6523251431742684e-12,
calibrated|15|0|36,calibrated,15,3,36,0.3,0.5,0.15,0.005348974672400554,optimal,False,0.49653545999899507,12,21,650,,,,1.1494549890048802,0.005348746405335204,0.005348746405331987,0.005348746405329985,0.0053487464053292135,1,0,True,ok,True,-2.2826706939146207e-07,0.0053487464053311624,0.0053487464053292135,1e-06,0.0,False,False,False,False,-2.282670713404239e-07,-4.267492095601575e-05,1.1200507689646519e-12,
calibrated|15|0|37,calibrated,15,3,37,0.3,0.5,0.15,0.0035489820256811013,optimal,False,0.506731237997883,13,21,650,,,,1.6772008560001268,0.003548850490601727,0.003548850490601727,0.0035488504905995767,0.0035488504905994978,8,0,True,ok,True,-1.3153507660585567e-07,0.0035488504906044955,0.0035488504905994978,1e-06,0.89,False,False,False,False,-1.31535081603594e-07,-3.7062763533819393e-05,6.281244229743919e-13,
calibrated|15|0|38,calibrated,15,3,38,0.3,0.5,0.15,0.006261823805377922,optimal,False,0.7625343030013028,12,21,650,,,,1.9714230689933174,0.0062616847436541365,0.006261684743649115,0.00626168474364721,0.006261684743646958,1,0,True,ok,True,-1.3906172021630608e-07,0.006261684743657706,0.006261684743646958,1e-06,0.0,False,False,False,False,-1.3906173096378538e-07,-2.220786392046886e-05,1.1463824892933238e-12,
calibrated|15|0|39,calibrated,15,3,39,0.3,0.5,0.15,0.005972729302351885,optimal,False,0.5889208099979442,12,21,650,,,,1.8741017399952398,0.005972675932523266,0.0059726759325172225,0.0059726759325172225,0.0059726759325172225,1,0,True,ok,True,-5.336982151354919e-08,0.005972675932530372,0.0059726759325172225,1e-06,0.0,False,False,False,False,-5.3369834662753135e-08,-8.935585719871427e-06,1.0119043220474893e-12,
calibrated|15|0|40,calibrated,15,3,40,0.3,0.5,0.15,0.00329171813172531,optimal,False,0.8446474329975899,12,21,650,,,,2.400429148998228,0.0032914635107862958,0.0032914635107832873,0.0032914635107832058,0.0032914635107824763,1,0,True,ok,True,-2.5462093282890494e-07,0.003291463510792481,0.0032914635107824763,1e-06,0.0,False,False,False,False,-2.546209428334889e-07,-7.735198842801062e-05,1.1604039967995714e-12,
calibrated|15|0|41,calibrated,15,3,41,0.3,0.5,0.15,0.003312110326509743,optimal,False,0.7821432330019888,12,21,650,,,,2.724911315999634,0.0033118976623456734,0.003311897662334867,0.003311897662334867,0.003311897662334725,1,0,True,ok,True,-2.1266415566739694e-07,0.0033118976623540755,0.003311897662334725,1e-06,0.0,False,False,False,False,-2.1266417501780363e-07,-6.42080589271633e-05,3.305740289704673e-12,
calibrated|15|0|42,calibrated,15,3,42,0.3,0.5,0.15,-0.0005120771945778106,optimal,False,0.5285966759984149,12,21,650,,,,1.5212201699978323,-0.0005123104142644384,-0.0005123104142680818,-0.0005123104142692343,-0.0005123104142693298,6,0,True,ok,True,-2.332196832635332e-07,-0.0005123104142610741,-0.0005123104142693298,1e-06,0.43,False,False,False,False,-2.3321969151919066e-07,-0.00023321969151919066,4.891378101168353e-12,
calibrated|15|0|43,calibrated,15,3,43,0.3,0.5,0.15,0.0006523918669935267,optimal,False,0.5542393360010465,13,21,650,,,,1.2705248909987858,0.0008835312975326169,0.0006523430493868107,0.0006523430493828415,0.0006523430493820783,3,0,True,ok,True,-4.8817603414330266e-08,0.0006523430493901123,0.0006523430493820783,1e-06,0.35,True,False,False,False,-4.8817611448376784e-08,-4.8817611448376784e-05,0.23118824815053865,
calibrated|15|0|44,calibrated,15,3,44,0.3,0.5,0.15,0.00389512084275941,optimal,False,0.8115633380002691,12,21,650,,,,2.0025941750063794,0.003894911970266864,0.003894911970262832,0.0038949119702615907,0.003894911970261065,1,0,True,ok,True,-2.0887248928982277e-07,0.0038949119702701204,0.003894911970261065,1e-06,0.0,False,False,False,False,-2.0887249834507932e-07,-5.362413819159159e-05,1.4888005027063033e-12,
calibrated|15|0|45,calibrated,15,3,45,0.3,0.5,0.15,-0.00447821188484967,optimal,False,0.8205314519946114,13,21,650,,,,1.9825454079982592,-0.004478237280992021,-0.004478237280996596,-0.004478237280996596,-0.004478237280996817,1,0,True,ok,True,-2.5396139835195952e-08,-0.0044782372809895055,-0.004478237280996817,1e-06,0.0,False,False,False,False,-2.5396147147055403e-08,-5.671046346193137e-06,1.0710710733059256e-12,
calibrated|15|0|46,calibrated,15,3,46,0.3,0.5,0.15,0.002728941977678449,optimal,False,0.5886730799975339,13,21,650,,,,2.7415011289995164,0.0027288957407855838,0.0027288957407855838,0.002728895740782466,0.002728895740781926,2,0,True,ok,True,-4.6236892722092277e-08,0.002728895740785727,0.002728895740781926,1e-06,0.75,False,False,False,False,-4.623689652287141e-08,-1.6943158521166442e-05,1.340345984800814e-12,
calibrated|15|0|47,calibrated,15,3,47,0.3,0.5,0.15,-0.002179895985519731,optimal,False,0.6126364960000501,13,21,650,,,,1.4082942009990802,0.0018108963975619911,-0.0021167860100618067,-0.0021799496840392875,-0.0021799496840392975,6,0,True,ok,True,-5.369851574033371e-08,-0.0021799496840354715,-0.0021799496840392975,1e-06,0.82,True,True,False,False,-5.369851956626634e-08,-2.463352376579726e-05,1.8307055941798271,
calibrated|15|0|48,calibrated,15,3,48,0.3,0.5,0.15,0.003966853229302972,optimal,False,0.7149030889995629,14,21,650,,,,1.2005461629960337,0.0039668184661516255,0.003966818466151312,0.003966818466151312,0.003966818466150578,1,0,True,ok,True,-3.476314403092623e-08,0.003966818466158941,0.003966818466150578,1e-06,0.0,False,False,False,False,-3.476315239402811e-08,-8.763407765438413e-06,2.641343405126265e-13,
calibrated|15|0|49,calibrated,15,3,49,0.3,0.5,0.15,-0.002707192321937819,optimal,False,0.7615644309989875,12,21,650,,,,2.114618799998425,-0.0015531859973683096,-0.0027072600254520168,-0.0027072600254520168,-0.0027072600254520376,5,0,True,ok,True,-6.77035133199444e-08,-0.002707260025451139,-0.0027072600254520376,1e-06,0.55,True,False,False,False,-6.770351421853116e-08,-2.5008756736598865e-05,0.4262885785753179,
calibrated|30|0|0,calibrated,30,6,0,0.3,0.5,0.15,0.001929726033302103,optimal_inaccurate,True,2.099427952001861,16,28,1440,,,,3.782092837995151,0.0019285191443037166,0.0019285191443025916,0.0019285191443018709,0.0019285191443018709,1,0,True,ok,True,-1.2068889968771049e-06,0.0019285191443052258,0.0019285191443018709,1e-06,0.0,False,False,False,False,-1.20688900023206e-06,-0.0006254198675896284,9.570793133648087e-13,
calibrated|30|0|1,calibrated,30,6,1,0.3,0.5,0.15,-0.0035680107847990998,optimal,False,2.5610751810017973,19,28,1440,,,,3.681345633995079,-0.001365293440848533,-0.0033429542244460264,-0.0035682410065941,-0.003568241006659003,22,0,True,ok,True,-2.3022185685356994e-07,-0.0035682410066559533,-0.003568241006659003,1e-06,0.88,True,True,False,False,-2.302218599032138e-07,-6.452386884143812e-05,0.6173763380050168,
calibrated|30|0|2,calibrated,30,6,2,0.3,0.5,0.15,-0.00436062529664384,optimal,False,2.819248266001523,14,28,1440,,,,4.425248787003511,-0.003560133892744899,-0.003560133892744899,-0.00436085383578089,-0.004360853835782611,11,0,True,ok,True,-2.285391217538707e-07,-0.0043608538357655935,-0.004360853835782611,1e-06,0.89,True,True,False,False,-2.28539138771508e-07,-5.24097172365173e-05,0.18361540496209106,
calibrated|30|0|3,calibrated,30,6,3,0.3,0.5,0.15,-0.0034201995187224652,optimal,False,2.652455421994091,14,28,1440,,,,4.294968164998863,-0.002835815377940549,-0.003420276105559812,-0.00342027610556007,-0.0034202761055600705,17,0,True,ok,True,-7.65868368749964e-08,-0.0034202761055593402,-0.0034202761055600705,1e-06,0.77,True,False,False,False,-7.658683760531498e-08,-2.239250581320536e-05,0.1708811539131038,
calibrated|30|0|4,calibrated,30,6,4,0.3,0.5,0.15,0.000771499639046891,optimal,False,1.7684268919983879,14,28,1440,,,,2.7849911610028357,0.000771394137128411,0.0007713941371277015,0.0007713941371259135,0.0007713941371249126,3,0,True,ok,True,-1.055019137307647e-07,0.0007713941371331602,0.0007713941371249126,1e-06,0.08,False,False,False,False,-1.0550192197839904e-07,-0.00010550192197839904,3.498395149958977e-12,
calibrated|30|0|5,calibrated,30,6,5,0.3,0.5,0.15,0.0006033093129865939,optimal,False,2.2963818360003643,13,28,1440,,,,2.1617913880036213,0.002599620693115819,0.0006032520351210041,0.000603252035105359,0.000603252035105359,3,0,True,ok,True,-5.727786680273083e-08,0.0006032520351197912,0.000603252035105359,1e-06,0.73,True,False,False,False,-5.727788123487121e-08,-5.727788123487121e-05,1.99636865801046,
calibrated|30|0|6,calibrated,30,6,6,0.3,0.5,0.15,-0.006516355967144298,optimal,False,2.635701978004363,18,28,1440,,,,5.73808370000188,-0.00645593447358733,-0.006455934473587481,-0.006516551768732357,-0.006516551768742149,9,0,True,ok,True,-1.9580159933089286e-07,-0.006516551768743629,-0.006516551768743629,1e-06,0.89,True,True,False,False,-1.9580159785030637e-07,-3.0047713605202828e-05,0.00930205073288111,
calibrated|30|0|7,calibrated,30,6,7,0.3,0.5,0.15,-0.0068747066086057755,optimal,False,2.9837061090001953,18,28,1440,,,,4.500920892001886,-0.00449439212680176,-0.005649537738430533,-0.0057888084199484505,-0.006875035580229663,12,0,True,ok,True,-3.2897162611632974e-07,-0.006875035580231892,-0.006875035580231892,1e-06,0.95,True,True,True,False,-3.289716238872101e-07,-4.7852460129047916e-05,0.34627361933592116,
calibrated|30|0|8,calibrated,30,6,8,0.3,0.5,0.15,-0.003277562163703196,optimal,False,2.655228083000111,14,28,1440,,,,5.127789298996504,-0.0029824012960533676,-0.003277618870002275,-0.003277618870002275,-0.003277618870014227,11,0,True,ok,True,-5.670629242473385e-08,-0.0032776188699956206,-0.003277618870014227,1e-06,0.94,True,False,False,False,-5.670631103094417e-08,-1.730136857781938e-05,0.09007074515640004,
calibrated|30|0|9,calibrated,30,6,9,0.3,0.5,0.15,0.0023494681445005404,optimal,False,2.1803445170007762,14,28,1440,,,,4.4348612670000875,0.002775325550873725,0.002349017013276947,0.002349017013276947,0.0023490170132691797,3,0,True,ok,True,-4.511312294772085e-07,0.002349017013271063,0.0023490170132691797,1e-06,0.88,True,False,False,False,-4.5113123136068453e-07,-0.00019201419368747725,0.1814838016056947,
calibrated|30|0|10,calibrated,30,6,10,0.3,0.5,0.15,0.0018110638388293366,optimal,False,1.9550478320015827,13,28,1440,,,,3.0733910819981247,0.0018108921056628248,0.0018108921056628248,0.0018108921056604243,0.0018108921056603918,5,0,False,ok,True,-1.7173316214881204e-07,0.0018108921056671878,0.0018108921056603918,1e-06,0.22,False,False,False,False,-1.717331689448081e-07,-9.482447016103841e-05,1.3435089078210044e-12,
calibrated|30|0|11,calibrated,30,6,11,0.3,0.5,0.15,0.0016919058641471606,optimal_inaccurate,True,2.1780914510018192,13,28,1440,,,,3.480764290994557,0.0016909535877357228,0.001690953587730414,0.0016909535877297982,0.0016909535877279987,2,0,True,ok,True,-9.52276410630306e-07,0.0016909535877365303,0.0016909535877279987,1e-06,0.03,False,False,False,False,-9.522764191618929e-07,-0.0005628424366517029,4.567880025376368e-12,
calibrated|30|0|12,calibrated,30,6,12,0.3,0.5,0.15,5.297094675811205e-05,optimal,False,1.7700348389989813,14,28,1440,,,,2.367954920999182,5.2920072364758345e-05,5.2920072364758345e-05,5.2920072364108813e-05,5.292007236320918e-05,1,0,True,ok,True,-5.087438548932792e-08,5.292007237262272e-05,5.292007236320918e-05,1e-06,0.0,False,False,False,False,-5.087439490286585e-08,-5.087439490286585e-05,1.549162274155913e-12,
calibrated|30|0|13,calibrated,30,6,13,0.3,0.5,0.15,0.0006404418989727502,optimal,False,2.5029050919984,13,28,1440,,,,3.040168506995542,0.0010056159748172472,0.0006404101290390412,0.0006404101290390412,0.0006404101290390412,4,0,True,ok,True,-3.176992810494106e-08,0.0006404101290446453,0.0006404101290390412,1e-06,0.91,True,False,False,False,-3.176993370907367e-08,-3.176993370907367e-05,0.365205845778206,
calibrated|30|0|14,calibrated,30,6,14,0.3,0.5,0.15,-0.0029833258071537733,optimal,False,2.4792182890014374,17,28,1440,,,,3.9078805160024785,-0.0028015826726334302,-0.0028015826726338205,-0.0029837269214641124,-0.002983726921465698,2,0,True,ok,True,-4.0111431179627385e-07,-0.0029837269214655696,-0.002983726921465698,1e-06,0.89,True,True,False,False,-4.011143119246434e-07,-0.00013445206385531336,0.06104588443462275,
calibrated|30|0|15,calibrated,30,6,15,0.3,0.5,0.15,-5.7754966883431226e-05,optimal,False,2.436334796002484,13,28,1440,,,,4.325916564004729,0.0006287173189414366,-5.796399260123945e-05,-5.796399260123945e-05,-5.7963992602309605e-05,3,0,True,ok,True,-2.0902571215456416e-07,-5.796399259558579e-05,-5.7963992602309605e-05,1e-06,0.2,True,False,False,False,-2.0902571887837946e-07,-0.00020902571887837946,0.6866813115437462,
calibrated|30|0|16,calibrated,30,6,16,0.3,0.5,0.15,-0.004952584734730041,optimal,False,2.272652763000224,16,28,1440,,,,4.278503205001471,-0.004761050315705551,-0.004761050315705551,-0.004952662463152557,-0.004952662463152557,6,0,True,ok,True,-7.772842283357284e-08,-0.004952662463152875,-0.004952662463152875,1e-06,0.82,True,True,False,False,-7.772842251611844e-08,-1.5694516435235775e-05,0.0386887151855979,
calibrated|30|0|17,calibrated,30,6,17,0.3,0.5,0.15,-0.005916835046046763,optimal,False,2.0483513139988645,14,28,1440,,,,4.710195420004311,-0.00432943075327212,-0.00432943075327212,-0.005734795118850067,-0.005917036087452836,16,0,True,ok,True,-2.0104140536006398e-07,-0.005917036087452123,-0.005917036087452836,1e-06,0.97,True,True,True,False,-2.0104140607303533e-07,-3.3977862236899416e-05,0.2683109095020153,
calibrated|30|0|18,calibrated,30,6,18,0.3,0.5,0.15,-0.0011807032687176445,optimal,False,2.160614209002233,16,28,1440,,,,4.425427178000973,-0.0011808182083913156,-0.001180818208412789,-0.0011808182084175308,-0.0011808182084177242,4,0,True,ok,True,-1.1493969646891866e-07,-0.0011808182084141134,-0.0011808182084177242,1e-06,0.39,False,False,False,False,-1.1493970007974558e-07,-9.734850671208946e-05,2.2364630430216635e-11,
calibrated|30|0|19,calibrated,30,6,19,0.3,0.5,0.15,-0.001371626083389537,optimal_inaccurate,True,2.437837732002663,14,28,1440,,,,3.4319328269994003,-0.0005510404643275079,-0.0008183546612999743,-0.0013723920477995703,-0.0013723920478045935,9,0,True,ok,True,-7.659644192367556e-07,-0.0013723920478087737,-0.0013723920478087737,1e-06,0.98,True,True,False,False,-7.659644150565057e-07,-0.0005584352939422591,0.5984817420012559,
calibrated|30|0|20,calibrated,30,6,20,0.3,0.5,0.15,4.9397501606262076e-05,optimal,False,2.048867749996134,13,28,1440,,,,3.7797575750009855,4.931939890662562e-05,4.9319398902757566e-05,4.9319398902326244e-05,4.931939890140446e-05,3,0,True,ok,True,-7.810270017463976e-08,4.9319398906087436e-05,4.931939890140446e-05,1e-06,0.07,False,False,False,False,-7.810270485761388e-08,-7.810270485761388e-05,5.2211585207205535e-12,
calibrated|30|0|21,calibrated,30,6,21,0.3,0.5,0.15,-0.008893586330896666,optimal,False,2.3153391599989845,15,28,1440,,,,5.483131034001417,-0.008893697323525284,-0.008893697323550812,-0.00889369732355125,-0.008893697323554908,5,0,True,ok,True,-1.1099265331306063e-07,-0.00889369732354998,-0.008893697323554908,1e-06,0.48,False,False,False,False,-1.1099265824141002e-07,-1.2480078801935862e-05,3.3308838519607895e-12,
calibrated|30|0|22,calibrated,30,6,22,0.3,0.5,0.15,-0.006513958088536363,optimal,False,2.3386216840008274,13,28,1440,,,,3.97168158400018,-0.006514431417463227,-0.006514431417465618,-0.006514431417466592,-0.00651443141747013,10,0,True,ok,True,-4.7332892593766884e-07,-0.006514431417462301,-0.00651443141747013,1e-06,0.52,False,False,False,False,-4.733289337664759e-07,-7.266379785271682e-05,1.0595651820665383e-12,
calibrated|30|0|23,calibrated,30,6,23,0.3,0.5,0.15,0.0013950446111724354,optimal,False,2.3194519050011877,13,28,1440,,,,2.974263306998182,0.0013946134401190777,0.0013946134401190777,0.0013946134401190777,0.0013946134401190777,3,0,True,ok,True,-4.3117105002522804e-07,0.0013946134401224101,0.0013946134401190777,1e-06,0.85,False,False,False,False,-4.3117105335763184e-07,-0.0003090733084121685,0.0,
calibrated|30|0|24,calibrated,30,6,24,0.3,0.5,0.15,0.0013446809631462336,optimal,False,1.7517008340000757,14,28,1440,,,,2.3089897659956478,0.0021309822385863733,0.0021309822385830023,0.0013445599218645098,0.0013445599218645098,4,0,True,ok,True,-1.210412688896264e-07,0.001344559921877344,0.0013445599218645098,1e-06,0.85,True,True,False,False,-1.210412817237612e-07,-9.001486972832083e-05,0.5848919813341801,
calibrated|30|0|25,calibrated,30,6,25,0.3,0.5,0.15,-0.005158609637047905,optimal_inaccurate,True,1.75510827099788,16,28,1440,,,,4.754207960999338,-0.003105310766650011,-0.004572739694362644,-0.005159814212281165,-0.0051598142122859045,18,0,True,ok,True,-1.2045752343326985e-06,-0.005159814212282237,-0.0051598142122859045,1e-06,0.92,True,True,False,False,-1.204575237999904e-06,-0.00023350773226741788,0.3981739188872279,
calibrated|30|0|26,calibrated,30,6,26,0.3,0.5,0.15,-0.0009639972603015842,optimal_inaccurate,True,2.393452805998095,14,28,1440,,,,3.464132638000592,-0.0009648210925537991,-0.0009648210925537991,-0.0009648210926271363,-0.0009648210926277417,8,0,True,ok,True,-8.238323043199217e-07,-0.0009648210926059041,-0.0009648210926277417,1e-06,0.89,False,False,False,False,-8.238323261574882e-07,-0.0008238323261574882,7.39425881635114e-11,
calibrated|30|0|27,calibrated,30,6,27,0.3,0.5,0.15,-0.002679748781017251,optimal,False,2.481433619999734,14,28,1440,,,,3.503934077001759,-0.0026802091806928836,-0.0026802091806928836,-0.0026802091806957112,-0.002680209180696117,3,0,True,ok,True,-4.6039967572641255e-07,-0.0026802091806929773,-0.002680209180696117,1e-06,0.79,False,False,False,False,-4.6039967886626204e-07,-0.00017180702987072214,1.2064448485998177e-12,
calibrated|30|0|28,calibrated,30,6,28,0.3,0.5,0.15,-0.0018582078638864302,optimal,False,1.7636421200004406,14,28,1440,,,,4.338156948004325,0.00048351023801991057,-0.0018585235968104387,-0.0018585235968317584,-0.0018585235968465903,8,0,True,ok,True,-3.157329592112009e-07,-0.0018585235968456414,-0.0018585235968465903,1e-06,0.92,True,False,False,False,-3.1573296016009465e-07,-0.00016991261650337714,1.2601582454160367,
calibrated|30|0|29,calibrated,30,6,29,0.3,0.5,0.15,-0.002366289269367008,optimal,False,2.314669518993469,13,28,1440,,,,5.038837348998641,-0.0021109814858256137,-0.0023666366934298327,-0.0023666366934298327,-0.002366636693431498,5,0,True,ok,True,-3.4742406177347765e-07,-0.0023666366934287815,-0.002366636693431498,1e-06,0.89,True,False,False,False,-3.474240644900546e-07,-0.00014682231331040603,0.10802469526287865,
calibrated|30|0|30,calibrated,30,6,30,0.3,0.5,0.15,-0.003948323617084694,optimal,False,2.0804415669990703,15,28,1440,,,,4.23518663199502,-0.000877281142218955,-0.003948421257784189,-0.003948421257789888,-0.003948421257791347,6,0,True,ok,True,-9.764068728459335e-08,-0.003948421257771979,-0.003948421257791347,1e-06,0.56,True,False,False,False,-9.764070665278096e-08,-2.4729661527814552e-05,0.7778147049310323,
calibrated|30|0|31,calibrated,30,6,31,0.3,0.5,0.15,-0.005973085870459999,optimal,False,1.8267464460004703,16,28,1440,,,,3.511279032994935,-0.002260182590538203,-0.005086139240639005,-0.005973260945469952,-0.005973260945469952,27,0,True,ok,True,-1.7507500463774528e-07,-0.0059732609454646365,-0.005973260945469952,1e-06,0.89,True,True,False,False,-1.75075009952938e-07,-2.93106467494088e-05,0.6216166326615451,
calibrated|30|0|32,calibrated,30,6,32,0.3,0.5,0.15,0.0006263589312598156,optimal_inaccurate,True,1.7540698829980101,13,28,1440,,,,3.769130602995574,0.0006249695159399646,0.0006249695159374936,0.0006249695159339793,0.0006249695159337602,1,0,True,ok,True,-1.3894153208627398e-06,0.0006249695159389529,0.0006249695159337602,1e-06,0.0,False,False,False,False,-1.3894153260554177e-06,-0.0013894153260554177,6.204455352265548e-12,
calibrated|30|0|33,calibrated,30,6,33,0.3,0.5,0.15,-0.004368017155577154,optimal,False,2.509857582001132,15,28,1440,,,,5.024029456006247,-0.00436830145978628,-0.004368301459804977,-0.004368301459806868,-0.004368301459807475,7,0,True,ok,True,-2.84304228770349e-07,-0.004368301459805924,-0.004368301459807475,1e-06,0.33,False,False,False,False,-2.843042303211918e-07,-6.5087709181313e-05,4.851966290444331e-12,
calibrated|30|0|34,calibrated,30,6,34,0.3,0.5,0.15,-0.007682054028586689,optimal_inaccurate,True,2.279759890996502,14,28,1440,,,,4.743123125997954,-0.007683551026947901,-0.007683551026952156,-0.007683551026953155,-0.007683551026955966,6,0,True,ok,True,-1.4969983656220806e-06,-0.007683551026952311,-0.007683551026955966,1e-06,0.38,False,False,False,False,-1.496998369277143e-06,-0.00019486954448725145,1.049722553186395e-12,
calibrated|30|0|35,calibrated,30,6,35,0.3,0.5,0.15,4.840235829137186e-06,optimal,False,1.8026002710030298,14,28,1440,,,,2.4012311980040977,4.713491071336312e-06,4.713491070137618e-06,4.713491069900002e-06,4.713491069900002e-06,4,0,True,ok,True,-1.2674475678085694e-07,4.7134910723563295e-06,4.713491069900002e-06,1e-06,0.31,False,False,False,False,-1.2674475923718472e-07,-0.0001267447592371847,1.436310380527328e-12,
calibrated|30|0|36,calibrated,30,6,36,0.3,0.5,0.15,-0.001304490621807052,optimal,False,2.4217308920051437,14,28,1440,,,,3.9419907680057804,-0.0010234984035735449,-0.0013046491384965493,-0.001304649138510294,-0.0013046491385125113,9,0,True,ok,True,-1.5851668686960724e-07,-0.0013046491384939216,-0.0013046491385125113,1e-06,0.8,True,False,False,False,-1.5851670545933769e-07,-0.00012151617099381799,0.21549911515636988,
calibrated|30|0|37,calibrated,30,6,37,0.3,0.5,0.15,-0.0036727393071491524,optimal_inaccurate,True,1.5250337359975674,14,28,1440,,,,2.636332191003021,0.00017326729746537498,-0.003674359333686244,-0.0036743593336865435,-0.0036743593336873537,4,0,True,ok,True,-1.6200265288454467e-06,-0.003674359333677998,-0.0036743593336873537,1e-06,0.63,True,False,False,False,-1.620026538201244e-06,-0.00044109488932356005,1.0471557846498087,
calibrated|30|0|38,calibrated,30,6,38,0.3,0.5,0.15,-0.0009043458436063216,optimal,False,2.2427736099998583,13,28,1440,,,,5.301393040994299,-0.00033405867813620044,-0.0006281015056493842,-0.0009044441464046278,-0.0009044441464421015,3,0,True,ok,True,-9.830283214686247e-08,-0.0009044441464384685,-0.0009044441464421015,1e-06,0.98,True,True,False,False,-9.830283577991553e-08,-9.830283577991553e-05,0.5703854683059011,
calibrated|30|0|39,calibrated,30,6,39,0.3,0.5,0.15,0.00232925678274405,optimal,False,1.4681733239995083,13,28,1440,,,,3.5595981830047094,0.0026497192723276704,0.002329137073444238,0.0023291370734297434,0.0023291370734295383,6,0,True,ok,True,-1.1970930453289105e-07,0.0023291370734395173,0.0023291370734295383,1e-06,0.81,True,False,False,False,-1.1970931451188785e-07,-5.139378165547756e-05,0.13763990215745045,
calibrated|30|0|40,calibrated,30,6,40,0.3,0.5,0.15,0.0023446544251901937,optimal,False,2.06763115299691,13,28,1440,,,,2.1770977030028007,0.0027494508606142874,0.002671905034268258,0.002344424405612383,0.00234442440560347,4,0,True,ok,True,-2.3001958217565982e-07,0.002344424405608018,0.00234442440560347,1e-06,0.9,True,True,False,False,-2.300195867236711e-07,-9.810383323547238e-05,0.17276157595133076,
calibrated|30|0|41,calibrated,30,6,41,0.3,0.5,0.15,-0.005765014393875339,optimal,False,2.122862960997736,17,28,1440,,,,4.469945929995447,-0.004552387985827418,-0.004552387985827418,-0.004552387985827671,-0.005765150544307023,20,0,True,ok,True,-1.361504322807544e-07,-0.00576515054430762,-0.00576515054430762,1e-06,0.97,True,True,True,False,-1.3615043168400953e-07,-2.3616668126389e-05,0.21036095226995533,
calibrated|30|0|42,calibrated,30,6,42,0.3,0.5,0.15,0.00018747269801990153,optimal,False,2.361706140000024,13,28,1440,,,,3.9405953910027165,0.00018708934645576285,0.00018708934645576285,0.00018708934645282683,0.00018708934645282683,5,0,True,ok,True,-3.833515632064297e-07,0.0001870893464566951,0.00018708934645282683,1e-06,0.46,False,False,False,False,-3.8335156707470044e-07,-0.00038335156707470044,2.936019483090746e-12,
calibrated|30|0|43,calibrated,30,6,43,0.3,0.5,0.15,-0.0028241344117339207,optimal_inaccurate,True,2.023715839997749,14,28,1440,,,,3.2758458009993774,-0.0028247975346273853,-0.0028247975346450994,-0.0028247975346460752,-0.0028247975346478095,10,0,True,ok,True,-6.631229086720945e-07,-0.0028247975346425928,-0.0028247975346478095,1e-06,0.51,False,False,False,False,-6.631229138888417e-07,-0.00023480571998756505,7.230323686836686e-12,
calibrated|30|0|44,calibrated,30,6,44,0.3,0.5,0.15,-0.003030757426517538,optimal,False,2.4008424110070337,14,28,1440,,,,4.184213975000603,-0.0018889871112296298,-0.0023556217645825956,-0.0023556217645888705,-0.0030309295966484302,14,0,True,ok,True,-1.721701280480402e-07,-0.003030929596645586,-0.0030309295966484302,1e-06,0.94,True,True,True,False,-1.7217013089211933e-07,-5.68076248484029e-05,0.37676311804851825,
calibrated|30|0|45,calibrated,30,6,45,0.3,0.5,0.15,-0.0037982647573136896,optimal,False,1.6774094709981,14,28,1440,,,,3.434959839003568,-0.0019834303238494035,-0.0037720895750597214,-0.0037720895750640833,-0.003798722688461222,17,0,True,ok,True,-4.5793114467019766e-07,-0.00379872268845836,-0.003798722688461222,1e-06,0.91,True,True,True,False,-4.579311475324914e-07,-0.00012056325106108761,0.47786914536453123,
calibrated|30|0|46,calibrated,30,6,46,0.3,0.5,0.15,0.0005141621546844495,optimal,False,2.2949299319952843,13,28,1440,,,,5.057502413998009,0.0009487966814405633,0.0005141051884465564,0.0005141051884409958,0.0005141051884404262,6,0,True,ok,True,-5.6966235822486846e-08,0.000514105188448627,0.0005141051884404262,1e-06,0.86,True,False,False,False,-5.696624402328366e-08,-5.696624402328366e-05,0.4346914930001371,
calibrated|30|0|47,calibrated,30,6,47,0.3,0.5,0.15,-0.0014045321092021603,optimal,False,1.9148539900052128,14,28,1440,,,,3.7886332019988913,-0.0013042200585163324,-0.0014046088385096227,-0.001404608838518227,-0.0014046088385190544,6,0,True,ok,True,-7.672931268912914e-08,-0.0014046088385148495,-0.0014046088385190544,1e-06,0.75,True,False,False,False,-7.672931689409884e-08,-5.4629806176296436e-05,0.07147098697496923,
calibrated|30|0|48,calibrated,30,6,48,0.3,0.5,0.15,-0.002494283046105153,optimal,False,2.296046967996517,13,28,1440,,,,4.3987081949962885,-0.0024945797776347416,-0.0024945797776351683,-0.0024945797776376004,-0.00249457977763827,8,0,True,ok,True,-2.967315312850903e-07,-0.002494579777636438,-0.00249457977763827,1e-06,0.75,False,False,False,False,-2.967315331169583e-07,-0.00011896465943602809,1.414437646679452e-12,
calibrated|30|0|49,calibrated,30,6,49,0.3,0.5,0.15,-0.008892739532895239,optimal,False,1.766892015999474,14,28,1440,,,,2.0940670929994667,-0.00889276967654425,-0.008892769676549332,-0.008892769676549332,-0.00889276967654975,1,0,True,ok,True,-3.0143646696789705e-08,-0.008892769676541935,-0.00889276967654975,1e-06,0.0,False,False,False,False,-3.0143654511718965e-08,-3.3896927263206367e-06,6.18570855020354e-13,
calibrated|50|0|0,calibrated,50,10,0,0.3,0.5,0.15,-0.005989686249725201,optimal,False,70.23682656600431,17,66,3051,,,,19.690612600999884,-0.0059898355870719976,-0.005989835587085129,-0.005989835587088919,-0.00598983558709154,4,0,True,ok,True,-1.4933735270703657e-07,-0.005989835587077908,-0.00598983558709154,1e-06,0.43,False,False,False,False,-1.49337366339361e-07,-2.4932418846849017e-05,3.2626149807403822e-12,
calibrated|50|0|1,calibrated,50,10,1,0.3,0.5,0.15,-0.0047371443714766875,optimal_inaccurate,True,70.55837655300274,18,66,3051,,,,23.355515748997277,-0.001449164244155824,-0.004330909073206152,-0.004330909073206152,-0.0043309090732061625,41,0,False,ok,False,4.101829750978274e-06,-0.004733042541725709,-0.0043309090732061625,1e-06,0.93,True,False,False,False,0.00040623529827052505,0.08575531299331948,0.6653902865055971,
calibrated|50|0|2,calibrated,50,10,2,0.3,0.5,0.15,-0.005020022851728455,optimal_inaccurate,True,74.65162794500066,19,66,3051,,,,12.642754054999386,-0.0050216506269340835,-0.0050216506269341946,-0.005021650626934278,-0.005021650626934281,5,0,True,ok,True,-1.6277752058254519e-06,-0.00502165062693428,-0.005021650626934281,1e-06,0.19,False,False,False,False,-1.6277752058263192e-06,-0.000324256533068541,3.938116984894419e-14,
calibrated|50|0|3,calibrated,50,10,3,0.3,0.5,0.15,-0.009668591010149328,optimal_inaccurate,True,66.0653544989982,19,66,3051,,,,13.422332130998257,-0.008387887327488746,-0.009575182636748157,-0.009575182636748157,-0.009575182636763269,24,0,True,ok,False,9.340837338565715e-05,-0.009575182636763671,-0.009575182636763269,1e-06,0.85,True,False,False,False,9.34083733860596e-05,0.009661011960068104,0.12399714494384494,
calibrated|50|0|4,calibrated,50,10,4,0.3,0.5,0.15,-0.004895082597598168,optimal_inaccurate,True,78.71287164499518,20,66,3051,,,,18.204422399998293,-0.002312006546555098,-0.004007272662725086,-0.004262449127267861,-0.004704919710255754,17,0,True,ok,False,8.995643793101825e-05,-0.00480512615966715,-0.004704919710255754,1e-06,0.93,True,True,True,False,0.00019016288734241462,0.0388477382252386,0.5085980869098784,
calibrated|50|0|5,calibrated,50,10,5,0.3,0.5,0.15,-0.0003813311113909738,optimal_inaccurate,True,65.68070535800507,17,66,3051,,,,15.126915263004776,0.0011965804027453506,-0.00038430806302349705,-0.0003843080630363076,-0.0003843080630377241,7,0,True,ok,True,-2.976951646264036e-06,-0.00038430806303723784,-0.0003843080630377241,1e-06,0.74,True,False,False,False,-2.9769516467503007e-06,-0.0029769516467503007,1.5808884657830748,
calibrated|50|0|6,calibrated,50,10,6,0.3,0.5,0.15,-0.010442420042994359,optimal_inaccurate,True,45.7769246520038,18,66,3051,,,,8.126434526995581,-0.00988907864849746,-0.009889078648497467,-0.010445401961874734,-0.010445401961878669,8,0,True,ok,True,-2.9819188843097783e-06,-0.010445401961878669,-0.010445401961878669,1.0445401961878669e-06,0.97,True,True,False,False,-2.9819188843097783e-06,-0.0002855582204156111,0.053260115351381934,
calibrated|50|0|7,calibrated,50,10,7,0.3,0.5,0.15,-0.013895373870656851,optimal,False,47.05907729500177,20,66,3051,,,,8.490757751002093,-0.012715585515207406,-0.01389560471843864,-0.013895604718438665,-0.013895604718438682,6,0,False,ok,True,-2.3084778181040044e-07,-0.013895604718438662,-0.013895604718438682,1.3895604718438683e-06,0.49,True,False,False,False,-2.3084778183121712e-07,-1.661328323944584e-05,0.08492032028411528,
calibrated|50|0|8,calibrated,50,10,8,0.3,0.5,0.15,-0.003426659659693909,optimal_inaccurate,True,40.17955924200214,15,66,3051,,,,9.663260670000454,-0.003408865015883184,-0.003408865015883184,-0.003429660815451054,-0.003429660815451054,10,0,False,ok,True,-3.0011557553104307e-06,-0.0034296608154492196,-0.003429660815451054,1e-06,0.95,True,True,False,False,-3.0011557571449007e-06,-0.0008758254554562279,0.00606351493249193,
calibrated|50|0|9,calibrated,50,10,9,0.3,0.5,0.15,-0.005328453177854725,optimal,False,63.29250355000113,21,66,3051,,,,32.563098797996645,-0.0031600334660046685,-0.004887802108347838,-0.004917434743970887,-0.0049174347439726596,20,0,False,ok,False,5.206041272478885e-05,-0.005276392765129936,-0.0049174347439726596,1e-06,0.94,True,True,False,False,0.00041101843388206567,0.07713653853434906,0.35738171820623593,
calibrated|50|0|10,calibrated,50,10,10,0.3,0.5,0.15,-0.003932055893475981,optimal,False,57.78680889899988,20,66,3051,,,,31.029736008000327,-0.0020121844804224767,-0.0031586098527391286,-0.003158609852739292,-0.0039230498332482626,25,0,True,ok,False,9.006060226330638e-06,-0.00392304983324965,-0.0039230498332482626,1e-06,0.99,True,True,True,False,9.006060227718417e-06,0.0022904201953642526,0.48708668868567506,
calibrated|50|0|11,calibrated,50,10,11,0.3,0.5,0.15,-0.0027374872734625753,optimal_inaccurate,True,62.95221704400319,18,66,3051,,,,37.54205941599503,-0.002346129645251852,-0.0027400165430862536,-0.0027400165430862536,-0.00274001654308634,10,0,True,ok,True,-2.52926962084803e-06,-0.0027400165430834234,-0.00274001654308634,1e-06,0.52,True,False,False,False,-2.5292696237645337e-06,-0.0009239384044935951,0.14375347434611313,
calibrated|50|0|12,calibrated,50,10,12,0.3,0.5,0.15,-0.00827888341255993,optimal_inaccurate,True,76.78917187699699,21,66,3051,,,,25.046770285000093,-0.007944213816503433,-0.007944213816503435,-0.007944213816503478,-0.008010737416800839,11,0,True,ok,False,0.00017059750580873494,-0.008108285906751195,-0.008010737416800839,1e-06,0.98,True,True,True,False,0.00026814599575909065,0.0323891498885327,0.008304304190259298,
calibrated|50|0|13,calibrated,50,10,13,0.3,0.5,0.15,-0.00036560908030267226,optimal_inaccurate,True,63.39729461900424,15,66,3051,,,,25.633093802993244,-0.00022229776071601106,-0.00022229776071718387,-0.0003662904161610102,-0.0003662904161610102,3,0,True,ok,True,-6.813358427002099e-07,-0.00036629041614537247,-0.0003662904161610102,1e-06,0.91,True,True,False,False,-6.813358583379289e-07,-0.0006813358583379289,0.14399265544499912,
calibrated|50|0|14,calibrated,50,10,14,0.3,0.5,0.15,-0.007206777009432684,optimal,False,68.62645696300024,17,66,3051,,,,25.275910229000147,-0.0023650219779238354,-0.0026822610286499245,-0.006206724415470202,-0.007126319953829634,12,0,True,ok,True,-6.328639806122902e-07,-0.007207409873413296,-0.007207409873413296,1e-06,1.0,True,True,True,True,8.045705560304987e-05,0.01116408284837211,0.6718624277706292,
calibrated|50|0|15,calibrated,50,10,15,0.3,0.5,0.15,-0.004162058404400038,optimal_inaccurate,True,80.30452240500017,16,66,3051,,,,72.1736684369971,-0.004162739431841431,-0.004162739431841431,-0.0041627394318539054,-0.004162739431854377,8,0,True,ok,True,-6.810274450364667e-07,-0.004162739431845075,-0.004162739431854377,1e-06,0.6,False,False,False,False,-6.810274543389214e-07,-0.00016362755833002098,3.1100292279038335e-12,
calibrated|50|0|16,calibrated,50,10,16,0.3,0.5,0.15,-0.005807414364505476,optimal_inaccurate,True,149.18390813899896,20,66,3051,,,,28.193998862996523,-0.005381034873582959,-0.005381034873582959,-0.005612045007443479,-0.0057170610952616135,30,0,True,ok,False,9.03532692438638e-05,-0.005717061095261612,-0.0057170610952616135,1e-06,0.99,True,True,True,False,9.035326924386206e-05,0.01555826114218664,0.05877604175984019,
calibrated|50|0|17,calibrated,50,10,17,0.3,0.5,0.15,-7.061622775865048e-05,optimal,False,91.67930156699731,14,66,3051,,,,46.64848640299897,0.00010883672982244849,-7.105823866864422e-05,-7.105823866864422e-05,-7.105823866887439e-05,5,0,True,ok,True,-4.420108889293593e-07,-7.105823864757984e-05,-7.105823866887439e-05,1e-06,0.38,True,False,False,False,-4.4201091022390315e-07,-0.00044201091022390315,0.1798949684913229,
calibrated|50|0|18,calibrated,50,10,18,0.3,0.5,0.15,-0.002904734045537519,optimal,False,125.85972244000004,18,66,3051,,,,64.07868925799994,-0.0022239301455068508,-0.002904233419848583,-0.002904233419848583,-0.002904233419856366,11,0,False,ok,True,5.006256939294601e-07,-0.0029042334198435896,-0.002904233419856366,1e-06,0.64,True,False,False,False,5.006256811532217e-07,0.0001723481989417662,0.23424538458178087,
calibrated|50|0|19,calibrated,50,10,19,0.3,0.5,0.15,-0.0036471508215907464,optimal,False,115.13281612699939,16,66,3051,,,,55.03416237499914,-0.0018945771559653695,-0.0018945771559653695,-0.002083439361568811,-0.0033931202964462793,15,0,True,ok,True,-3.222029145051597e-07,-0.0036474730245052516,-0.0036474730245052516,1e-06,1.0,True,True,True,True,0.0002540305251444671,0.06965177410285128,0.48057815829293143,
calibrated|50|0|20,calibrated,50,10,20,0.3,0.5,0.15,-0.0026691542892259682,optimal,False,131.3224174910065,17,66,3051,,,,36.340302869997686,-0.0026181084912497046,-0.002618108491267318,-0.002618108491276582,-0.0026695728107797335,5,0,True,ok,True,-4.185215492663076e-07,-0.0026695728107752345,-0.0026695728107797335,1e-06,0.98,True,True,True,False,-4.1852155376531294e-07,-0.00015679931109815334,0.019278110461050563,
calibrated|50|0|21,calibrated,50,10,21,0.3,0.5,0.15,-0.005446203811840086,optimal,False,112.74548459600192,18,66,3051,,,,37.33765650499845,-0.004306974098668193,-0.005443993569713458,-0.005444265715455169,-0.005444265715455169,19,0,False,ok,False,1.9380963787842334e-06,-0.0054442657154613015,-0.005444265715455169,1e-06,0.79,True,False,False,False,1.938096384916481e-06,0.0003558618905710149,0.20889715458935723,
calibrated|50|0|22,calibrated,50,10,22,0.3,0.5,0.15,-0.0032645111303537355,optimal,False,108.20562443700328,18,66,3051,,,,35.13074232899817,-0.002833842761858758,-0.003264635603030597,-0.003264635603030597,-0.0032646356030306663,9,0,True,ok,True,-1.244726769368716e-07,-0.0032646356030306724,-0.0032646356030306724,1e-06,0.88,True,False,False,False,-1.2447267693080008e-07,-3.812904044757001e-05,0.13195740460956645,
calibrated|50|0|23,calibrated,50,10,23,0.3,0.5,0.15,-0.008180263174333352,optimal,False,94.16427098099666,21,66,3051,,,,29.496204091003165,-0.008061619370237442,-0.008061619370237442,-0.008061619370248558,-0.008061619370248583,8,0,False,ok,False,0.0001186438040827447,-0.008061619370250607,-0.008061619370248583,1e-06,0.21,False,False,False,False,0.00011864380408476913,0.014503665903687502,1.3819052539042832e-12,
calibrated|50|0|24,calibrated,50,10,24,0.3,0.5,0.15,-0.0007330451174913746,optimal,False,66.85656368700438,15,66,3051,,,,40.712146385005326,-0.00038981897215600647,-0.0003898189721683602,-0.0005077957404724477,-0.0006203453378004522,10,0,False,ok,True,-1.3768884135699055e-07,-0.0007331828063327316,-0.0007331828063327316,1e-06,1.0,True,True,True,True,0.00011269977969092235,0.11269977969092235,0.3433638341767251,
calibrated|50|0|25,calibrated,50,10,25,0.3,0.5,0.15,-0.007050774195772882,optimal_inaccurate,True,84.83547314300085,18,66,3051,,,,27.80116579100286,-0.006508276543269846,-0.006978963222501147,-0.006978963222501147,-0.006978963222501147,13,0,False,ok,False,7.181097327177682e-05,-0.006978963222501106,-0.006978963222501147,1e-06,0.89,True,False,False,False,7.181097327173518e-05,0.010184835207853866,0.06744363943826812,
calibrated|50|0|26,calibrated,50,10,26,0.3,0.5,0.15,-0.00704611648500136,optimal,False,79.41941398299969,16,66,3051,,,,24.6443877970014,-0.006578829025474296,-0.006722646494943351,-0.006722646494946172,-0.007046710739358004,4,0,True,ok,True,-5.942543657311977e-07,-0.007046710739367091,-0.007046710739367091,1e-06,0.99,True,True,True,False,-5.942543566438488e-07,-8.433785588257048e-05,0.06639717893895256,
calibrated|50|0|27,calibrated,50,10,27,0.3,0.5,0.15,-0.0031016975430697437,optimal_inaccurate,True,73.54155466500379,15,66,3051,,,,26.185631594998995,-0.00044802439454620283,-0.0027985464552073773,-0.002798546455214172,-0.0027985464552216775,9,0,True,ok,True,-1.202986836504067e-06,-0.003102900529906248,-0.003102900529906248,1e-06,1.0,True,True,True,True,0.00030315108784806626,0.09773715316808042,0.855611099927931,
calibrated|50|0|28,calibrated,50,10,28,0.3,0.5,0.15,-0.0006883672711237438,optimal,False,73.6697432850051,15,66,3051,,,,41.21772895299364,-0.0004149354100122274,-0.0004149354100122274,-0.0004149354100135248,-0.000688859619984352,11,0,True,ok,True,-4.9234887056172e-07,-0.0006888596199943056,-0.0006888596199943056,1e-06,0.98,True,True,True,False,-4.92348860608202e-07,-0.000492348860608202,0.27392420998207817,
calibrated|50|0|29,calibrated,50,10,29,0.3,0.5,0.15,-0.00377977415466746,optimal,False,94.52924419000192,19,66,3051,,,,43.8213511119975,-0.00043725426212656496,-0.0023133366317847036,-0.00252954136726727,-0.003780417809923815,12,0,True,ok,True,-6.436552690324351e-07,-0.0037804178099364923,-0.0037804178099364923,1e-06,0.99,True,True,True,False,-6.43655256355076e-07,-0.0001702893427006101,0.8843370537041485,
calibrated|50|0|30,calibrated,50,10,30,0.3,0.5,0.15,-0.00541046329221807,optimal,False,79.01187923800171,16,66,3051,,,,36.158430014998885,-0.004946596685926978,-0.004946596685929954,-0.005410943014697521,-0.005410943014707363,12,0,True,ok,True,-4.79722487079122e-07,-0.005410943014705149,-0.005410943014707363,1e-06,0.93,True,True,False,False,-4.797224892926291e-07,-8.866569522477297e-05,0.08581615580098619,
calibrated|50|0|31,calibrated,50,10,31,0.3,0.5,0.15,-0.009108535724117718,optimal_inaccurate,True,72.41136109599756,14,66,3051,,,,38.30053364299965,-0.00445420581129166,-0.008084556251893507,-0.009109764830962534,-0.009109764830962534,26,0,True,ok,True,-1.2291068450659415e-06,-0.009109764830962784,-0.009109764830962784,1e-06,0.98,True,True,False,False,-1.2291068448161413e-06,-0.00013494011354225617,0.5110515041889497,
calibrated|50|0|32,calibrated,50,10,32,0.3,0.5,0.15,-0.010783502317024784,optimal,False,86.16311178100295,16,66,3051,,,,43.41313556300156,-0.007472345424425218,-0.0107836641803596,-0.010783664180359604,-0.010783664180359616,8,0,True,ok,True,-1.618633348222931e-07,-0.010783664180359606,-0.010783664180359616,1.0783664180359617e-06,0.76,True,False,False,False,-1.6186333483270143e-07,-1.5010274962073755e-05,0.30706805224566736,
calibrated|50|0|33,calibrated,50,10,33,0.3,0.5,0.15,-0.005691900626040126,optimal_inaccurate,True,92.42412774400145,18,66,3051,,,,40.941830940995715,-0.0052607832634230306,-0.005573394261746857,-0.00557339426175454,-0.005573394261756731,2,0,True,ok,True,-1.4119444613561183e-06,-0.005693312570501482,-0.005693312570501482,1e-06,1.0,True,True,True,True,0.00011850636428339511,0.020820174502210236,0.07597146682574517,
calibrated|50|0|34,calibrated,50,10,34,0.3,0.5,0.15,-0.00798623091476121,optimal_inaccurate,True,96.77314618499804,19,66,3051,,,,35.943492257996695,-0.007571662163375408,-0.007571662163375408,-0.007571662163375408,-0.007985049548458772,16,0,True,ok,False,1.1813663024374393e-06,-0.007985049548458772,-0.007985049548458772,1e-06,0.97,True,True,True,False,1.1813663024374393e-06,0.00014792538746330033,0.05177017156557963,
calibrated|50|0|35,calibrated,50,10,35,0.3,0.5,0.15,-0.007950703130244376,optimal,False,91.61269489100232,17,66,3051,,,,37.463828891995945,-0.00795111391242629,-0.007951113912434808,-0.00795111391244118,-0.007951113912442952,4,0,True,ok,True,-4.107821851926513e-07,-0.007951113912429569,-0.007951113912442952,1e-06,0.32,False,False,False,False,-4.107821985760429e-07,-5.1666147238403676e-05,2.09555782626662e-12,
calibrated|50|0|36,calibrated,50,10,36,0.3,0.5,0.15,-0.008825844273489621,optimal,False,72.52345014700404,13,66,3051,,,,32.87476426699868,-0.006299736621792984,-0.007580240628435465,-0.00882600654976646,-0.00882600654976646,15,0,True,ok,True,-1.6227627416300072e-07,-0.008826006549763784,-0.00882600654976646,1e-06,0.97,True,True,False,False,-1.6227627683967905e-07,-1.8386487661821975e-05,0.28623023490055344,
calibrated|50|0|37,calibrated,50,10,37,0.3,0.5,0.15,-0.00226808229894709,optimal,False,90.21479702099896,17,66,3051,,,,39.95374168399576,-0.00022232785796568778,-0.0004979899687650218,-0.0013361767184139465,-0.0013361767184159913,11,0,True,ok,True,-2.5813117952595138e-08,-0.0022681081120650426,-0.0022681081120650426,1e-06,1.0,True,True,True,True,0.0009319055805310987,0.4108782035659449,0.9019765165588756,
calibrated|50|0|38,calibrated,50,10,38,0.3,0.5,0.15,-0.001038696214910261,optimal,False,76.55065563699463,15,66,3051,,,,28.213828111998737,-0.0008162057632270741,-0.0008162057632361145,-0.0008162057632387957,-0.0009484303133684379,7,0,True,ok,True,-7.349627700534156e-08,-0.0010387697111872663,-0.0010387697111872663,1e-06,1.0,True,True,True,True,9.026590154182315e-05,0.08690308123402736,0.21425725602435197,
calibrated|50|0|39,calibrated,50,10,39,0.3,0.5,0.15,-0.005308209617989907,optimal,False,91.59845863299415,18,66,3051,,,,32.109504362000735,-0.00503400383717907,-0.005034003837186303,-0.005308816726652631,-0.005308816726652631,10,0,True,ok,True,-6.071086628050074e-07,-0.005308816726652712,-0.005308816726652712,1e-06,0.97,True,True,False,False,-6.071086627243427e-07,-0.00011437164438020824,0.051765375152989165,
calibrated|50|0|40,calibrated,50,10,40,0.3,0.5,0.15,-0.002956562118247961,optimal_inaccurate,True,89.21647090600163,16,66,3051,,,,28.26022931299667,-0.0005932354383919575,-0.0011611378114576305,-0.0026054857226078774,-0.002958774229299427,10,0,True,ok,True,-2.21211105155307e-06,-0.0029587742292995142,-0.0029587742292995142,1e-06,0.98,True,True,True,False,-2.2121110514659002e-06,-0.0007482038134131213,0.7994995925956794,
calibrated|50|0|41,calibrated,50,10,41,0.3,0.5,0.15,-0.004374428568772455,optimal,False,95.48315410599753,18,66,3051,,,,36.168144653995114,-0.004374738308335065,-0.004374738308335065,-0.004374738308335343,-0.004374738308335367,22,0,True,ok,True,-3.0973956274913533e-07,-0.004374738308335204,-0.004374738308335367,1e-06,0.88,False,False,False,False,-3.0973956291219934e-07,-7.0806862666206e-05,6.899655786149603e-14,
calibrated|50|0|42,calibrated,50,10,42,0.3,0.5,0.15,-0.00022392558126976134,optimal,False,84.71293166199757,17,66,3051,,,,51.78217766099988,0.0001280870506265022,0.00012808705061483663,-0.00019926017182509472,-0.0002244813783823069,14,0,True,ok,True,-5.557971264705003e-07,-0.00022448137839623184,-0.00022448137839623184,1e-06,0.98,True,True,True,False,-5.557971125455768e-07,-0.0005557971125455768,0.35256842902273405,
calibrated|50|0|43,calibrated,50,10,43,0.3,0.5,0.15,-0.0009920951624630553,optimal_inaccurate,True,76.55490722200193,14,66,3051,,,,26.365648565995798,-0.0009949182055713855,-0.0009949182055713855,-0.0009949182055714097,-0.0009949182055725492,1,0,True,ok,True,-2.8230431078739293e-06,-0.0009949182055709292,-0.0009949182055725492,1e-06,0.0,False,False,False,False,-2.823043109493944e-06,-0.002823043109493944,1.1637826119459405e-12,
calibrated|50|0|44,calibrated,50,10,44,0.3,0.5,0.15,-0.01317270890887598,optimal_inaccurate,True,101.82452892499714,20,66,3051,,,,32.09309293200204,-0.010671671479970312,-0.01184845969309048,-0.011984563830437996,-0.013167422577598405,10,0,True,ok,False,5.286331277616629e-06,-0.013167422577598363,-0.013167422577598405,1.3167422577598405e-06,0.91,True,True,True,False,5.286331277574996e-06,0.0004013093520963621,0.18953983461228677,
calibrated|50|0|45,calibrated,50,10,45,0.3,0.5,0.15,-0.0056473637006791335,optimal,False,91.48084235699935,17,66,3051,,,,35.177031355997315,-0.004966851802206814,-0.0049782203592341635,-0.005168967698524431,-0.0056092641987679605,30,0,True,ok,True,-1.7140347828917268e-07,-0.005647535104157423,-0.005647535104157423,1e-06,1.0,True,True,True,True,3.8099501911172985e-05,0.00674642256644304,0.12052750260012098,
calibrated|50|0|46,calibrated,50,10,46,0.3,0.5,0.15,-0.0016568811102439477,optimal_inaccurate,True,96.6719497419981,18,66,3051,,,,33.17586964100337,-0.0009507945282504083,-0.0009655151071507849,-0.0016437231605913277,-0.0016591216419973385,12,0,True,ok,True,-2.240531762338514e-06,-0.0016591216420062862,-0.0016591216420062862,1e-06,0.99,True,True,True,False,-2.2405317533908103e-06,-0.0013522586138126288,0.42692898207230673,
calibrated|50|0|47,calibrated,50,10,47,0.3,0.5,0.15,-0.005882613880803773,optimal,False,94.820413413996,17,66,3051,,,,37.69809410600283,-0.0005570339376441627,-0.005882913328116837,-0.005882913328116837,-0.005882913328144236,11,0,True,ok,True,-2.994473370871234e-07,-0.00588291332814086,-0.005882913328144236,1e-06,0.91,True,False,False,False,-2.994473404628953e-07,-5.090378979998262e-05,0.9053132510079187,
calibrated|50|0|48,calibrated,50,10,48,0.3,0.5,0.15,0.00015720428703879083,optimal,False,73.05554448500334,13,66,3051,,,,20.6737341390035,0.0006816058542168338,0.0001567967458511898,0.0001567967458511898,0.0001567967458511898,3,0,True,ok,True,-4.0754117801929286e-07,0.00015679674586077154,0.0001567967458511898,1e-06,0.77,True,False,False,False,-4.07541187601038e-07,-0.000407541187601038,0.524809108365644,
calibrated|50|0|49,calibrated,50,10,49,0.3,0.5,0.15,-0.0038701755185487183,optimal_inaccurate,True,100.16230370900303,20,66,3051,,,,34.78350451300503,-0.0032391380513224904,-0.0032391380514684015,-0.0033750621276435605,-0.0037405105445685195,14,0,True,ok,False,2.125914780979222e-06,-0.003868049603767739,-0.0037405105445685195,1e-06,0.99,True,True,True,False,0.00012966497398019883,0.033503641723417764,0.1340385188792093,
mixed|2|0|0,mixed,2,1,0,1.0,0.5,0.15,0.026672443156321682,optimal,False,0.04005347500060452,7,6,35,0.026672499676629817,optimal,0.031930528006341774,0.3450226519998978,0.026672441318222415,0.026672441318222398,0.026672441318222388,0.02667244131822235,1,0,True,ok,True,-1.8380992075628377e-09,0.026672441318222474,0.02667244131822235,2.667244131822235e-06,0.0,False,False,False,False,-1.838099332462928e-09,-6.891379697353584e-08,2.4714457630874276e-15,5.652030813513287e-08
mixed|2|0|1,mixed,2,1,1,1.0,0.5,0.15,-0.29072054726767127,optimal,False,0.06558210799994413,10,6,35,-0.29072079848545135,optimal,0.052206205000402406,0.39182576700113714,-0.29072096739091724,-0.29072096739091724,-0.29072096739091724,-0.29072096739091746,1,0,True,ok,True,-4.201232459699611e-07,-0.29072096739091724,-0.29072096739091746,2.907209673909175e-05,0.0,False,False,False,False,-4.201232461920057e-07,-1.4451102618666689e-06,7.637722415337845e-16,-2.5121778007841655e-07
mixed|2|0|2,mixed,2,1,2,1.0,0.5,0.15,0.3361630012789873,optimal,False,0.042708715998742264,6,6,35,0.33616305066997837,optimal,0.03358784499869216,0.3300370369979646,0.3361630685374593,0.33616306853745775,0.33616306853745775,0.33616306853745287,1,0,True,ok,True,6.725847295774301e-08,0.33616306853746025,0.33616306853745287,3.3616306853745285e-05,0.0,False,False,False,False,6.72584655747599e-08,2.000769427892541e-07,1.9155267623065763e-14,4.9390991074815815e-08
mixed|2|0|3,mixed,2,1,3,1.0,0.5,0.15,0.3336850599357241,optimal,False,0.06690195800183574,6,6,35,0.3336851177065339,optimal,0.05296589800127549,0.5141048389996286,0.3336851360030907,0.33368513600309,0.3336851360030867,0.33368513600308664,1,0,True,ok,True,7.606736712739703e-08,0.33368513600309124,0.33368513600308664,3.336851360030867e-05,0.0,False,False,False,False,7.606736251997148e-08,2.2796154713856208e-07,1.2144125112736028e-14,5.777080980262639e-08
mixed|2|0|4,mixed,2,1,4,1.0,0.5,0.15,0.36638500501943805,optimal,False,0.06348091200197814,6,6,35,0.3663850482169057,optimal,0.050957717998244334,0.501548605003336,0.36638507010759613,0.36638507010759613,0.3663850701075958,0.36638507010759197,1,0,True,ok,True,6.508815630912324e-08,0.36638507010759436,0.36638507010759197,3.66385070107592e-05,0.0,False,False,False,False,6.508815392214373e-08,1.7764961183029467e-07,1.1363280553767487e-14,4.319746765846233e-08
mixed|2|0|5,mixed,2,1,5,1.0,0.5,0.15,0.3787527705456208,optimal,False,0.038938815996516496,6,6,35,0.378752822690556,optimal,0.034066387997881975,0.3075796060002176,0.3787528381498614,0.3787528381498603,0.378752838149858,0.3787528381498547,1,0,True,ok,True,6.760423776341895e-08,0.37875283814985855,0.3787528381498547,3.7875283814985476e-05,0.0,False,False,False,False,6.760423393314952e-08,1.7849172122427177e-07,1.7587559687448098e-14,5.214493520311336e-08
mixed|2|0|6,mixed,2,1,6,1.0,0.5,0.15,0.37818216432700436,optimal,False,0.0636863239997183,6,6,35,0.3781822126593936,optimal,0.053180014998361,0.5045112670050003,0.37818222535962387,0.37818222535962354,0.3781822253596228,0.37818222535961465,1,0,True,ok,True,6.103261629419876e-08,0.37818222535962065,0.37818222535961465,3.781822253596147e-05,0.0,False,False,False,False,6.103261029899443e-08,1.613841583661283e-07,2.436616658973427e-14,4.8332389257499386e-08
mixed|2|0|7,mixed,2,1,7,1.0,0.5,0.15,-0.10666735739023117,optimal,False,0.06623905900050886,8,6,35,-0.10666746661980708,optimal,0.05426933299895609,0.5626799890014809,-0.10666746556801086,-0.10666746556801099,-0.10666746556801107,-0.10666746556801109,1,0,True,ok,True,-1.0817777770788517e-07,-0.10666746556800888,-0.10666746556801109,1.0666746556801109e-05,0.0,False,False,False,False,-1.0817777991445343e-07,-1.0141601194702568e-06,2.0816525802186223e-15,-1.0922957591197324e-07
mixed|2|0|8,mixed,2,1,8,1.0,0.5,0.15,-0.6525655773532432,optimal,False,0.07642815900180722,7,6,35,-0.6525655758720973,optimal,0.031079955995664932,0.2341741659984109,-0.39117189940781705,-0.652565590780126,-0.652565590780126,-0.652565590780126,2,0,True,ok,True,-1.3426882827793918e-08,-0.652565590780126,-0.652565590780126,6.52565590780126e-05,0.48,True,False,False,False,-1.3426882827793918e-08,-2.057553032792864e-08,0.40056309291426057,1.4811458726171622e-09
mixed|2|0|9,mixed,2,1,9,1.0,0.5,0.15,0.26262644408388813,optimal,False,0.03769530299905455,6,6,35,0.26262649301005436,optimal,0.030677602997457143,0.30114296799729345,0.26262650487240957,0.26262650487240774,0.26262650487240774,0.26262650487240774,1,0,True,ok,True,6.078852032853632e-08,0.26262650487240846,0.26262650487240774,2.6262650487240777e-05,0.0,False,False,False,False,6.078851960689136e-08,2.3146381857675494e-07,6.9751832227348404e-15,4.892616622953483e-08
mixed|2|0|10,mixed,2,1,10,1.0,0.5,0.15,0.012793464819087781,optimal,False,0.06662131600023713,7,6,35,0.012793460093916995,optimal,0.05324652099807281,0.601948411000194,0.012793406496245763,0.012793406496245763,0.012793406496245708,0.012793406496245701,1,0,True,ok,True,-5.832284155279921e-08,0.012793406496246228,0.012793406496245701,1.27934064962457e-06,0.0,False,False,False,False,-5.8322842080155146e-08,-4.558799582825895e-06,4.881424283164252e-15,-4.725170785896404e-09
mixed|2|0|11,mixed,2,1,11,1.0,0.5,0.15,-0.6211498084911685,optimal,False,0.0652978870057268,7,6,35,-0.6211498656656419,optimal,0.05181951599661261,0.38660689599782927,-0.6211498669225045,-0.6211498669225045,-0.6211498669225045,-0.6211498669225045,1,0,True,ok,True,-5.84313357698818e-08,-0.6211498669225043,-0.6211498669225045,6.211498669225046e-05,0.0,False,False,False,False,-5.84313359919264e-08,-9.406963536519738e-08,0.0,-5.7174473377941126e-08
mixed|2|0|12,mixed,2,1,12,1.0,0.5,0.15,0.015278000876029138,optimal,False,0.0402487100000144,8,6,35,0.015277788748946818,optimal,0.03602613899420248,0.4080781279990333,0.015277784508857549,0.015277784508857539,0.015277784508857528,0.015277784508857483,1,0,True,ok,True,-2.163671715543769e-07,0.015277784508857584,0.015277784508857483,1.5277784508857485e-06,0.0,False,False,False,False,-2.1636717165499086e-07,-1.4162008067067623e-05,4.3147284901748046e-15,-2.1212708231979627e-07
mixed|2|0|13,mixed,2,1,13,1.0,0.5,0.15,-0.12898561282552629,optimal,False,0.06498733100306708,8,6,35,-0.1289856641541873,optimal,0.05140502200083574,0.669193368004926,-0.12898565964022246,-0.12898565964022257,-0.12898565964022263,-0.1289856596402227,1,0,True,ok,True,-4.681469606415689e-08,-0.12898565964022235,-0.1289856596402227,1.2898565964022271e-05,0.0,False,False,False,False,-4.6814696424979374e-08,-3.629451021665785e-07,1.9366507969755955e-15,-5.1328661015981325e-08
mixed|2|0|14,mixed,2,1,14,1.0,0.5,0.15,-0.05213224515124043,optimal,False,0.0384380469986354,7,6,35,-0.05213226766401379,optimal,0.031228100997395813,0.36528746600379236,-0.02497283328642647,-0.052132264882806686,-0.052132264882806804,-0.052132264882806804,2,0,True,ok,True,-1.97315659575259e-08,-0.05213226488280639,-0.052132264882806804,5.21322648828068e-06,0.52,True,False,False,False,-1.9731566373859533e-08,-3.7849063121330085e-07,0.5209716412174815,-2.251277336079438e-08
mixed|2|0|15,mixed,2,1,15,1.0,0.5,0.15,0.42139413459045055,optimal,False,0.06279254500259412,6,6,35,0.42139417942624013,optimal,0.05407426899910206,0.5001529399960418,0.4213941891350167,0.42139418913501253,0.42139418913501253,0.42139418913500826,1,0,True,ok,True,5.4544575189829914e-08,0.42139418913502574,0.42139418913500826,4.213941891350083e-05,0.0,False,False,False,False,5.4544557703817276e-08,1.2943834103630483e-07,2.0023282723644492e-14,4.4835789581032515e-08
mixed|2|0|16,mixed,2,1,16,1.0,0.5,0.15,-0.4173593134180577,optimal,False,0.04068446800374659,8,6,35,-0.4173593190820485,optimal,0.03227727799821878,0.23533547099941643,-0.41735932515529073,-0.41735932515529073,-0.41735932515529073,-0.41735932515529073,2,0,True,ok,True,-1.1737233018838111e-08,-0.41735932515529073,-0.41735932515529073,4.1735932515529075e-05,0.47,False,False,False,False,-1.1737233018838111e-08,-2.8122609563240386e-08,0.0,-5.663990776394456e-09
mixed|2|0|17,mixed,2,1,17,1.0,0.5,0.15,-0.13041218456330528,optimal,False,0.06463064499985194,8,6,35,-0.13041217464748658,optimal,0.05122204100189265,0.6061949659997481,-0.13041221758027988,-0.13041221758027996,-0.13041221758027996,-0.13041221758028004,1,0,True,ok,True,-3.3016974598787385e-08,-0.13041221758027988,-0.13041221758028004,1.3041221758028005e-05,0.0,False,False,False,False,-3.301697476532084e-08,-2.5317400268909375e-07,1.2769773935579133e-15,9.915818693917444e-09
mixed|2|0|18,mixed,2,1,18,1.0,0.5,0.15,0.40430184830469007,optimal,False,0.038376711003365926,6,6,35,0.4043018992116888,optimal,0.03141750099894125,0.3143872049986385,0.40430191352438455,0.40430191352438366,0.40430191352438105,0.40430191352437783,1,0,True,ok,True,6.52196898709434e-08,0.40430191352437994,0.40430191352437783,4.0430191352437785e-05,0.0,False,False,False,False,6.521968776151965e-08,1.6131434480202716e-07,1.661344919303034e-14,5.0906998727562325e-08
mixed|2|0|19,mixed,2,1,19,1.0,0.5,0.15,0.011019318293366671,optimal,False,0.06609391399979359,10,6,35,0.011019317020538294,optimal,0.05510587999742711,0.5242252030002419,0.01101930221084979,0.011019302210849728,0.011019302210849728,0.011019302210849721,1,0,True,ok,True,-1.6082516917162448e-08,0.011019302210849754,0.011019302210849721,1.1019302210849723e-06,0.0,False,False,False,False,-1.6082516950122194e-08,-1.4594838375622047e-06,6.297035666264893e-15,-1.272828377418822e-09
mixed|2|0|20,mixed,2,1,20,1.0,0.5,0.15,-0.061498195970091984,optimal,False,0.03934736100200098,7,6,35,-0.06149847521620083,optimal,0.03492668400576804,0.37330902000394417,-0.061498470455369915,-0.061498470455370026,-0.061498470455370026,-0.06149847045537011,1,0,True,ok,True,-2.7448527722961913e-07,-0.061498470455369214,-0.06149847045537011,6.1498470455370115e-06,0.0,False,False,False,False,-2.7448527812473644e-07,-4.463306179879245e-06,3.1592497808607997e-15,-2.7924610884744183e-07
mixed|2|0|21,mixed,2,1,21,1.0,0.5,0.15,-0.5227593279015256,optimal,False,0.06352002600033302,8,6,35,-0.5227592599376766,optimal,0.052928591998352204,0.43376282999815885,-0.5227593312858803,-0.5227593312858803,-0.5227593312858803,-0.5227593312858803,1,0,True,ok,True,-3.3843546853873363e-09,-0.5227593312858803,-0.5227593312858803,5.227593312858803e-05,0.0,False,False,False,False,-3.3843546853873363e-09,-6.4740206530085326e-09,0.0,6.796384899310226e-08
mixed|2|0|22,mixed,2,1,22,1.0,0.5,0.15,0.2731765570449116,optimal,False,0.06433339899376733,6,6,35,0.2731766095301923,optimal,0.05223552499955986,0.5170759510001517,0.2731766226146562,0.27317662261465603,0.27317662261465514,0.2731766226146531,1,0,True,ok,True,6.556974224691814e-08,0.27317662261465386,0.2731766226146531,2.731766226146531e-05,0.0,False,False,False,False,6.556974146976202e-08,2.4002697075862926e-07,1.1379540603426777e-14,5.24852806771392e-08
mixed|2|0|23,mixed,2,1,23,1.0,0.5,0.15,0.30442623675203073,optimal,False,0.03816279899911024,6,6,35,0.3044262916832057,optimal,0.03200636400288204,0.29821341000206303,0.30442630659147757,0.3044263065914771,0.3044263065914768,0.3044263065914751,1,0,True,ok,True,6.983944800253994e-08,0.30442630659147873,0.3044263065914751,3.0442630659147515e-05,0.0,False,False,False,False,6.983944439431511e-08,2.2941335523325006e-07,8.023257521739226e-15,5.493117494204114e-08
mixed|2|0|24,mixed,2,1,24,1.0,0.5,0.15,0.32203684830412227,optimal,False,0.06293534999713302,6,6,35,0.32203690068526675,optimal,0.05103445799613837,0.44591415900504217,0.32203691445610166,0.3220369144561,0.3220369144561,0.3220369144560984,1,0,True,ok,True,6.615197700732267e-08,0.3220369144560993,0.3220369144560984,3.220369144560984e-05,0.0,False,False,False,False,6.615197611914425e-08,2.054174125337118e-07,1.017013198060155e-14,5.238114447747577e-08
mixed|2|0|25,mixed,2,1,25,1.0,0.5,0.15,-0.29252457334776943,optimal,False,0.03925619700021343,8,6,35,-0.2925245205856096,optimal,0.031698990998847876,0.24127370600035647,-0.2925245789218711,-0.2925245789218711,-0.2925245789218711,-0.2925245789218711,1,0,True,ok,True,-5.574101680227983e-09,-0.2925245789218711,-0.2925245789218711,2.9252457892187112e-05,0.0,False,False,False,False,-5.574101680227983e-09,-1.9055157029837564e-08,0.0,5.276215980787313e-08
mixed|2|0|26,mixed,2,1,26,1.0,0.5,0.15,0.4299762004614773,optimal,False,0.06339279300300404,6,6,35,0.42997624768250314,optimal,0.05466807699849596,0.48443347300053574,0.4299762607052944,0.4299762607052922,0.42997626070529155,0.42997626070528666,1,0,True,ok,True,6.024381427049974e-08,0.42997626070529155,0.42997626070528666,4.299762607052867e-05,0.0,False,False,False,False,6.024380938551843e-08,1.4010963704702963e-07,1.7945293092433202e-14,4.7221025867294486e-08
mixed|2|0|27,mixed,2,1,27,1.0,0.5,0.15,0.4555228231439799,optimal,False,0.04478703299537301,6,6,35,0.45552287459884255,optimal,0.03218958299839869,0.3730061769965687,0.4555228913656821,0.4555228913656815,0.45552289136567736,0.45552289136567387,1,0,True,ok,True,6.822169923426102e-08,0.45552289136567914,0.45552289136567387,4.555228913656739e-05,0.0,False,False,False,False,6.822169396070166e-08,1.4976569887287164e-07,1.8035647687419936e-14,5.1454862648459e-08
mixed|2|0|28,mixed,2,1,28,1.0,0.5,0.15,-0.24022065327977768,optimal,False,0.06736124699818902,9,6,35,-0.24022061681414106,optimal,0.05313557899353327,0.46810687400284223,-0.24022067060531863,-0.2402206706053191,-0.2402206706053191,-0.24022067060531918,2,0,True,ok,True,-1.7325541140644773e-08,-0.24022067060531882,-0.24022067060531918,2.402206706053192e-05,0.29,False,False,False,False,-1.7325541501467256e-08,-7.212344677661303e-08,2.310839907797204e-15,3.646563662140778e-08
mixed|2|0|29,mixed,2,1,29,1.0,0.5,0.15,0.4576855306830278,optimal,False,0.06469632999505848,6,6,35,0.45768558354523536,optimal,0.04683311699773185,0.5153260500010219,0.4576855947123703,0.4576855947123703,0.4576855947123703,0.45768559471236603,1,0,True,ok,True,6.402933738769434e-08,0.4576855947123652,0.4576855947123652,4.576855947123652e-05,0.0,False,False,False,False,6.402933822036161e-08,1.3989810454529187e-07,1.1158371537747996e-14,5.286220755573723e-08
mixed|2|0|30,mixed,2,1,30,1.0,0.5,0.15,0.4346569424615108,optimal,False,0.041612177999923006,6,6,35,0.4346569902963498,optimal,0.04899231599847553,0.480354338993493,0.43465700414565717,0.43465700414565417,0.43465700414565317,0.4346570041456492,1,0,True,ok,True,6.168413541063344e-08,0.43465700414564623,0.43465700414564623,4.346570041456462e-05,0.0,False,False,False,False,6.168413835272446e-08,1.4191453610150639e-07,2.5159370925248967e-14,4.783483897874419e-08
mixed|2|0|31,mixed,2,1,31,1.0,0.5,0.15,0.3878663816358371,optimal,False,0.03903934599657077,6,6,35,0.38786642701319984,optimal,0.03205889699893305,0.30559394099691417,0.38786643915354513,0.38786643915354285,0.38786643915354285,0.38786643915353625,1,0,True,ok,True,5.7517705154275234e-08,0.38786643915354224,0.38786643915353625,3.8786643915353625e-05,0.0,False,False,False,False,5.75176991590709e-08,1.4829256125908214e-07,2.289907891073147e-14,4.537736275622706e-08
mixed|2|0|32,mixed,2,1,32,1.0,0.5,0.15,0.3824975647281351,optimal,False,0.06523196500347694,6,6,35,0.38249762179532376,optimal,0.0509352930021123,0.5232442679989617,0.3824976362109541,0.3824976362109539,0.382497636210953,0.38249763621094834,1,0,True,ok,True,7.148281838675885e-08,0.3824976362109535,0.38249763621094834,3.8249763621094837e-05,0.0,False,False,False,False,7.148281322422179e-08,1.8688436166914966e-07,1.5093321321512436e-14,5.706718864129101e-08
mixed|2|0|33,mixed,2,1,33,1.0,0.5,0.15,-0.5324191452049872,optimal,False,0.06295748599950457,7,6,35,-0.5324189921601981,optimal,0.051202852999267634,0.4798311190024833,-0.20317280357890882,-0.2031728035789091,-0.5324192389412273,-0.5324192389412273,2,0,True,ok,True,-9.373623999220371e-08,-0.5324192389412272,-0.5324192389412273,5.324192389412273e-05,0.4,True,True,False,False,-9.373624010322601e-08,-1.7605723037464502e-07,0.6183969535305679,1.5304478917510522e-07
mixed|2|0|34,mixed,2,1,34,1.0,0.5,0.15,-0.2421513161871031,optimal,False,0.04174303900072118,9,6,35,-0.24215141066793777,optimal,0.03492053799709538,0.39988780400017276,-0.24215144846969,-0.2421514484696903,-0.24215144846969056,-0.24215144846969056,2,0,True,ok,True,-1.322825866623134e-07,-0.24215144846968975,-0.24215144846969056,2.4215144846969056e-05,0.41,False,False,False,False,-1.322825874672251e-07,-5.462806874236202e-07,2.292414585255145e-15,-9.448083468366342e-08
mixed|2|0|35,mixed,2,1,35,1.0,0.5,0.15,-0.19206060497596758,optimal,False,0.0648588599942741,9,6,35,-0.19206068112692048,optimal,0.0511866020024172,0.5920832539995899,-0.19206068319069924,-0.19206068319069933,-0.19206068319069947,-0.1920606831906995,1,0,True,ok,True,-7.821473163582837e-08,-0.19206068319069922,-0.1920606831906995,1.920606831906995e-05,0.0,False,False,False,False,-7.821473191338413e-08,-4.0723984975040086e-07,1.3006315316114461e-15,-7.615095290458562e-08
mixed|2|0|36,mixed,2,1,36,1.0,0.5,0.15,-0.11983103229659244,optimal,False,0.04202388500561938,8,6,35,-0.11983099547974199,optimal,0.031200361001538113,0.4081021559977671,-0.11983114974226948,-0.11983114974226972,-0.11983114974226973,-0.11983114974226976,1,0,True,ok,True,-1.1744567689209173e-07,-0.11983114974226933,-0.11983114974226976,1.1983114974226976e-05,0.0,False,False,False,False,-1.1744567732230315e-07,-9.80094012973323e-07,2.316223759458622e-15,3.681685044332195e-08
mixed|2|0|37,mixed,2,1,37,1.0,0.5,0.15,0.4133436575283912,optimal,False,0.06359965199953876,6,6,35,0.41334370301133594,optimal,0.05111874699650798,0.3883751739995205,0.413343716004729,0.413343716004729,0.413343716004729,0.4133437160047288,1,0,True,ok,True,5.847633188782453e-08,0.4133437160047231,0.4133437160047231,4.133437160047231e-05,0.0,False,False,False,False,5.8476337605473105e-08,1.4147147667665994e-07,1.4369864477815643e-14,4.5482944743824305e-08
mixed|2|0|38,mixed,2,1,38,1.0,0.5,0.15,0.04532839069369549,optimal,False,0.06534867900336394,11,6,35,0.0453283708423848,optimal,0.05305721500189975,0.5031954949954525,0.04532837012817058,0.04532837012816886,0.0453283701281688,0.0453283701281688,1,0,True,ok,True,-2.0565526615001772e-08,0.04532837012816888,0.0453283701281688,4.53283701281688e-06,0.0,False,False,False,False,-2.0565526691329605e-08,-4.5370079053324885e-07,3.918863251375442e-14,-1.9851310692486912e-08
mixed|2|0|39,mixed,2,1,39,1.0,0.5,0.15,0.36391888739548417,optimal,False,0.063344889000291,6,6,35,0.36391893183150953,optimal,0.05131336900376482,0.5193544650028343,0.36391894729176183,0.363918947291761,0.36391894729175844,0.36391894729175844,1,0,True,ok,True,5.989627555047505e-08,0.3639189472917597,0.36391894729175844,3.6391894729175844e-05,0.0,False,False,False,False,5.989627427371857e-08,1.6458688006656568e-07,9.304764839276103e-15,4.4436025359306797e-08
mixed|2|0|40,mixed,2,1,40,1.0,0.5,0.15,0.34509957818519404,optimal,False,0.03989580699999351,6,6,35,0.34509962275223066,optimal,0.03178653299983125,0.3298261550007737,0.34509963690551126,0.3450996369055107,0.3450996369055059,0.3450996369055059,1,0,True,ok,True,5.872031799691868e-08,0.34509963690551204,0.3450996369055059,3.450996369055059e-05,0.0,False,False,False,False,5.8720311835180894e-08,1.701546902606449e-07,1.5602976919116256e-14,4.4567036616705025e-08
mixed|2|0|41,mixed,2,1,41,1.0,0.5,0.15,-0.4453384592064275,optimal,False,0.0662552939975285,7,6,35,-0.44533859087396394,optimal,0.05441153500578366,0.3782752490005805,-0.3203830029924529,-0.4453386077826066,-0.4453386077826066,-0.4453386077826066,2,0,True,ok,True,-1.4857617897101605e-07,-0.4453386077826065,-0.4453386077826066,4.453386077826066e-05,0.41,True,False,False,False,-1.4857617908203835e-07,-3.3362530455329237e-07,0.2805856097056627,-1.3166753642934736e-07
mixed|2|0|42,mixed,2,1,42,1.0,0.5,0.15,-0.06088280134029933,optimal,False,0.04107901999668684,12,6,35,-0.06088269662532621,optimal,0.03352102300414117,0.3581286699991324,-0.05997937541421765,-0.06088270570581844,-0.06088270570581845,-0.060882705705818455,4,0,True,ok,True,9.56344808830667e-08,-0.06088270570581845,-0.060882705705818455,6.088270570581846e-06,0.64,True,False,False,False,9.56344808761278e-08,1.5707963295181978e-06,0.014837223167538644,1.0471497312314337e-07
mixed|2|0|43,mixed,2,1,43,1.0,0.5,0.15,-0.23903761053142913,optimal,False,0.06395197600068059,9,6,35,-0.239037619680184,optimal,0.0516502560058143,0.42973466200055555,-0.23903763989128424,-0.23903763989128424,-0.23903763989128435,-0.23903763989128435,1,0,True,ok,True,-2.9359854991639622e-08,-0.23903763989128413,-0.23903763989128435,2.3903763989128435e-05,0.0,False,False,False,False,-2.9359855213684227e-08,-1.2282525393561e-07,4.644553155436492e-16,-9.14875486479616e-09
mixed|2|0|44,mixed,2,1,44,1.0,0.5,0.15,0.3810631518479579,optimal,False,0.03865096999652451,6,6,35,0.3810631914053133,optimal,0.03156855000270298,0.3421868059958797,0.3810632116929529,0.38106321169295265,0.3810632116929508,0.38106321169294854,1,0,True,ok,True,5.984500034417195e-08,0.38106321169295826,0.38106321169294854,3.810632116929486e-05,0.0,False,False,False,False,5.984499062972048e-08,1.5704743515478585e-07,1.1362602484773614e-14,3.9557355391295346e-08
mixed|2|0|45,mixed,2,1,45,1.0,0.5,0.15,0.3634978830038215,optimal,False,0.06664365000324324,6,6,35,0.36349793480998527,optimal,0.054071376005595084,0.5147224600004847,0.36349794761300247,0.36349794761300175,0.3634979476129972,0.3634979476129972,1,0,True,ok,True,6.460918128281534e-08,0.3634979476130028,0.3634979476129972,3.634979476129972e-05,0.0,False,False,False,False,6.460917567618907e-08,1.777429214780594e-07,1.450781057114539e-14,5.180616374778069e-08
mixed|2|0|46,mixed,2,1,46,1.0,0.5,0.15,0.3421193634613724,optimal,False,0.06543142099690158,6,6,35,0.3421194238176364,optimal,0.05246108799474314,0.515484148003452,0.3421194388625259,0.34211943886252477,0.34211943886252444,0.3421194388625195,1,0,True,ok,True,7.540115337656417e-08,0.34211943886252577,0.3421194388625195,3.421194388625195e-05,0.0,False,False,False,False,7.540114710380408e-08,2.20394269242575e-07,1.8659513802604972e-14,6.035626398670502e-08
mixed|2|0|47,mixed,2,1,47,1.0,0.5,0.15,-0.10128983682780672,optimal,False,0.0395960610039765,8,6,35,-0.10128981677398619,optimal,0.03299884700390976,0.3376985759969102,-0.1012898609588612,-0.1012898609588644,-0.1012898609588644,-0.10128986095886441,1,0,True,ok,True,-2.4131057554943602e-08,-0.10128986095886428,-0.10128986095886441,1.0128986095886441e-05,0.0,False,False,False,False,-2.413105769372148e-08,-2.382376993532373e-07,3.1786466492638474e-14,2.0053820534715605e-08
mixed|2|0|48,mixed,2,1,48,1.0,0.5,0.15,0.37723430574581207,optimal,False,0.06595462300174404,6,6,35,0.37723435400717875,optimal,0.052414687001146376,0.5126759030026733,0.37723436912205066,0.3772343691220447,0.3772343691220447,0.37723436912204455,1,0,True,ok,True,6.33762375357172e-08,0.3772343691220496,0.37723436912204455,3.772343691220446e-05,0.0,False,False,False,False,6.337623248420243e-08,1.680023039232985e-07,1.6186824783886133e-14,4.826136668079073e-08
mixed|2|0|49,mixed,2,1,49,1.0,0.5,0.15,0.37168143238114365,optimal,False,0.04050706199632259,6,6,35,0.37168147904963733,optimal,0.0336298030015314,0.32544749500084436,0.3716815030673829,0.37168150306738257,0.3716815030673771,0.37168150306737546,1,0,True,ok,True,7.068624169326299e-08,0.37168150306738534,0.37168150306737546,3.716815030673755e-05,0.0,False,False,False,False,7.068623181227807e-08,1.9017961526738928e-07,2.001308702101368e-14,4.666849368062387e-08
mixed|4|0|0,mixed,4,2,0,1.0,0.5,0.15,-0.3488491247989758,optimal,False,0.1351943339977879,10,6,75,-0.3488490715895394,optimal,0.11929969600168988,0.4455926320006256,-0.34884930721148577,-0.34884930721148577,-0.34884930721148577,-0.34884930721148577,1,0,True,ok,True,-1.82412509985852e-07,-0.34884930721148577,-0.34884930721148577,3.488493072114858e-05,0.0,False,False,False,False,-1.82412509985852e-07,-5.228980009365572e-07,0.0,5.320943641251574e-08
mixed|4|0|1,mixed,4,2,1,1.0,0.5,0.15,0.07592631781289697,optimal,False,0.08363799800281413,8,6,75,0.07592629308140786,optimal,0.07073340499482583,0.4391525030005141,0.07592629125575857,0.07592629125575845,0.07592629125575841,0.07592629125575841,1,0,True,ok,True,-2.6557138349536658e-08,0.07592629125575862,0.07592629125575841,7.592629125575841e-06,0.0,False,False,False,False,-2.6557138557703475e-08,-3.497751415147968e-07,2.1933568852033616e-15,-2.4731489106644133e-08
mixed|4|0|2,mixed,4,2,2,1.0,0.5,0.15,-0.46487628731676467,optimal,False,0.13919780500145862,8,6,75,-0.4648765434768942,optimal,0.11176136699941708,0.4373792499973206,-0.464876576943549,-0.464876576943549,-0.464876576943549,-0.464876576943549,2,0,True,ok,True,-2.896267843333078e-07,-0.464876576943549,-0.464876576943549,4.64876576943549e-05,0.45,False,False,False,False,-2.896267843333078e-07,-6.230190531012338e-07,0.0,-2.5616012955254064e-07
mixed|4|0|3,mixed,4,2,3,1.0,0.5,0.15,-0.3345390306999906,optimal,False,0.08175288699567318,9,6,75,-0.3345388639153233,optimal,0.06730339700152399,0.310595425995416,-0.33453904674069324,-0.33453904674069324,-0.33453904674069324,-0.33453904674069324,3,0,True,ok,True,-1.6040702544017904e-08,-0.3345390467406931,-0.33453904674069324,3.345390467406933e-05,0.55,False,False,False,False,-1.6040702655040207e-08,-4.794867319809168e-08,0.0,1.667846672992468e-07
mixed|4|0|4,mixed,4,2,4,1.0,0.5,0.15,0.07132228171100694,optimal,False,0.13450767899485072,8,6,75,0.07132227006799843,optimal,0.11253091000253335,0.689029319997644,0.0713222773580562,0.07132227735805603,0.07132227735805602,0.07132227735805599,1,0,True,ok,True,-4.35295055556395e-09,0.07132227735805638,0.07132227735805599,7.132227735805599e-06,0.0,False,False,False,False,-4.352950944142009e-09,-6.103213245167719e-08,2.918678775106499e-15,-1.1643008501760477e-08
mixed|4|0|5,mixed,4,2,5,1.0,0.5,0.15,-0.11927210572892938,optimal,False,0.13496034700074233,9,6,75,-0.11927198431048702,optimal,0.1165433860005578,0.8015411470041727,-0.11927214345591519,-0.11927214345591569,-0.11927214345591591,-0.11927214345591591,2,0,True,ok,True,-3.7726982371477646e-08,-0.11927214345591175,-0.11927214345591591,1.1927214345591592e-05,0.12,False,False,False,False,-3.772698653481399e-08,-3.163102244589896e-07,6.050406617141733e-15,1.2141844235591392e-07
mixed|4|0|6,mixed,4,2,6,1.0,0.5,0.15,-0.5149490135959677,optimal,False,0.09232980499655241,8,6,75,-0.5149490597026831,optimal,0.07703285300522111,0.560575173003599,-0.5149490826732905,-0.5149490826732905,-0.5149490826732905,-0.5149490826732905,2,0,True,ok,True,-6.907732286176582e-08,-0.5149490826732905,-0.5149490826732905,5.1494908267329056e-05,0.42,False,False,False,False,-6.907732286176582e-08,-1.3414400462560035e-07,0.0,-4.610671544558187e-08
mixed|4|0|7,mixed,4,2,7,1.0,0.5,0.15,-0.5406839364623676,optimal,False,0.08040364600310568,8,6,75,-0.5406839524022917,optimal,0.07868378599960124,0.3836064269999042,-0.2987759212476263,-0.5406839465720945,-0.5406839465720945,-0.5406839465720945,4,0,True,ok,True,-1.0109726389373463e-08,-0.540683946572094,-0.5406839465720945,5.406839465720945e-05,0.56,True,False,False,False,-1.0109726944484976e-08,-1.8698034586771245e-08,0.447411148154391,-1.5939924158381302e-08
mixed|4|0|8,mixed,4,2,8,1.0,0.5,0.15,-0.008763400070200371,optimal,False,0.13267821299814386,9,6,75,-0.008763456391358282,optimal,0.09057864300120855,0.461288089005393,-0.008763485011989244,-0.008763485011989633,-0.008763485011989633,-0.008763485011989633,1,0,True,ok,True,-8.494178855428247e-08,-0.008763485011988925,-0.008763485011989633,1e-06,0.0,False,False,False,False,-8.494178926204965e-08,-9.69278916648929e-06,4.434058574724296e-14,-5.632115791104342e-08
mixed|4|0|9,mixed,4,2,9,1.0,0.5,0.15,-0.3084623721058004,optimal,False,0.18290847200114513,10,6,75,-0.3084622375063921,optimal,0.12771397199685453,0.43925886299984995,-0.3084624316999184,-0.3084624316999184,-0.3084624316999184,-0.3084624316999184,1,0,True,ok,True,-5.9594117973738037e-08,-0.3084624316999184,-0.3084624316999184,3.084624316999184e-05,0.0,False,False,False,False,-5.9594117973738037e-08,-1.9319736656015105e-07,0.0,1.3459940828575157e-07
mixed|4|0|10,mixed,4,2,10,1.0,0.5,0.15,-0.22576069948395705,optimal,False,0.07941091700195102,10,6,75,-0.225760621116594,optimal,0.07429579299787292,0.48811835400556447,-0.22576077338115907,-0.2257607733811593,-0.2257607733811593,-0.2257607733811593,1,0,True,ok,True,-7.389720202422012e-08,-0.22576077338115907,-0.2257607733811593,2.257607733811593e-05,0.0,False,False,False,False,-7.389720224626473e-08,-3.273253600612448e-07,9.835393527384235e-16,7.836736304334124e-08
mixed|4|0|11,mixed,4,2,11,1.0,0.5,0.15,-0.06912292600309994,optimal,False,0.08393799199984642,9,6,75,-0.06912309705266761,optimal,0.07506698399811285,0.47248599299928173,-0.06912310696204904,-0.06912310696205098,-0.0691231069620511,-0.06912310696205115,1,0,True,ok,True,-1.809589471046813e-07,-0.06912310696204704,-0.06912310696205115,6.9123106962051155e-06,0.0,False,False,False,False,-1.809589512125065e-07,-2.6179295593533044e-06,3.051691163051856e-14,-1.710495676765511e-07
mixed|4|0|12,mixed,4,2,12,1.0,0.5,0.15,-0.21153817158650956,optimal,False,0.14241115700133378,12,6,75,-0.2115380498046292,optimal,0.12543253100011498,0.9024308669977472,-0.2115382563628473,-0.2115382563628484,-0.2115382563628484,-0.21153825636284862,2,0,True,ok,True,-8.477633850478838e-08,-0.21153825636284806,-0.21153825636284862,2.1153825636284864e-05,0.31,False,False,False,False,-8.47763390598999e-08,-4.007614248723437e-07,6.297998539162428e-15,1.2178188035782966e-07
mixed|4|0|13,mixed,4,2,13,1.0,0.5,0.15,-0.12717078383928698,optimal,False,0.13905265200446593,10,6,75,-0.1271707467407494,optimal,0.12103449000278488,0.7937907310042647,-0.1271707969884866,-0.12717079698848732,-0.12717079698848732,-0.12717079698848743,1,0,True,ok,True,-1.3149200117634763e-08,-0.1271707969884871,-0.12717079698848743,1.2717079698848744e-05,0.0,False,False,False,False,-1.314920045070167e-08,-1.0339796652758758e-07,6.547629551651291e-15,3.709853757527526e-08
mixed|4|0|14,mixed,4,2,14,1.0,0.5,0.15,0.08734290340891197,optimal,False,0.1319636089974665,7,6,75,0.08734290142113779,optimal,0.11293049199593952,0.7016353590006474,0.08734286159374322,0.08734286159374252,0.08734286159374231,0.08734286159374226,1,0,True,ok,True,-4.1815168355663346e-08,0.08734286159374362,0.08734286159374226,8.734286159374227e-06,0.0,False,False,False,False,-4.181516971568655e-08,-4.787471916283924e-07,1.0963315619233193e-14,-1.9877741813667527e-09
mixed|4|0|15,mixed,4,2,15,1.0,0.5,0.15,0.07811070263863189,optimal,False,0.14371881199622294,8,6,75,0.07811073257366205,optimal,0.11185686200042255,0.6939731300008134,0.07811069329305292,0.07811069329305266,0.07811069329305266,0.07811069329305266,1,0,True,ok,True,-9.345578436126267e-09,0.07811069329305345,0.07811069329305266,7.811069329305267e-06,0.0,False,False,False,False,-9.345579227160172e-09,-1.196453099442233e-07,3.3756961720877057e-15,2.993503016301968e-08
mixed|4|0|16,mixed,4,2,16,1.0,0.5,0.15,-0.1307710891910835,optimal,False,0.08843951899325475,19,6,75,-0.12978361987254616,optimal,0.07439010700181825,0.5093920520012034,-0.09030023218437144,-0.09030023218437144,-0.12978372884253497,-0.12978372884253497,4,0,False,ok,False,0.0009873603499310768,-0.1297837288411524,-0.12978372884253497,1.2978372884253499e-05,0.6,True,True,False,False,0.000987360348548516,0.00755029536464118,0.3042253216970548,0.0009874693185373262
mixed|4|0|17,mixed,4,2,17,1.0,0.5,0.15,0.08876905817681555,optimal,False,0.07920539000042481,8,6,75,0.08876905560198767,optimal,0.06708224499743665,0.4096062000025995,0.08876905542856789,0.08876905542856779,0.08876905542856779,0.08876905542856758,1,0,True,ok,True,-2.7482465608796858e-09,0.08876905542856899,0.08876905542856758,8.876905542856758e-06,0.0,False,False,False,False,-2.7482479625362544e-09,-3.095952597651908e-08,3.4393892139316715e-15,-2.574827878687458e-09
mixed|4|0|18,mixed,4,2,18,1.0,0.5,0.15,-0.3745940997475148,optimal,False,0.13481569399300497,8,6,75,-0.3745941060724983,optimal,0.11195132199645741,0.568742782001209,-0.048045811469100946,-0.37459410964895423,-0.37459410964895434,-0.37459410964895434,3,0,True,ok,True,-9.901439557147285e-09,-0.37459410964895434,-0.37459410964895434,3.745941096489544e-05,0.39,True,False,False,False,-9.901439557147285e-09,-2.6432449320000202e-08,0.8717390096867076,-6.32498353692057e-09
mixed|4|0|19,mixed,4,2,19,1.0,0.5,0.15,0.06853488620815515,optimal,False,0.13889780699537368,8,6,75,0.06853484994086018,optimal,0.11216079400037415,0.4921733560040593,0.06853488559765558,0.06853488559765558,0.0685348855976555,0.0685348855976555,1,0,True,ok,True,-6.104976524312633e-10,0.0685348855976575,0.0685348855976555,6.85348855976555e-06,0.0,False,False,False,False,-6.104996508327076e-10,-8.907866994606064e-09,1.2149539044351334e-15,-3.6267294972747166e-08
mixed|4|0|20,mixed,4,2,20,1.0,0.5,0.15,-0.26445555848712365,optimal,False,0.1460921079997206,18,6,75,-0.2639118445864579,optimal,0.14490512700285763,0.8310574139977689,-0.20823203019447223,-0.2639119244512693,-0.26391192445126943,-0.26391192445126965,4,0,False,ok,False,0.0005436340358541125,-0.26391192445126954,-0.26391192445126965,2.6391192445126968e-05,0.62,True,False,False,False,0.0005436340358540015,0.0020556725635262874,0.21097907710145364,0.0005437139006657654
mixed|4|0|21,mixed,4,2,21,1.0,0.5,0.15,-0.6397280432938606,optimal,False,0.08732774799864274,8,6,75,-0.6397281001766857,optimal,0.07217738199688029,0.35346349899919005,-0.15964534590807655,-0.6397281181422295,-0.6397281181422295,-0.6397281181422295,2,0,True,ok,True,-7.484836894722235e-08,-0.6397281181422295,-0.6397281181422295,6.397281181422296e-05,0.37,True,False,False,False,-7.484836894722235e-08,-1.170002936901745e-07,0.7504481335419699,-5.688282511684406e-08
mixed|4|0|22,mixed,4,2,22,1.0,0.5,0.15,-0.27847611751197365,optimal,False,0.0889262190030422,16,6,75,-0.27841582056071135,optimal,0.08105213000089861,0.5613258540033712,-0.1526109078767966,-0.27841609131620426,-0.2784160913162045,-0.2784160913162046,3,0,False,ok,False,6.0026195769169455e-05,-0.2784160913162045,-0.2784160913162046,2.7841609131620462e-05,0.39,True,False,False,False,6.002619576905843e-05,0.00021555240106533547,0.4518603175724053,6.0296951262306386e-05
mixed|4|0|23,mixed,4,2,23,1.0,0.5,0.15,-0.17719383345886808,optimal,False,0.14218272200378124,10,6,75,-0.17719377088751598,optimal,0.1220892269993783,0.8594690539976,-0.1771938632691139,-0.17719386326911413,-0.17719386326911413,-0.17719386326911424,2,0,True,ok,True,-2.981024593839976e-08,-0.17719386326911402,-0.17719386326911424,1.7719386326911424e-05,0.16,False,False,False,False,-2.9810246160444365e-08,-1.6823523470620215e-07,1.8796751831168083e-15,6.257135209963849e-08
mixed|4|0|24,mixed,4,2,24,1.0,0.5,0.15,-0.20616599635219712,optimal,False,0.08491925300040748,11,6,75,-0.20616573491125612,optimal,0.08181322599557461,0.5502227819961263,-0.20616602678492935,-0.20616602678492935,-0.20616602678492946,-0.20616602678492957,1,0,True,ok,True,-3.043273211211783e-08,-0.20616602678492923,-0.20616602678492957,2.0616602678492958e-05,0.0,False,False,False,False,-3.043273244518474e-08,-1.476127634219367e-07,1.0770184030207174e-15,2.614409410073293e-07
mixed|4|0|25,mixed,4,2,25,1.0,0.5,0.15,-0.0810712434524824,optimal,False,0.1343336689969874,9,6,75,-0.08107113580629466,optimal,0.11735657599638216,1.070300211002177,-0.08107126973473999,-0.0810712697347401,-0.08107126973474016,-0.08107126973474033,1,0,True,ok,True,-2.6282257536980325e-08,-0.08107126973473994,-0.08107126973474033,8.107126973474033e-06,0.0,False,False,False,False,-2.6282257925558383e-08,-3.24187181623321e-07,4.108322325249366e-15,1.0764618774139478e-07
mixed|4|0|26,mixed,4,2,26,1.0,0.5,0.15,-0.5625347745077761,optimal,False,0.07845661899773404,8,6,75,-0.5625347820732645,optimal,0.07075600299867801,0.294759714997781,-0.5625347967977518,-0.562534796797754,-0.562534796797754,-0.562534796797754,3,0,True,ok,True,-2.2289977863465538e-08,-0.562534796797754,-0.562534796797754,5.62534796797754e-05,0.49,False,False,False,False,-2.2289977863465538e-08,-3.962417769278265e-08,3.947215464519294e-15,-7.565488346905624e-09
mixed|4|0|27,mixed,4,2,27,1.0,0.5,0.15,0.08320076732559342,optimal,False,0.13963695800339337,8,6,75,0.0832006959016835,optimal,0.10981057599565247,0.68944934400497,0.0832007429587753,0.08320074295877516,0.08320074295877515,0.083200742958775,1,0,True,ok,True,-2.4366818146548397e-08,0.08320074295877528,0.083200742958775,8.3200742958775e-06,0.0,False,False,False,False,-2.4366818424104153e-08,-2.9286771273092174e-07,3.6695745844865385e-15,-7.142390992531666e-08
mixed|4|0|28,mixed,4,2,28,1.0,0.5,0.15,-0.2496170385928358,optimal,False,0.08790537899767514,21,6,75,-0.24481172130633988,optimal,0.09253535599418683,0.531382102999487,-0.24444412271598182,-0.24479038720017932,-0.24479038720017954,-0.2447903872001802,5,0,False,ok,False,0.004826651392656256,-0.24479038720017954,-0.2447903872001802,2.447903872001802e-05,0.77,True,False,False,False,0.00482665139265559,0.019336225683410212,0.0014145346480261367,0.004805317286495914
mixed|4|0|29,mixed,4,2,29,1.0,0.5,0.15,0.08354864076791367,optimal,False,0.13683837599819526,8,6,75,0.08354864189492656,optimal,0.11795575599535368,0.7139904540017596,0.0835486403279891,0.08354864032798703,0.08354864032798703,0.08354864032798703,1,0,True,ok,True,-4.399259428966573e-10,0.08354864032798773,0.08354864032798703,8.354864032798703e-06,0.0,False,False,False,False,-4.399266367860477e-10,-5.265515186633638e-09,2.4749539612456003e-14,1.1270128857931994e-09
mixed|4|0|30,mixed,4,2,30,1.0,0.5,0.15,-0.5546497024575188,optimal,False,0.13669612699595746,8,6,75,-0.5546493461321328,optimal,0.11302110199903836,0.5748379270007717,-0.1204406889951316,-0.5546497769315264,-0.5546497769315264,-0.5546497769315264,3,0,True,ok,True,-7.447400762750078e-08,-0.5546497769315264,-0.5546497769315264,5.546497769315264e-05,0.44,True,False,False,False,-7.447400762750078e-08,-1.3427214924577522e-07,0.7828527225568497,3.563253859750759e-07
mixed|4|0|31,mixed,4,2,31,1.0,0.5,0.15,-0.30639649921219025,optimal,False,0.091188256003079,13,6,75,-0.30639648699498345,optimal,0.084853063999617,0.5315798019946669,-0.3063965659283251,-0.30639656592832676,-0.30639656592832687,-0.30639656592832687,1,0,True,ok,True,-6.671613617115213e-08,-0.3063965659283264,-0.30639656592832687,3.0639656592832685e-05,0.0,False,False,False,False,-6.671613661524134e-08,-2.1774444808208494e-07,5.797574245057892e-15,1.2217206801778957e-08
mixed|4|0|32,mixed,4,2,32,1.0,0.5,0.15,-0.2021439776527797,optimal,False,0.14902268099831417,18,6,75,-0.2013433944945363,optimal,0.13822903399704956,0.7843249849975109,-0.20130823140885978,-0.20131757499222158,-0.2013175749922217,-0.2013175749922218,5,0,False,ok,False,0.00082640266055789,-0.2013175749922218,-0.2013175749922218,2.0131757499222183e-05,0.55,False,False,False,False,0.00082640266055789,0.004088188380152448,4.641215930790618e-05,0.0008005831582433842
mixed|4|0|33,mixed,4,2,33,1.0,0.5,0.15,-0.41005948558571026,optimal,False,0.11662641500151949,10,6,75,-0.4100594544769913,optimal,0.07138773099723039,0.2897122499998659,-0.41005982185726353,-0.41005982185726375,-0.41005982185726375,-0.41005982185726375,2,0,True,ok,True,-3.36271553491585e-07,-0.41005982185726375,-0.41005982185726375,4.100598218572638e-05,0.52,False,False,False,False,-3.36271553491585e-07,-8.200555414814269e-07,5.414931995027838e-16,3.110871893419187e-08
mixed|4|0|34,mixed,4,2,34,1.0,0.5,0.15,-0.5638599791412142,optimal,False,0.083732653001789,7,6,75,-0.563860150970146,optimal,0.06835622900689486,0.34088683599838987,-0.1566776774320458,-0.5638603039897457,-0.5638603039897457,-0.5638603039897457,3,0,True,ok,True,-3.2484853118575074e-07,-0.5638603039897454,-0.5638603039897457,5.6386030398974576e-05,0.35,True,False,False,False,-3.2484853151881765e-07,-5.761156023408108e-07,0.7221338754946383,-1.7182893174982894e-07
mixed|4|0|35,mixed,4,2,35,1.0,0.5,0.15,-0.03981265087521649,optimal,False,0.1361007610030356,9,6,75,-0.03981264832668202,optimal,0.11185480899439426,0.838034789005178,-0.039812782179425577,-0.03981278217942846,-0.03981278217942846,-0.03981278217942846,1,0,True,ok,True,-1.313042119477359e-07,-0.039812782179428435,-0.03981278217942846,3.981278217942846e-06,0.0,False,False,False,False,-1.3130421197549147e-07,-3.2980524805302225e-06,7.25038469056534e-14,2.5485344667952603e-09
mixed|4|0|36,mixed,4,2,36,1.0,0.5,0.15,0.07476753716305341,optimal,False,0.13469515299948398,8,6,75,0.07476754193669372,optimal,0.11295748099655611,0.684982544000377,0.07476753431416519,0.07476753431416516,0.07476753431416513,0.07476753431416505,1,0,True,ok,True,-2.8488881670396538e-09,0.07476753431416525,0.07476753431416505,7.476753431416506e-06,0.0,False,False,False,False,-2.848888361328683e-09,-3.810327943684722e-08,1.8561248455113552e-15,4.773640302491167e-09
mixed|4|0|37,mixed,4,2,37,1.0,0.5,0.15,-0.6368218485252847,optimal,False,0.13732054599677213,8,6,75,-0.6368218935976462,optimal,0.10598745600145776,0.6282648139967932,-0.6368218896093926,-0.6368218896093926,-0.6368218896093926,-0.6368218896093926,3,0,True,ok,True,-4.108410711634036e-08,-0.6368218896093918,-0.6368218896093926,6.368218896093925e-05,0.53,False,False,False,False,-4.108410789349648e-08,-6.451428761220534e-08,0.0,-4.507236150974592e-08
mixed|4|0|38,mixed,4,2,38,1.0,0.5,0.15,0.08852422458186836,optimal,False,0.08121454600041034,8,6,75,0.08852426214409762,optimal,0.06948158999875886,0.5608973910057102,0.0885242231126322,0.08852422311263212,0.08852422311263212,0.088524223112632,1,0,True,ok,True,-1.4692341926414443e-09,0.08852422311263416,0.088524223112632,8.8524223112632e-06,0.0,False,False,False,False,-1.4692363575763423e-09,-1.6596997765482523e-08,2.1947555423581938e-15,3.7562229257548374e-08
mixed|4|0|39,mixed,4,2,39,1.0,0.5,0.15,-0.3164451850839637,optimal,False,0.08777555399865378,18,6,75,-0.31526937097643337,optimal,0.086814743001014,0.4573032760017668,-0.3152557879069935,-0.3152557879069935,-0.3152625644554754,-0.3152625644554756,4,0,False,ok,False,0.0011826206284882845,-0.3152625644554754,-0.3152625644554756,3.1526256445547566e-05,0.56,False,False,False,False,0.0011826206284880625,0.0037372053178002154,2.1494935479698423e-05,0.0011758141075303152
mixed|4|0|40,mixed,4,2,40,1.0,0.5,0.15,-0.3098582246206045,optimal,False,0.121981431999302,16,6,75,-0.309659772354973,optimal,0.08186507299978985,0.45547892499598674,-0.3096600487011819,-0.3096600487011819,-0.3096600487011819,-0.3096600487011819,5,0,False,ok,False,0.00019817591942261625,-0.3096600487011819,-0.3096600487011819,3.096600487011819e-05,0.52,False,False,False,False,0.00019817591942261625,0.0006395696601736684,0.0,0.0001984522656315324
mixed|4|0|41,mixed,4,2,41,1.0,0.5,0.15,-0.22168706322497655,optimal,False,0.1378746120026335,12,6,75,-0.22168701643316857,optimal,0.1274549139998271,0.9032036920034443,-0.22168715079479973,-0.22168715079479973,-0.22168715079479973,-0.22168715079479995,1,0,True,ok,True,-8.756982194935148e-08,-0.2216871507947985,-0.22168715079479995,2.2168715079479996e-05,0.0,False,False,False,False,-8.756982339264141e-08,-3.950154876821666e-07,1.0016124260199556e-15,4.6791807983836975e-08
mixed|4|0|42,mixed,4,2,42,1.0,0.5,0.15,0.0719550711658388,optimal,False,0.13462486100615934,8,6,75,0.07195505354374643,optimal,0.11199808699893765,0.6898250340018421,0.07195505875570597,0.07195505875570357,0.07195505875570343,0.07195505875570343,1,0,True,ok,True,-1.2410135294405045e-08,0.0719550587557035,0.07195505875570343,7.195505875570344e-06,0.0,False,False,False,False,-1.2410135363793984e-08,-1.724706148256273e-07,3.5294741089051565e-14,-1.762209236866319e-08
mixed|4|0|43,mixed,4,2,43,1.0,0.5,0.15,-0.4106743647798191,optimal,False,0.13608414700138383,9,6,75,-0.41067416430359993,optimal,0.11563387799833436,0.4243891049991362,-0.4106744121293765,-0.4106744121293765,-0.4106744121293765,-0.4106744121293765,1,0,True,ok,True,-4.734955738605606e-08,-0.4106744121293765,-0.4106744121293765,4.106744121293765e-05,0.0,False,False,False,False,-4.734955738605606e-08,-1.1529708559101876e-07,0.0,2.0047621918095615e-07
mixed|4|0|44,mixed,4,2,44,1.0,0.5,0.15,-0.4940507863296342,optimal,False,0.08725082399905659,8,6,75,-0.4940508591355872,optimal,0.06950108999444637,0.3686652579999645,-0.4940508806642373,-0.4940508806642374,-0.4940508806642374,-0.4940508806642374,2,0,True,ok,True,-9.433460324004272e-08,-0.4940508806642374,-0.4940508806642374,4.940508806642374e-05,0.33,False,False,False,False,-9.433460324004272e-08,-1.9094110534843277e-07,2.2471835757735987e-16,-7.280595304415272e-08
mixed|4|0|45,mixed,4,2,45,1.0,0.5,0.15,-0.39983385673217087,optimal,False,0.13604273099917918,10,6,75,-0.39983387900633915,optimal,0.12134479499945883,0.5462740060029319,-0.1663433633424245,-0.3998341928095239,-0.3998341928095239,-0.3998341928095239,4,0,True,ok,True,-3.3607735305807296e-07,-0.3998341928095239,-0.3998341928095239,3.998341928095239e-05,0.57,True,False,False,False,-3.3607735305807296e-07,-8.405425088431036e-07,0.5839691393735592,-2.2274168287594875e-08
mixed|4|0|46,mixed,4,2,46,1.0,0.5,0.15,-0.40141520342623815,optimal,False,0.07723692199942889,8,6,75,-0.4014150576265859,optimal,0.06822289900446776,0.258953090000432,-0.4014153123221522,-0.4014153123221522,-0.4014153123221522,-0.4014153123221522,2,0,True,ok,True,-1.0889591406382237e-07,-0.4014153123221522,-0.4014153123221522,4.014153123221522e-05,0.6,False,False,False,False,-1.0889591406382237e-07,-2.7127999421634387e-07,0.0,1.457996522402638e-07
mixed|4|0|47,mixed,4,2,47,1.0,0.5,0.15,-0.5595105156840942,optimal,False,0.08068796299630776,8,6,75,-0.5595105383615185,optimal,0.10572349800349912,0.3190491390050738,-0.5595105874932612,-0.5595105874932612,-0.5595105874932612,-0.5595105874932612,2,0,True,ok,True,-7.180916694604633e-08,-0.5595105874932611,-0.5595105874932612,5.5951058749326123e-05,0.13,False,False,False,False,-7.180916705706863e-08,-1.2834283725529278e-07,0.0,-2.2677424382777644e-08
mixed|4|0|48,mixed,4,2,48,1.0,0.5,0.15,-0.21473425189263662,optimal,False,0.1380822330029332,12,6,75,-0.21473434455889095,optimal,0.12593488200218417,0.8002623829961522,-0.2147346422044285,-0.2147346422044285,-0.2147346422044285,-0.2147346422044285,2,0,True,ok,True,-3.9031178677984e-07,-0.2147346422044234,-0.2147346422044285,2.147346422044285e-05,0.24,False,False,False,False,-3.9031179188686593e-07,-1.817650367590239e-06,0.0,-9.266625433657083e-08
mixed|4|0|49,mixed,4,2,49,1.0,0.5,0.15,-0.25576475185667324,optimal,False,0.1386708669961081,11,6,75,-0.25576448759020654,optimal,0.1029234660018119,0.5996987530015758,-0.25576476318003183,-0.25576476318003183,-0.25576476318003183,-0.25576476318003183,1,0,True,ok,True,-1.132335614162372e-08,-0.2557647631800294,-0.25576476318003183,2.5576476318003185e-05,0.0,False,False,False,False,-1.1323358584114374e-08,-4.4272553203342947e-08,0.0,2.642664667096284e-07
mixed|6|0|0,mixed,6,2,0,1.0,0.5,0.15,-0.6119160043977571,optimal,False,0.10631722099788021,7,10,145,-0.6119159540601783,optimal,0.2437239220016636,0.49641605900251307,-0.6119162158344,-0.6119162158344,-0.6119162158344,-0.6119162158344,2,0,True,ok,True,-2.1143664219458458e-07,-0.6119162158343993,-0.6119162158344,6.119162158344001e-05,0.22,False,False,False,False,-2.114366429717407e-07,-3.455321342343954e-07,0.0,5.033757877193068e-08
mixed|6|0|1,mixed,6,2,1,1.0,0.5,0.15,-0.6846764815309562,optimal,False,0.18499845400219783,7,10,145,-0.6846767512800109,optimal,0.3488560170007986,0.6910232359950896,-0.6846767622892217,-0.6846767622892279,-0.6846767622892279,-0.6846767622892279,2,0,True,ok,True,-2.807582711872314e-07,-0.6846767622892274,-0.6846767622892279,6.84676762289228e-05,0.23,False,False,False,False,-2.807582717423429e-07,-4.100597571491858e-07,9.080560755579616e-15,-2.697490547598491e-07
mixed|6|0|2,mixed,6,2,2,1.0,0.5,0.15,-0.3170945457931635,optimal,False,0.15265191799699096,9,10,145,-0.31709478322229134,optimal,0.3374691669960157,0.5599326649971772,-0.3170947915560588,-0.3170947915560588,-0.3170947915560588,-0.3170947915560588,7,0,True,ok,True,-2.45762895312307e-07,-0.3170947915560588,-0.3170947915560588,3.170947915560588e-05,0.49,False,False,False,False,-2.45762895312307e-07,-7.75046113447233e-07,0.0,-2.3742912785840176e-07
mixed|6|0|3,mixed,6,2,3,1.0,0.5,0.15,-0.45782931756667844,optimal,False,0.18211047800286906,9,10,145,-0.45782932011170807,optimal,0.377134020003723,0.5511503020024975,-0.45782934032592554,-0.45782934032592554,-0.4578293403259265,-0.4578293403259265,3,0,True,ok,True,-2.2759248041737123e-08,-0.4578293403259265,-0.4578293403259265,4.5782934032592654e-05,0.62,False,False,False,False,-2.2759248041737123e-08,-4.9711207143090954e-08,2.061225631060637e-15,-2.5450296314843968e-09
mixed|6|0|4,mixed,6,2,4,1.0,0.5,0.15,-0.6472884277988236,optimal,False,0.11136469800112536,7,10,145,-0.6472885878003494,optimal,0.24427717399521498,0.4477946580009302,-0.6472886104907831,-0.6472886104907845,-0.6472886104907845,-0.6472886104907845,3,0,True,ok,True,-1.8269196022657752e-07,-0.6472886104907838,-0.6472886104907845,6.472886104907845e-05,0.35,False,False,False,False,-1.8269196089271134e-07,-2.8224196980313045e-07,2.058228134958286e-15,-1.600015258063081e-07
mixed|6|0|5,mixed,6,2,5,1.0,0.5,0.15,-0.6360870018694995,optimal,False,0.1581353660003515,7,10,145,-0.636087213579971,optimal,0.3020969330027583,0.4845936619967688,-0.636087235818065,-0.636087235818065,-0.636087235818065,-0.636087235818065,2,0,True,ok,True,-2.3394856496494754e-07,-0.6360872358180645,-0.636087235818065,6.360872358180651e-05,0.45,False,False,False,False,-2.3394856552005905e-07,-3.677933440432984e-07,0.0,-2.1171047148715871e-07
mixed|6|0|6,mixed,6,2,6,1.0,0.5,0.15,0.0426133991609921,optimal,False,0.1805978709962801,9,10,145,0.042613430124817296,optimal,0.4068709480052348,0.7970909849973395,0.042613388807318235,0.04261338880731819,0.04261338880731819,0.04261338880731818,1,0,True,ok,True,-1.0353672558194305e-08,0.04261338880731954,0.04261338880731818,4.2613388807318184e-06,0.0,False,False,False,False,-1.035367391821751e-08,-2.4296756705799627e-07,1.3026692498514613e-15,3.096382519829355e-08
mixed|6|0|7,mixed,6,2,7,1.0,0.5,0.15,0.04170925475338698,optimal,False,0.18157943499682005,9,10,145,0.04170926230202758,optimal,0.4167717630043626,0.7693700150048244,0.041709248749537166,0.041709248749534626,0.04170924874953443,0.0417092487495343,1,0,True,ok,True,-6.003852609515192e-09,0.04170924874953437,0.0417092487495343,4.17092487495343e-06,0.0,False,False,False,False,-6.003852678904131e-09,-1.4394533573910455e-07,6.870809876060601e-14,7.548640601484635e-09
mixed|6|0|8,mixed,6,2,8,1.0,0.5,0.15,-0.6004134699141759,optimal,False,0.17596747700008564,8,10,145,-0.6004135201001215,optimal,0.38786355900083436,0.5988169929987635,-0.6004135637229425,-0.6004135637229426,-0.6004135637229426,-0.6004135637229426,2,0,True,ok,True,-9.380876675457728e-08,-0.6004135637229426,-0.6004135637229426,6.004135637229427e-05,0.16,False,False,False,False,-9.380876675457728e-08,-1.5624027683453947e-07,1.8490971751888378e-16,-5.01859456214504e-08
mixed|6|0|9,mixed,6,2,9,1.0,0.5,0.15,-0.6339393031390451,optimal,False,0.11091340200073319,7,10,145,-0.633939418584839,optimal,0.2593672369985143,0.41836604900163366,-0.6339394504595449,-0.6339394504595478,-0.6339394504595478,-0.6339394504595478,2,0,True,ok,True,-1.4732050268584373e-07,-0.6339394504595478,-0.6339394504595478,6.339394504595479e-05,0.33,False,False,False,False,-1.4732050268584373e-07,-2.3238897155668417e-07,4.553399953154678e-15,-1.1544579392452903e-07
mixed|6|0|10,mixed,6,2,10,1.0,0.5,0.15,0.04573728827729988,optimal,False,0.20015427799808094,9,10,145,0.04573727035103181,optimal,0.37320330999500584,0.70244666000508,0.04573723193273971,0.04573723193273857,0.04573723193273852,0.04573723193273852,1,0,True,ok,True,-5.6344559275223194e-08,0.0457372319327406,0.04573723193273852,4.573723193273852e-06,0.0,False,False,False,False,-5.6344561356891365e-08,-1.231917402170431e-06,2.5942778070021502e-14,-1.7926268067181006e-08
mixed|6|0|11,mixed,6,2,11,1.0,0.5,0.15,-0.44925273602616733,optimal,False,0.17182749699713895,9,10,145,-0.449252411218869,optimal_inaccurate,0.2382997750028153,0.34940463100065244,-0.4190490408980705,-0.4492527552930242,-0.4492527552930242,-0.4492527552930242,3,0,True,ok,True,-1.92668568876897e-08,-0.4492527552930242,-0.4492527552930242,4.4925275529302425e-05,0.56,True,False,False,False,-1.92668568876897e-08,-4.288645419973018e-08,0.06723100535077056,3.2480729833528343e-07
mixed|6|0|12,mixed,6,2,12,1.0,0.5,0.15,-0.5269567237141701,optimal,False,0.10641832600231282,8,10,145,-0.5269567876264282,optimal,0.23163437900075223,0.5118634899990866,-0.5175105183528963,-0.5269567944643765,-0.5269567944643765,-0.5269567944643765,6,0,True,ok,True,-7.075020602709259e-08,-0.5269567944643762,-0.5269567944643765,5.269567944643765e-05,0.72,True,False,False,False,-7.07502063601595e-08,-1.3426189130198015e-07,0.017926092254075262,-6.391225804147638e-08
mixed|6|0|13,mixed,6,2,13,1.0,0.5,0.15,-0.439502159264076,optimal,False,0.11671606700110715,8,10,145,-0.4395018903677874,optimal,0.23676117400464136,0.5777905079958146,-0.43950217564243055,-0.43950217564243144,-0.43950217564243144,-0.43950217564243144,2,0,True,ok,True,-1.637835544965327e-08,-0.43950217564243144,-0.43950217564243144,4.395021756424315e-05,0.53,False,False,False,False,-1.637835544965327e-08,-3.7265699620402305e-08,2.020873772471894e-15,2.6889628856885395e-07
mixed|6|0|14,mixed,6,2,14,1.0,0.5,0.15,-0.4506613246900727,optimal,False,0.18034057100157952,8,10,145,-0.4506613496136798,optimal,0.3756684440013487,0.7537683190021198,-0.1607918181498481,-0.4506613600386449,-0.4506613600386449,-0.4506613600386449,2,0,True,ok,True,-3.534857218046028e-08,-0.4506613600386449,-0.4506613600386449,4.506613600386449e-05,0.43,True,False,False,False,-3.534857218046028e-08,-7.843711062796454e-08,0.643209220031511,-2.4923607122584457e-08
mixed|6|0|15,mixed,6,2,15,1.0,0.5,0.15,-0.32244554099073114,optimal,False,0.19670875800511567,13,10,145,-0.32244533347655746,optimal,0.5794906419978361,1.013526902999729,-0.32244576681919135,-0.32244576681919157,-0.32244576681919157,-0.32244576681919157,2,0,True,ok,True,-2.2582845821128572e-07,-0.32244576681918935,-0.32244576681919157,3.2244576681919155e-05,0.05,False,False,False,False,-2.2582846043173177e-07,-7.003615548159288e-07,6.886262056265131e-16,2.0751417367792513e-07
mixed|6|0|16,mixed,6,2,16,1.0,0.5,0.15,-0.36260604581155603,optimal,False,0.1777135169977555,8,10,145,-0.36260652246383773,optimal,0.39024381099443417,0.8309338670005673,-0.22417838365920714,-0.36260654659049063,-0.36260654659049063,-0.36260654659049063,2,0,True,ok,True,-5.007789345978786e-07,-0.36260654659049063,-0.36260654659049063,3.6260654659049066e-05,0.52,True,False,False,False,-5.007789345978786e-07,-1.3810551158270816e-06,0.38175858718738803,-4.766522817001295e-07
mixed|6|0|17,mixed,6,2,17,1.0,0.5,0.15,-0.18706497516284884,optimal,False,0.1223128799974802,11,10,145,-0.1870649849409392,optimal,0.30840322600124637,0.6505926520039793,-0.1870649966505516,-0.1870649966505516,-0.1870649966505516,-0.18706499665055168,1,0,True,ok,True,-2.148770100740549e-08,-0.18706499665054985,-0.18706499665055168,1.8706499665055168e-05,0.0,False,False,False,False,-2.148770283927348e-08,-1.1486758983378597e-07,4.451219006110151e-16,-9.778090365175629e-09
mixed|6|0|18,mixed,6,2,18,1.0,0.5,0.15,-0.2443656158499105,optimal,False,0.19643184400047176,12,10,145,-0.24436568298361863,optimal,0.4891572959968471,1.317891824997787,-0.24436575580990205,-0.2443657558099022,-0.24436575580990247,-0.24436575580990247,1,0,True,ok,True,-1.3995999015303795e-07,-0.24436575580990066,-0.24436575580990247,2.4436575580990247e-05,0.0,False,False,False,False,-1.3995999195715036e-07,-5.727483036857111e-07,1.7037314940245099e-15,-6.713370812039265e-08
mixed|6|0|19,mixed,6,2,19,1.0,0.5,0.15,-0.43093946719893833,optimal,False,0.11094712799967965,8,10,145,-0.430939726036867,optimal,0.2517226109994226,0.3832060860004276,-0.4285857958098175,-0.4285857958098175,-0.4309397424483118,-0.4309397424483118,6,0,True,ok,True,-2.7524937346035117e-07,-0.4309397424483118,-0.4309397424483118,4.309397424483118e-05,0.71,True,True,False,False,-2.7524937346035117e-07,-6.387193432280488e-07,0.005462356813787366,-2.588379286461162e-07
mixed|6|0|20,mixed,6,2,20,1.0,0.5,0.15,-0.11947053420096251,optimal,False,0.17985956500342581,10,10,145,-0.11947062933158618,optimal,0.45206269399932353,0.9671574320018408,-0.11947063402303369,-0.11947063402303627,-0.11947063402303632,-0.11947063402303632,2,0,True,ok,True,-9.982207295478052e-08,-0.11947063402303547,-0.11947063402303632,1.1947063402303633e-05,0.3,False,False,False,False,-9.982207380132557e-08,-8.355371847037523e-07,2.1954364912562402e-14,-9.513062367016989e-08
mixed|6|0|21,mixed,6,2,21,1.0,0.5,0.15,-0.23852679064699867,optimal,False,0.11516587100049946,12,10,145,-0.23852671955411167,optimal,0.33830301899433834,0.7060261820006417,-0.23852682780775947,-0.23852682780775947,-0.23852682780775947,-0.2385268278077596,2,0,True,ok,True,-3.7160735461005956e-08,-0.23852682780773413,-0.2385268278077596,2.385268278077596e-05,0.42,False,False,False,False,-3.716076094062437e-08,-1.557928182399412e-07,5.818124500024476e-16,7.10928869940286e-08
mixed|6|0|22,mixed,6,2,22,1.0,0.5,0.15,-0.6036033937658151,optimal,False,0.16799996299960185,7,10,145,-0.6036036238239139,optimal,0.3661944100022083,0.9208182710062829,-0.6036036429033631,-0.6036036429033631,-0.6036036429033631,-0.6036036429033631,3,0,True,ok,True,-2.491375480362379e-07,-0.6036036429033631,-0.6036036429033631,6.036036429033631e-05,0.52,False,False,False,False,-2.491375480362379e-07,-4.127504096388461e-07,0.0,-2.3005809879350636e-07
mixed|6|0|23,mixed,6,2,23,1.0,0.5,0.15,-0.11024770039850575,optimal,False,0.11610155300149927,10,10,145,-0.11024767126947174,optimal,0.3014176069991663,0.8179111850040499,-0.11024777801266991,-0.11024777801267169,-0.11024777801267173,-0.11024777801267181,2,0,True,ok,True,-7.761416334628457e-08,-0.11024777801266909,-0.11024777801267181,1.1024777801267181e-05,0.39,False,False,False,False,-7.761416606633098e-08,-7.039980497169892e-07,1.7245308376664527e-14,2.912903400431599e-08
mixed|6|0|24,mixed,6,2,24,1.0,0.5,0.15,0.04461329295583484,optimal,False,0.18746645499777514,9,10,145,0.044613291105480346,optimal,0.3085470299993176,0.5107131160038989,0.04461325393161666,0.04461325393161293,0.04461325393161264,0.04461325393161259,1,0,True,ok,True,-3.9024220750694116e-08,0.04461325393161409,0.04461325393161259,4.461325393161259e-06,0.0,False,False,False,False,-3.90242222494952e-08,-8.747218522543814e-07,9.114313504060203e-14,-1.8503544946257833e-09
mixed|6|0|25,mixed,6,2,25,1.0,0.5,0.15,0.03799167096085465,optimal,False,0.17856437800219283,9,10,145,0.03799173501018328,optimal,0.346547590001137,0.7538914239994483,0.03799166047742684,0.03799166047742669,0.03799166047742665,0.03799166047742663,1,0,True,ok,True,-1.0483427903551501e-08,0.03799166047742675,0.03799166047742663,3.799166047742663e-06,0.0,False,False,False,False,-1.0483428021512697e-08,-2.759401667885172e-07,5.47927662284997e-15,6.404932862552615e-08
mixed|6|0|26,mixed,6,2,26,1.0,0.5,0.15,-0.2091126104473716,optimal,False,0.12044247599988012,14,10,145,-0.20911267647607265,optimal,0.36310230800154386,0.7296859400012181,-0.1154036380347809,-0.2091127769615391,-0.20911277696153935,-0.20911277696153957,4,0,True,ok,True,-1.6651416584467782e-07,-0.20911277696153743,-0.20911277696153957,2.0911277696153958e-05,0.71,True,False,False,False,-1.6651416798185714e-07,-7.962894615758459e-07,0.4481272750923002,-6.602870106231506e-08
mixed|6|0|27,mixed,6,2,27,1.0,0.5,0.15,-0.11763482705416625,optimal,False,0.1855755400029011,10,10,145,-0.11763480050252308,optimal,0.46606842199980747,0.9982966200041119,-0.06538336553241038,-0.11763493111797116,-0.11763493111797124,-0.11763493111797135,2,0,True,ok,True,-1.0406380175631558e-07,-0.11763493111796801,-0.11763493111797135,1.1763493111797135e-05,0.36,True,False,False,False,-1.0406380510086244e-07,-8.846343188224786e-07,0.44418409641571494,2.6551643175776185e-08
mixed|6|0|28,mixed,6,2,28,1.0,0.5,0.15,-0.5368284170230208,optimal,False,0.18616496300091967,8,10,145,-0.5368284222480213,optimal,0.37822857499850215,0.6074747610036866,-0.5368284696000342,-0.5368284696000342,-0.5368284696000342,-0.5368284696000342,2,0,True,ok,True,-5.257701340966037e-08,-0.5368284696000342,-0.5368284696000342,5.368284696000342e-05,0.21,False,False,False,False,-5.257701340966037e-08,-9.794007124515861e-08,0.0,-5.225000543340741e-09
mixed|6|0|29,mixed,6,2,29,1.0,0.5,0.15,-0.4596209656939473,optimal,False,0.11142777799977921,8,10,145,-0.45962097220802495,optimal,0.2720206160011003,0.4125336659999448,-0.07360471539669713,-0.4596209764210718,-0.4596209764210718,-0.4596209764210718,7,0,True,ok,True,-1.0727124521991982e-08,-0.4596209764210718,-0.4596209764210718,4.596209764210718e-05,0.56,True,False,False,False,-1.0727124521991982e-08,-2.3339067019703723e-08,0.8398577976796565,-6.514077666164297e-09
mixed|6|0|30,mixed,6,2,30,1.0,0.5,0.15,-0.16285996347535447,optimal,False,0.1860114630035241,10,10,145,-0.16286018746366662,optimal,0.4188130589973298,1.1028146280004876,-0.13412996460559243,-0.1628603959070991,-0.1628603959070992,-0.16286039590709928,2,0,True,ok,True,-4.3243174327467493e-07,-0.16286039590709775,-0.16286039590709928,1.6286039590709928e-05,0.33,True,False,False,False,-4.324317448012316e-07,-2.655236655918023e-06,0.17641140524977966,-2.2398831214798243e-07
mixed|6|0|31,mixed,6,2,31,1.0,0.5,0.15,-0.3295859702207664,optimal,False,0.10584149200440152,9,10,145,-0.32958595778440625,optimal,0.24355362600181252,0.44795639700168977,-0.32958599097990093,-0.32958599097990093,-0.32958599097990093,-0.32958599097990093,3,0,True,ok,True,-2.0759134522485567e-08,-0.32958599097990093,-0.32958599097990093,3.2958599097990095e-05,0.46,False,False,False,False,-2.0759134522485567e-08,-6.298549209658557e-08,0.0,1.243636016390326e-08
mixed|6|0|32,mixed,6,2,32,1.0,0.5,0.15,-0.40448950822003166,optimal,False,0.18753849400673062,10,10,145,-0.40448974466378906,optimal,0.4029961779961013,0.7819312260035076,-0.40448978685073156,-0.40448978685073156,-0.40448978685073156,-0.40448978685073156,8,0,True,ok,True,-2.7863069990141653e-07,-0.40448978685073156,-0.40448978685073156,4.044897868507316e-05,0.63,False,False,False,False,-2.7863069990141653e-07,-6.88845308071251e-07,0.0,-2.3644375740650148e-07
mixed|6|0|33,mixed,6,2,33,1.0,0.5,0.15,-0.4446105731172291,optimal,False,0.15388808099669404,8,10,145,-0.44461093096221405,optimal,0.2596224269946106,0.5355205540035968,-0.15155302326609196,-0.4446109399588336,-0.4446109399588336,-0.4446109399588336,3,0,True,ok,True,-3.6684160448219316e-07,-0.4446109399588336,-0.4446109399588336,4.446109399588336e-05,0.56,True,False,False,False,-3.6684160448219316e-07,-8.250852018885055e-07,0.6591333913643145,-3.578449849217513e-07
mixed|6|0|34,mixed,6,2,34,1.0,0.5,0.15,-0.5232676777723205,optimal,False,0.18762470200454118,8,10,145,-0.5232676816596192,optimal,0.3586562250056886,0.6462376729978132,-0.37833106160384244,-0.5232676906909384,-0.5232676906909384,-0.5232676906909384,4,0,True,ok,True,-1.2918617842139213e-08,-0.5232676906909384,-0.5232676906909384,5.2326769069093837e-05,0.68,True,False,False,False,-1.2918617842139213e-08,-2.4688354337376528e-08,0.27698371534408567,-3.88729870515192e-09
mixed|6|0|35,mixed,6,2,35,1.0,0.5,0.15,-0.5356635018741955,optimal,False,0.18004428000131156,8,10,145,-0.535663350529859,optimal,0.3548586320030154,0.6350211710014264,-0.5356635092161232,-0.5356635092161232,-0.5356635092161233,-0.5356635092161233,7,0,True,ok,True,-7.341927621418165e-09,-0.5356635092161232,-0.5356635092161233,5.356635092161233e-05,0.66,False,False,False,False,-7.3419277324404675e-09,-1.3706231069976414e-08,2.072612760667288e-16,1.5134433650754175e-07
mixed|6|0|36,mixed,6,2,36,1.0,0.5,0.15,-0.1367124465343816,optimal,False,0.11050556299596792,10,10,145,-0.1367126967004062,optimal,0.2798654139987775,0.6863945029981551,-0.13671270249650333,-0.1367127024965044,-0.13671270249650458,-0.13671270249650458,3,0,True,ok,True,-2.5596212296918885e-07,-0.13671270249650458,-0.13671270249650458,1.367127024965046e-05,0.49,False,False,False,False,-2.5596212296918885e-07,-1.8722664209276463e-06,9.135953571945775e-15,-2.5016602459015935e-07
mixed|6|0|37,mixed,6,2,37,1.0,0.5,0.15,-0.2609716780035379,optimal,False,0.255762667999079,13,10,145,-0.2609714379653952,optimal,0.5289123429975007,1.1783833389999927,-0.19342358423522094,-0.26097178321886966,-0.26097178321886966,-0.2609717832188697,3,0,True,ok,True,-1.0521526216944466e-07,-0.26097178321880005,-0.2609717832188697,2.609717832188697e-05,0.56,True,False,False,False,-1.0521533183593945e-07,-4.031676258544542e-07,0.2588333426338203,2.400381426959086e-07
mixed|6|0|38,mixed,6,2,38,1.0,0.5,0.15,-0.3775611307956029,optimal,False,0.12893955699837534,10,10,145,-0.3775611722481212,optimal,0.2774242130035418,0.5007825810025679,-0.24556680400011238,-0.3775611838396983,-0.3775611838396984,-0.3775611838396984,3,0,True,ok,True,-5.304409550488387e-08,-0.3775611838396984,-0.3775611838396984,3.775611838396984e-05,0.52,True,False,False,False,-5.304409550488387e-08,-1.404914096774435e-07,0.34959732485537237,-4.145251830678376e-08
mixed|6|0|39,mixed,6,2,39,1.0,0.5,0.15,-0.18979402567522202,optimal,False,0.1922254349992727,12,10,145,-0.18979418691304042,optimal,0.492017869000847,1.0576406280015362,-0.18979423170438342,-0.18979423170438348,-0.18979423170438364,-0.1897942317043837,2,0,True,ok,True,-2.060291612315801e-07,-0.18979423170438325,-0.1897942317043837,1.897942317043837e-05,0.43,False,False,False,False,-2.0602916167566931e-07,-1.0855408169076357e-06,1.4624035391581314e-15,-1.6123781840238216e-07
mixed|6|0|40,mixed,6,2,40,1.0,0.5,0.15,-0.5624899958036462,optimal,False,0.16807784600678133,8,10,145,-0.5624900078512701,optimal,0.3559461549957632,0.7194679539970821,-0.5624900247128348,-0.5624900247128348,-0.5624900247128348,-0.5624900247128348,3,0,True,ok,True,-2.8909188154457865e-08,-0.5624900247128344,-0.5624900247128348,5.624900247128348e-05,0.35,False,False,False,False,-2.8909188598547075e-08,-5.1395027136871395e-08,0.0,-1.2047623898503446e-08
mixed|6|0|41,mixed,6,2,41,1.0,0.5,0.15,-0.1846219333616634,optimal,False,0.12282666099781636,12,10,145,-0.18462193548862174,optimal,0.31930097399890656,0.638291917006427,-0.18462198505296956,-0.18462198505296962,-0.1846219850529704,-0.1846219850529704,2,0,True,ok,True,-5.169130073978678e-08,-0.18462198505296415,-0.1846219850529704,1.846219850529704e-05,0.41,False,False,False,False,-5.1691306984791296e-08,-2.7998464778034304e-07,4.5101197900670635e-15,-2.126958331682971e-09
mixed|6|0|42,mixed,6,2,42,1.0,0.5,0.15,0.040458229076829805,optimal,False,0.18035376100306166,8,10,145,0.04045825377169891,optimal,0.38019863500085194,0.7571756899997126,0.040458200928653834,0.04045820092865188,0.04045820092865178,0.04045820092865178,1,0,True,ok,True,-2.814817794127844e-08,0.04045820092865186,0.04045820092865178,4.045820092865178e-06,0.0,False,False,False,False,-2.8148178024545167e-08,-6.957343083675767e-07,5.076628590526365e-14,2.469486910794405e-08
mixed|6|0|43,mixed,6,2,43,1.0,0.5,0.15,0.03606681029095484,optimal,False,0.12480291899555596,9,10,145,0.03606683954686863,optimal,0.2680272719953791,0.46423175500240177,0.03606680307919081,0.03606680307918775,0.036066803079187734,0.0360668030791877,1,0,True,ok,True,-7.211767072412556e-09,0.03606680307918777,0.0360668030791877,3.6066803079187702e-06,0.0,False,False,False,False,-7.211767141801495e-09,-1.9995577883442958e-07,8.619074061333331e-14,2.925591378877268e-08
mixed|6|0|44,mixed,6,2,44,1.0,0.5,0.15,-0.034643684312621534,optimal,False,0.17764104900561506,10,10,145,-0.03464361908980203,optimal,0.41109715499624144,1.1107703000016045,-0.034643761162693146,-0.03464376116269317,-0.03464376116269317,-0.03464376116269321,1,0,True,ok,True,-7.68500688572149e-08,-0.03464376116269039,-0.03464376116269321,3.464376116269321e-06,0.0,False,False,False,False,-7.685007167440583e-08,-2.2182996179308644e-06,1.8026346747366327e-15,6.522281950638309e-08
mixed|6|0|45,mixed,6,2,45,1.0,0.5,0.15,-0.47027315671255976,optimal,False,0.1071124950030935,9,10,145,-0.4702731788498546,optimal,0.2753714990030858,0.4972444480008562,-0.18623132124918196,-0.4702731891485381,-0.47027318914854377,-0.47027318914854377,2,0,True,ok,True,-3.24359840098154e-08,-0.47027318914854377,-0.47027318914854377,4.702731891485438e-05,0.41,True,False,False,False,-3.24359840098154e-08,-6.897264610329633e-08,0.6039933265462905,-2.213729483058202e-08
mixed|6|0|46,mixed,6,2,46,1.0,0.5,0.15,0.03944302858766405,optimal,False,0.17905846099893097,9,10,145,0.03944297347109855,optimal,0.388121506999596,0.7441906360036228,0.03944296834759193,0.039442968347591895,0.03944296834759174,0.039442968347591735,1,0,True,ok,True,-6.02400717433782e-08,0.039442968347592304,0.039442968347591735,3.9442968347591734e-06,0.0,False,False,False,False,-6.02400723123675e-08,-1.5272679220988573e-06,4.9258216977289205e-15,-5.51165654991137e-08
mixed|6|0|47,mixed,6,2,47,1.0,0.5,0.15,-0.06282880936081094,optimal,False,0.11785893199703423,10,10,145,-0.06282917495234541,optimal,0.3222595910046948,0.7853829819941893,-0.06282927749010206,-0.06282927749010207,-0.06282927749010289,-0.0628292774901061,2,0,True,ok,True,-4.681292911229429e-07,-0.06282927749010206,-0.0628292774901061,6.28292774901061e-06,0.26,False,False,False,False,-4.6812929516137913e-07,-7.4508700693820845e-06,6.427634398167241e-14,-3.655915344763505e-07
mixed|6|0|48,mixed,6,2,48,1.0,0.5,0.15,-0.2830652724963143,optimal,False,0.21909574099845486,14,10,145,-0.28306541659697276,optimal,0.505732943995099,0.7717791070026578,-0.2830655310618354,-0.2830655310618354,-0.2830655310618354,-0.2830655310618354,8,0,True,ok,True,-2.585655211051474e-07,-0.2830655310618354,-0.2830655310618354,2.830655310618354e-05,0.57,False,False,False,False,-2.585655211051474e-07,-9.134484029951577e-07,0.0,-1.4410065846126585e-07
mixed|6|0|49,mixed,6,2,49,1.0,0.5,0.15,-0.46118105230689227,optimal,False,0.19220886800030712,9,10,145,-0.46118107099685574,optimal,0.30185932000313187,0.330580720998114,-0.46118108266212543,-0.46118108266212576,-0.4611810826621259,-0.4611810826621259,3,0,True,ok,True,-3.035523360450654e-08,-0.4611810826621259,-0.4611810826621259,4.611810826621259e-05,0.56,False,False,False,False,-3.035523360450654e-08,-6.58206434385485e-08,9.629389117320209e-16,-1.868996346576779e-08
mixed|8|0|0,mixed,8,2,0,1.0,0.5,0.15,-0.11784793778518349,optimal,False,0.3102210270008072,12,15,257,-0.11784799925906159,optimal,2.6856298499988043,1.1751415399994585,-0.11784801803717804,-0.11784801803717854,-0.1178480180371787,-0.11784801803717887,3,0,True,ok,True,-8.02519895537479e-08,-0.11784801803717304,-0.11784801803717887,1.1784801803717887e-05,0.36,False,False,False,False,-8.025199538241878e-08,-6.809792083821133e-07,7.0656026493901346e-15,-6.147387809907201e-08
mixed|8|0|1,mixed,8,2,1,1.0,0.5,0.15,-0.23548389467647524,optimal,False,0.3212988520026556,13,15,257,-0.23548398384506808,optimal,3.1723987349978415,1.0739386700006435,-0.235484257534178,-0.2354842575341788,-0.235484257534179,-0.23548425753417912,4,0,True,ok,True,-3.628576985548193e-07,-0.2354842575341738,-0.23548425753417912,2.3548425753417912e-05,0.44,False,False,False,False,-3.628577038838898e-07,-1.5409024229975893e-06,4.714637981539018e-15,-8.916859284280321e-08
mixed|8|0|2,mixed,8,2,2,1.0,0.5,0.15,-0.5863629828257086,optimal,False,0.18861023600038607,8,15,257,-0.5863628159209465,optimal,1.5735326430003624,0.44687272400187794,-0.2760836511785918,-0.2760836511785919,-0.5863630093854019,-0.5863630093854019,9,0,True,ok,True,-2.65596932225165e-08,-0.5863630093854019,-0.5863630093854019,5.8636300938540186e-05,0.78,True,True,False,False,-2.65596932225165e-08,-4.529565132935948e-08,0.5291591612029386,1.6690476212222194e-07
mixed|8|0|3,mixed,8,2,3,1.0,0.5,0.15,-0.3831717343221478,optimal,False,0.3155941340010031,11,15,257,-0.3831715939401438,optimal,2.504679835998104,0.8296615079962066,-0.13361745674624548,-0.3831717698490824,-0.3831717698490824,-0.3831717698490825,13,0,True,ok,True,-3.5526934616392225e-08,-0.3831717698490824,-0.3831717698490825,3.8317176984908255e-05,0.65,True,False,False,False,-3.552693472741453e-08,-9.271804662278562e-08,0.6512857489504705,1.4038200402133327e-07
mixed|8|0|4,mixed,8,2,4,1.0,0.5,0.15,-0.4021652515042635,optimal,False,0.30735541300236946,11,15,257,-0.4021653202787596,optimal,2.3801741970019066,0.8179485380023834,-0.04714237760203521,-0.4021653528325404,-0.4021653528325404,-0.4021653528325404,5,0,True,ok,True,-1.0132827688025259e-07,-0.4021653528325404,-0.4021653528325404,4.0216535283254044e-05,0.45,True,False,False,False,-1.0132827688025259e-07,-2.519568175053492e-07,0.882778620112347,-6.877449609810071e-08
mixed|8|0|5,mixed,8,2,5,1.0,0.5,0.15,0.029044869505056976,optimal,False,0.1881466429986176,9,15,257,0.029044866446922054,optimal,1.8839245370036224,0.4785875340021448,0.02904485061346045,0.029044850613459475,0.029044850613459433,0.029044850613459412,1,0,True,ok,True,-1.8891596426096058e-08,0.02904485061346055,0.029044850613459412,2.904485061345941e-06,0.0,False,False,False,False,-1.8891597564074658e-08,-6.504280406832421e-07,3.5715957105092315e-14,-3.058134922379052e-09
mixed|8|0|6,mixed,8,2,6,1.0,0.5,0.15,-0.3641914507850711,optimal,False,0.2159301349965972,11,15,257,-0.36419116285142894,optimal_inaccurate,1.7491378470003838,0.4069139269995503,-0.3038702496968163,-0.36419180902544634,-0.36419180902544634,-0.36419180902544634,3,0,True,ok,True,-3.5824037525333807e-07,-0.36419180902544634,-0.36419180902544634,3.641918090254464e-05,0.45,True,False,False,False,-3.5824037525333807e-07,-9.83659485913509e-07,0.16563129052805065,2.879336421512946e-07
mixed|8|0|7,mixed,8,2,7,1.0,0.5,0.15,0.02667580162465972,optimal,False,0.3057679760022438,9,15,257,0.026675721518275894,optimal,2.306718286999967,0.7471526980007184,0.026675687572325336,0.02667568757232459,0.02667568757232453,0.026675687572324525,1,0,True,ok,True,-1.1405233499989231e-07,0.02667568757232472,0.026675687572324525,2.6675687572324527e-06,0.0,False,False,False,False,-1.1405233519418134e-07,-4.275497951249898e-06,3.043410163490683e-14,-8.0106383824885e-08
mixed|8|0|8,mixed,8,2,8,1.0,0.5,0.15,-0.5809864748716853,optimal,False,0.29679612999461824,8,15,257,-0.5809868153395698,optimal,2.1646274859958794,0.7663614129996859,-0.5809870029524826,-0.5809870029524836,-0.5809870029524836,-0.5809870029524836,5,0,True,ok,True,-5.280807977570134e-07,-0.5809870029524831,-0.5809870029524836,5.8098700295248363e-05,0.66,False,False,False,False,-5.28080798312125e-07,-9.08938195899922e-07,1.7198331754150465e-15,-3.4046788444097587e-07
mixed|8|0|9,mixed,8,2,9,1.0,0.5,0.15,-0.5404148009927201,optimal,False,0.272544815998117,9,15,257,-0.5404144291071898,optimal,2.3427783119987,0.7655027139990125,-0.1396423636118737,-0.3785766495936561,-0.5404148168020066,-0.5404148168020066,13,0,True,ok,True,-1.5809286546542012e-08,-0.5404148168020066,-0.5404148168020066,5.404148168020067e-05,0.7,True,True,False,False,-1.5809286546542012e-08,-2.925398511939531e-08,0.7416015266971577,3.7188553025924165e-07
mixed|8|0|10,mixed,8,2,10,1.0,0.5,0.15,-0.28036119114021474,optimal,False,0.3478994990000501,14,15,257,-0.2803614931614806,optimal,3.018567974999314,1.2009333719979622,-0.2803616466692279,-0.2803616466692279,-0.280361646669228,-0.280361646669228,2,0,True,ok,True,-4.555290086249997e-07,-0.28036164666922336,-0.280361646669228,2.8036164666922805e-05,0.25,False,False,False,False,-4.555290132879364e-07,-1.6247934010956474e-06,3.9599675555301715e-16,-3.0202126588552147e-07
mixed|8|0|11,mixed,8,2,11,1.0,0.5,0.15,-0.453717567433068,optimal,False,0.21940284500306007,9,15,257,-0.4537174494935663,optimal,2.0956829900023877,0.5710053240036359,-0.3352058628618487,-0.358708503602557,-0.45371761685809164,-0.45371761685809164,4,0,True,ok,True,-4.942502362936807e-08,-0.45371761685809164,-0.45371761685809164,4.537176168580917e-05,0.67,True,True,False,False,-4.942502362936807e-08,-1.0893345811799364e-07,0.26120157030029895,1.1793950172034329e-07
mixed|8|0|12,mixed,8,2,12,1.0,0.5,0.15,-0.017817917568211716,optimal,False,0.27113885899598245,10,15,257,-0.01781790496979606,optimal,2.126623711003049,0.9800595859996974,-0.01781796483455124,-0.01781796483455124,-0.01781796483455131,-0.017817964834551323,1,0,True,ok,True,-4.726633863472163e-08,-0.01781796483455035,-0.017817964834551323,1.7817964834551323e-06,0.0,False,False,False,False,-4.7266339606166774e-08,-2.6527420741070713e-06,4.673189537641351e-15,1.2598415657927298e-08
mixed|8|0|13,mixed,8,2,13,1.0,0.5,0.15,-0.12926531873116393,optimal,False,0.299296293000225,12,15,257,-0.12926539364009293,optimal,3.2220123540028,1.2068608129993663,-0.12926541568436717,-0.12926541568437,-0.1292654156843701,-0.12926541568437028,4,0,True,ok,True,-9.695320479785607e-08,-0.12926541568436872,-0.12926541568437028,1.2926541568437029e-05,0.66,False,False,False,False,-9.695320635216831e-08,-7.500326251761629e-07,2.4048384886958655e-14,-7.490892900419155e-08
mixed|8|0|14,mixed,8,2,14,1.0,0.5,0.15,-0.611716619174342,optimal,False,0.1855383109941613,8,15,257,-0.6117163283938272,optimal,1.3216402750040288,0.51835018699785,-0.2138789687644992,-0.4374788729943069,-0.6117166405141802,-0.6117166405141802,10,0,True,ok,True,-2.133983822982799e-08,-0.6117166405141802,-0.6117166405141802,6.117166405141802e-05,0.71,True,True,False,False,-2.133983822982799e-08,-3.488516996420861e-08,0.6503626767702075,2.9078051477782196e-07
mixed|8|0|15,mixed,8,2,15,1.0,0.5,0.15,-0.1781485679006676,optimal,False,0.42262324699549936,23,15,257,-0.16912733143421552,optimal_inaccurate,4.6137156750046415,1.0785426430011285,-0.1625225825610821,-0.16609795171767688,-0.1660979517176785,-0.16609795171767916,12,0,False,ok,False,0.012050616182989332,-0.16609795171767827,-0.16609795171767916,1.6609795171767915e-05,0.76,True,False,False,False,0.012050616182988444,0.06764363208189048,0.0215256667503896,0.009021236466452087
mixed|8|0|16,mixed,8,2,16,1.0,0.5,0.15,0.02275240589097193,optimal,False,0.27365922299941303,9,15,257,0.022752275072948094,optimal,2.63809161100653,0.6438671910000267,0.022752206251987178,0.02275220625198434,0.02275220625198429,0.02275220625198429,1,0,True,ok,True,-1.9963898742481057e-07,0.022752206251984507,0.02275220625198429,2.2752206251984293e-06,0.0,False,False,False,False,-1.9963898763991628e-07,-8.774412191685287e-06,1.268703277412343e-13,-1.3081802383713148e-07
mixed|8|0|17,mixed,8,2,17,1.0,0.5,0.15,0.031090030785078424,optimal,False,0.2097326989969588,9,15,257,0.031089947835476535,optimal,1.8689873100011027,0.480209809000371,0.031089859603907193,0.031089859603907193,0.031089859603907193,0.031089859603907144,1,0,True,ok,True,-1.7118117123793297e-07,0.031089859603907186,0.031089859603907144,3.1089859603907144e-06,0.0,False,False,False,False,-1.7118117127956634e-07,-5.5059826882424405e-06,1.562318323278835e-15,-8.294960188864886e-08
mixed|8|0|18,mixed,8,2,18,1.0,0.5,0.15,0.027568600061839393,optimal,False,0.2005202400032431,9,15,257,0.027568552109080866,optimal,2.1126813299997593,0.661690278997412,0.02756852609498897,0.027568526094986875,0.02756852609498686,0.027568526094986848,1,0,True,ok,True,-7.396685193505892e-08,0.02756852609498746,0.027568526094986848,2.756852609498685e-06,0.0,False,False,False,False,-7.396685254568158e-08,-2.6830108304290324e-06,7.701904437255062e-14,-4.79527585278694e-08
mixed|8|0|19,mixed,8,2,19,1.0,0.5,0.15,-0.32175013624634285,optimal,False,0.3583760550027364,14,15,257,-0.32175023663299096,optimal,3.4768312410014914,0.651705590003985,-0.3217503084995803,-0.3217503084995803,-0.32175030849958053,-0.32175030849958053,2,0,True,ok,True,-1.7225323523106795e-07,-0.3217503084995781,-0.32175030849958053,3.2175030849958055e-05,0.35,False,False,False,False,-1.722532376735586e-07,-5.353633713512265e-07,6.90114660528199e-16,-1.0038664810529951e-07
mixed|8|0|20,mixed,8,2,20,1.0,0.5,0.15,-0.22763229697180876,optimal,False,0.25755947600555373,13,15,257,-0.22763223592960702,optimal,3.875462600000901,1.4783618029978243,-0.2276326379509933,-0.22763263795099475,-0.22763263795099475,-0.22763263795099486,3,0,True,ok,True,-3.409791847763799e-07,-0.22763263795099353,-0.22763263795099486,2.276326379509949e-05,0.69,False,False,False,False,-3.409791861086475e-07,-1.497938520344836e-06,6.828160708702212e-15,6.104220173774877e-08
mixed|8|0|21,mixed,8,2,21,1.0,0.5,0.15,-0.25136877050640316,optimal,False,0.3421311079946463,14,15,257,-0.2513689150235333,optimal,4.081863072999113,1.5200825940046343,-0.2513691468144006,-0.2513691468144006,-0.2513691468144006,-0.2513691468144007,3,0,True,ok,True,-3.7630799543109106e-07,-0.2513691468143986,-0.2513691468144007,2.513691468144007e-05,0.38,False,False,False,False,-3.763079975405148e-07,-1.4970355974706455e-06,4.416703635649023e-16,-1.445171301517334e-07
mixed|8|0|22,mixed,8,2,22,1.0,0.5,0.15,-0.2510997233145791,optimal,False,0.22130929099512286,14,15,257,-0.2510993213023187,optimal_inaccurate,2.771758285998658,1.103588680998655,-0.2510997437521403,-0.25109974375214583,-0.25109974375215194,-0.25109974375215194,3,0,True,ok,True,-2.0437572634257606e-08,-0.2510997437521517,-0.25109974375215194,2.5109974375215196e-05,0.42,False,False,False,False,-2.043757285630221e-08,-8.139225558085506e-08,4.642514398609074e-14,4.0201226036984394e-07
mixed|8|0|23,mixed,8,2,23,1.0,0.5,0.15,0.025887667613932325,optimal,False,0.2262027999968268,9,15,257,0.02588768490088157,optimal,2.377187040998251,0.7366152239992516,0.025887647119598914,0.025887647119598716,0.025887647119598716,0.02588764711959871,1,0,True,ok,True,-2.0494333161091838e-08,0.025887647119599164,0.02588764711959871,2.588764711959871e-06,0.0,False,False,False,False,-2.049433361558939e-08,-7.916639660716158e-07,7.907144640050868e-15,1.728694924360563e-08
mixed|8|0|24,mixed,8,2,24,1.0,0.5,0.15,-0.546050742618853,optimal,False,0.19520827100495808,8,15,257,-0.5460503985186433,optimal_inaccurate,1.7731478569985484,0.47724876700522145,-0.38119681402341543,-0.5460510090922707,-0.5460510090922707,-0.5460510090922708,4,0,True,ok,True,-2.664734177759698e-07,-0.5460510090922708,-0.5460510090922708,5.4605100909227083e-05,0.57,True,False,False,False,-2.664734177759698e-07,-4.880012002144093e-07,0.3019025554826849,3.441002096593593e-07
mixed|8|0|25,mixed,8,2,25,1.0,0.5,0.15,-0.40327075542266877,optimal,False,0.3455279280024115,10,15,257,-0.4032704841090755,optimal,2.9531512600005954,0.6546238970040577,-0.2402067077886878,-0.4032708162558918,-0.4032708162558918,-0.4032708162558919,2,0,True,ok,True,-6.083322301453364e-08,-0.4032708162558918,-0.4032708162558919,4.032708162558919e-05,0.26,True,False,False,False,-6.083322312555595e-08,-1.5084957762879814e-07,0.40435385327693346,2.7131359325860416e-07
mixed|8|0|26,mixed,8,2,26,1.0,0.5,0.15,-0.6703468737305672,optimal,False,0.18940889000077732,8,15,257,-0.6703467024981337,optimal,1.4179472159958095,0.5039320400028373,-0.20159639500999654,-0.5454840264905164,-0.6703468777270267,-0.6703468777270267,13,0,True,ok,True,-3.996459496669047e-09,-0.6703468777270267,-0.6703468777270267,6.703468777270268e-05,0.76,True,True,False,False,-3.996459496669047e-09,-5.961778376660776e-09,0.6992655568210329,1.71232433565649e-07
mixed|8|0|27,mixed,8,2,27,1.0,0.5,0.15,-0.5532694889924487,optimal,False,0.2878038050039322,9,15,257,-0.5532691986656151,optimal,2.044384862005245,0.8991631780008902,-0.47912113440274096,-0.5532694970016423,-0.5532694970016423,-0.5532694970016423,17,0,True,ok,True,-8.009193641633772e-09,-0.5532694970016423,-0.5532694970016423,5.532694970016423e-05,0.72,True,False,False,False,-8.009193641633772e-09,-1.4476116614019693e-08,0.13401852623493038,2.9032683357410605e-07
mixed|8|0|28,mixed,8,2,28,1.0,0.5,0.15,-0.5411081324948949,optimal,False,0.17943838700011838,8,15,257,-0.5411074965337721,optimal_inaccurate,1.7977633209957276,0.5854326699991361,-0.541108187067205,-0.5411081870672053,-0.5411081870672053,-0.5411081870672053,3,0,True,ok,True,-5.457231044836419e-08,-0.5411081870672053,-0.5411081870672053,5.4110818706720536e-05,0.43,False,False,False,False,-5.457231044836419e-08,-1.0085287426146577e-07,6.155273849999617e-16,6.359611227635398e-07
mixed|8|0|29,mixed,8,2,29,1.0,0.5,0.15,-0.40558948408669515,optimal,False,0.28030021699669305,11,15,257,-0.4055894202718102,optimal,1.9579709309982718,0.8263351249988773,-0.3748999132442452,-0.3748999132442521,-0.40558952526778147,-0.40558952526778147,14,0,True,ok,True,-4.11810863187867e-08,-0.40558952526778147,-0.40558952526778147,4.055895252677815e-05,0.84,True,True,False,False,-4.11810863187867e-08,-1.0153391035647315e-07,0.07566667803680119,6.38148849319009e-08
mixed|8|0|30,mixed,8,2,30,1.0,0.5,0.15,0.025437671084834607,optimal,False,0.2933759689985891,10,15,257,0.025437782266640535,optimal,2.417864513998211,0.78614573199593,0.02543766276555133,0.025437662765550685,0.025437662765550685,0.025437662765550623,1,0,True,ok,True,-8.31928377922897e-09,0.025437662765550827,0.025437662765550623,2.5437662765550626e-06,0.0,False,False,False,False,-8.31928398392634e-09,-3.2704581941410973e-07,2.7823593099796996e-14,1.1118180592850635e-07
mixed|8|0|31,mixed,8,2,31,1.0,0.5,0.15,-0.18540427033266105,optimal,False,0.266516531999514,14,15,257,-0.18540429129628588,optimal,2.960804911002924,1.333333112001128,-0.048884893242039096,-0.18540463655150996,-0.18540463655151007,-0.18540463655151018,3,0,True,ok,True,-3.6621884780263514e-07,-0.18540463655150885,-0.18540463655151018,1.8540463655151018e-05,0.39,True,False,False,False,-3.6621884913490277e-07,-1.9752449524372644e-06,0.7363340305221676,-2.0963624836056738e-08
mixed|8|0|32,mixed,8,2,32,1.0,0.5,0.15,-0.47364279818950106,optimal,False,0.2937882499973057,9,15,257,-0.47364273586989936,optimal,2.239397747005569,0.5033499359997222,-0.2331041509162114,-0.4736428894817233,-0.4736428894817233,-0.4736428894817233,12,0,True,ok,True,-9.129222222625799e-08,-0.4736428894817233,-0.4736428894817233,4.736428894817233e-05,0.76,True,False,False,False,-9.129222222625799e-08,-1.927448756219294e-07,0.5078483049301508,6.231960170133277e-08
mixed|8|0|33,mixed,8,2,33,1.0,0.5,0.15,-0.5442773739750103,optimal,False,0.18546039200009545,8,15,257,-0.5442769476384425,optimal_inaccurate,1.648596267994435,0.34977727200021036,-0.3907816061820062,-0.5442773856939754,-0.5442773856939754,-0.5442773856939754,3,0,True,ok,True,-1.171896502061287e-08,-0.5442773856939753,-0.5442773856939754,5.442773856939755e-05,0.66,True,False,False,False,-1.1718965131635173e-08,-2.1531236997871663e-08,0.28201755859515637,4.2633656782697926e-07
mixed|8|0|34,mixed,8,2,34,1.0,0.5,0.15,-0.44854278929620395,optimal,False,0.2995065900031477,9,15,257,-0.4485427016756953,optimal,2.043558408993704,1.0214441909993184,-0.4485428097949604,-0.44854280979496264,-0.44854280979496264,-0.44854280979496264,2,0,True,ok,True,-2.0498758690479235e-08,-0.44854280979496264,-0.44854280979496264,4.485428097949626e-05,0.52,False,False,False,False,-2.0498758690479235e-08,-4.5700787482601755e-08,4.950354795042464e-15,8.762050862642923e-08
mixed|8|0|35,mixed,8,2,35,1.0,0.5,0.15,-0.5197836608752896,optimal,False,0.31960776599589735,7,15,257,-0.5197831627538673,optimal_inaccurate,1.9637261680036318,1.096587890999217,-0.21356553756852414,-0.2135655375685256,-0.519783748353881,-0.519783748353881,4,0,True,ok,True,-8.747859137070435e-08,-0.519783748353881,-0.519783748353881,5.19783748353881e-05,0.66,True,True,False,False,-8.747859137070435e-08,-1.6829807851865676e-07,0.5891261736349561,4.981214223320762e-07
mixed|8|0|36,mixed,8,2,36,1.0,0.5,0.15,-0.5622776091459449,optimal,False,0.24871528200310422,9,15,257,-0.5622775113553815,optimal,2.10927630399965,0.5725322919970495,-0.49850413893381673,-0.5622776501564534,-0.5622776501564534,-0.5622776501564534,4,0,True,ok,True,-4.101050798954731e-08,-0.5622776501564529,-0.5622776501564534,5.622776501564534e-05,0.68,True,False,False,False,-4.1010508433636517e-08,-7.29364067972193e-08,0.11341996468273584,9.77905634247378e-08
mixed|8|0|37,mixed,8,2,37,1.0,0.5,0.15,-0.4507795578710214,optimal,False,0.16206354599853512,9,15,257,-0.4507799182352754,optimal,2.095806466000795,0.7232288810046157,-0.24489215575149414,-0.24489215575149414,-0.45078012128518263,-0.45078012128518263,13,0,True,ok,True,-5.63414161214304e-07,-0.45078012128518263,-0.45078012128518263,4.5078012128518267e-05,0.76,True,True,False,False,-5.63414161214304e-07,-1.2498662625147477e-06,0.45673701170916325,-3.603642539928842e-07
mixed|8|0|38,mixed,8,2,38,1.0,0.5,0.15,-0.40200534619807926,optimal,False,0.18995068500225898,9,15,257,-0.4020050337064407,optimal,1.764609437006584,0.7827216830046382,-0.40200539927698775,-0.40200539927698786,-0.40200539927698786,-0.40200539927698786,2,0,True,ok,True,-5.307890860173359e-08,-0.40200539927698786,-0.40200539927698786,4.020053992769879e-05,0.36,False,False,False,False,-5.307890860173359e-08,-1.3203533013608263e-07,2.761711724822372e-16,3.124916385655041e-07
mixed|8|0|39,mixed,8,2,39,1.0,0.5,0.15,0.02562208252922866,optimal,False,0.30810253499657847,10,15,257,0.025622167091071662,optimal,2.390272802003892,0.7529016909975326,0.02562207596757342,0.025622075967573328,0.025622075967573286,0.025622075967573283,1,0,True,ok,True,-6.561654865289146e-09,0.025622075967573793,0.025622075967573283,2.5622075967573286e-06,0.0,False,False,False,False,-6.561655375297848e-09,-2.560937569306699e-07,5.280931619180047e-15,8.456184300356662e-08
mixed|8|0|40,mixed,8,2,40,1.0,0.5,0.15,-0.3656693570097753,optimal,False,0.21885359700536355,12,15,257,-0.3656693243085809,optimal,2.5182462969969492,0.8544748210042599,-0.10336849250169922,-0.36566951253266744,-0.36566951253266744,-0.36566951253266744,12,0,True,ok,True,-1.5552289212017456e-07,-0.36566951253266744,-0.36566951253266744,3.6566951253266744e-05,0.63,True,False,False,False,-1.5552289212017456e-07,-4.2531015831336675e-07,0.7173171703985995,3.2701194419004764e-08
mixed|8|0|41,mixed,8,2,41,1.0,0.5,0.15,-0.4442378663315786,optimal,False,0.3195533950056415,9,15,257,-0.44423769188843276,optimal,1.8751235230010934,0.468794810003601,-0.04640098095727499,-0.44423791345111485,-0.44423791345111485,-0.44423791345111485,3,0,True,ok,True,-4.711953627278831e-08,-0.44423791345111485,-0.44423791345111485,4.442379134511149e-05,0.43,True,False,False,False,-4.711953627278831e-08,-1.0606825721969938e-07,0.8955492551349266,1.7444314581727127e-07
mixed|8|0|42,mixed,8,2,42,1.0,0.5,0.15,-0.7327540769649804,optimal,False,0.24950493300275411,9,15,257,-0.7327539361509063,optimal,1.9365533200034406,0.8255006469989894,-0.7327542433261457,-0.7327542433261457,-0.7327542433261457,-0.7327542433261457,12,0,True,ok,True,-1.6636116506596466e-07,-0.7327542433261455,-0.7327542433261457,7.327542433261457e-05,0.7,False,False,False,False,-1.6636116528800926e-07,-2.270354686760207e-07,0.0,1.4081407406774105e-07
mixed|8|0|43,mixed,8,2,43,1.0,0.5,0.15,-0.28068915285731166,optimal,False,0.4155360059958184,20,15,257,-0.2791962760374771,optimal_inaccurate,4.066876379998575,0.7334614799983683,-0.2778184424830896,-0.2778184424830896,-0.2778184424830896,-0.27781844248308996,17,0,False,ok,False,0.0028707103742219298,-0.27781844248308973,-0.27781844248308996,2.7781844248309e-05,0.93,False,False,False,False,0.0028707103742217077,0.010227364844700762,1.1988653611713334e-15,0.0014928768198345654
mixed|8|0|44,mixed,8,2,44,1.0,0.5,0.15,0.02845768669076061,optimal,False,0.28554370799975004,9,15,257,0.02845768547066335,optimal,1.8831451200021547,0.5266831909975735,0.028457674333091803,0.02845767433309075,0.028457674333090505,0.028457674333090443,1,0,True,ok,True,-1.2357666341611395e-08,0.02845767433309427,0.028457674333090443,2.8457674333090445e-06,0.0,False,False,False,False,-1.2357670168411383e-08,-4.3424717907318735e-07,4.779108753747977e-14,-1.220097262805142e-09
mixed|8|0|45,mixed,8,2,45,1.0,0.5,0.15,-0.5160712799692942,optimal,False,0.27879130800283747,9,15,257,-0.5160702057291746,optimal_inaccurate,2.4277100779945613,0.5274326529979589,-0.14748014424152572,-0.5160713204015484,-0.5160713204015484,-0.5160713204015484,7,0,True,ok,True,-4.043225410033102e-08,-0.5160713204015484,-0.5160713204015484,5.160713204015484e-05,0.77,True,False,False,False,-4.043225410033102e-08,-7.834625887868959e-08,0.714225266138073,1.074240119636194e-06
mixed|8|0|46,mixed,8,2,46,1.0,0.5,0.15,-0.04148792274866395,optimal,False,0.21069664899550844,12,15,257,-0.04148791621772102,optimal,2.3662115429979167,0.7054283609977574,-0.016951852080522564,-0.04148801707566327,-0.04148801707566335,-0.041488017075663464,2,0,True,ok,True,-9.432699618616702e-08,-0.04148801707566013,-0.041488017075663464,4.148801707566347e-06,0.44,True,False,False,False,-9.43269995168361e-08,-2.27360140656533e-06,0.5914036563953695,6.5309429253535e-09
mixed|8|0|47,mixed,8,2,47,1.0,0.5,0.15,-0.43543267870361024,optimal,False,0.31165138500364264,10,15,257,-0.435432577281996,optimal,2.599787301995093,0.9027014120001695,-0.43543272203032424,-0.43543272203033245,-0.43543272203033245,-0.43543272203033245,4,0,True,ok,True,-4.332672220996869e-08,-0.43543272203033245,-0.43543272203033245,4.3543272203033246e-05,0.48,False,False,False,False,-4.332672220996869e-08,-9.950268854180389e-08,1.8867783624341058e-14,1.0142161421811124e-07
mixed|8|0|48,mixed,8,2,48,1.0,0.5,0.15,0.025229415804632383,optimal,False,0.20850519699888537,9,15,257,0.025229347745090364,optimal,1.9673943380039418,0.4868340379980509,0.025229319849544712,0.025229319849540743,0.02522931984954056,0.02522931984954056,1,0,True,ok,True,-9.595509162588223e-08,0.025229319849540757,0.02522931984954056,2.522931984954056e-06,0.0,False,False,False,False,-9.59550918236407e-08,-3.8033021678616256e-06,1.646072120158286e-13,-6.80595420195218e-08
mixed|8|0|49,mixed,8,2,49,1.0,0.5,0.15,-0.508799793580146,optimal,False,0.3251098860055208,8,15,257,-0.5087995450192411,optimal_inaccurate,1.930267563999223,0.9667503279997618,-0.5087998320646888,-0.5087998320646888,-0.5087998320646888,-0.5087998320646888,3,0,True,ok,True,-3.848454244170796e-08,-0.5087998320646885,-0.5087998320646888,5.087998320646888e-05,0.47,False,False,False,False,-3.8484542774774866e-08,-7.56378899133983e-08,0.0,2.4856090496960803e-07
mixed|10|0|0,mixed,10,2,0,1.0,0.5,0.15,0.02386464546643786,optimal,False,0.3735753260043566,11,21,425,0.02386473194378731,optimal,13.468579182001122,0.551030772003287,0.023864593571224058,0.023864593571223076,0.023864593571222833,0.023864593571222833,1,0,True,ok,True,-5.189521427167998e-08,0.02386459357122359,0.023864593571222833,2.3864593571222834e-06,0.0,False,False,False,False,-5.1895215028019415e-08,-2.1745646756413147e-06,5.131932250949585e-14,8.647734944799979e-08
mixed|10|0|1,mixed,10,2,1,1.0,0.5,0.15,-0.2617047039506663,optimal,False,0.45511818600061815,14,21,425,-0.26170497125354714,optimal,22.15082017399982,1.3690765780047514,-0.20391281657419177,-0.26170503753152996,-0.26170503753153035,-0.2617050375315308,5,0,True,ok,True,-3.3358086320989244e-07,-0.2617050375315295,-0.2617050375315308,2.617050375315308e-05,0.66,True,False,False,False,-3.335808644866489e-07,-1.2746460397957994e-06,0.22082960841124843,-2.673028808297673e-07
mixed|10|0|2,mixed,10,2,2,1.0,0.5,0.15,-0.4362438416693666,optimal,False,0.4446923049981706,9,21,425,-0.4362438389583129,optimal,12.493300221998652,1.0800239849995705,-0.16696681148325873,-0.4362439560620397,-0.4362439560620397,-0.4362439560620397,4,0,True,ok,True,-1.1439267311175172e-07,-0.4362439560620397,-0.4362439560620397,4.362439560620397e-05,0.69,True,False,False,False,-1.1439267311175172e-07,-2.6222186352019847e-07,0.6172627513502701,2.711053659343321e-09
mixed|10|0|3,mixed,10,2,3,1.0,0.5,0.15,-0.4866833930399338,optimal,False,0.27270110900280997,9,21,425,-0.48668360148088596,optimal,13.518374259001575,0.5878605929974583,-0.48668362018001077,-0.48668362018001077,-0.48668362018001077,-0.4866836201800109,5,0,True,ok,True,-2.2714007708035666e-07,-0.4866836201800109,-0.4866836201800109,4.866836201800109e-05,0.67,False,False,False,False,-2.2714007708035666e-07,-4.66710145299162e-07,2.2812007197088647e-16,-2.0844095216521197e-07
mixed|10|0|4,mixed,10,2,4,1.0,0.5,0.15,-0.49765685698602147,optimal,False,0.5168299709985149,8,21,425,-0.4976570620107751,optimal,13.99111263800296,0.9800021449991618,-0.10848557824291388,-0.4976571631445922,-0.4976571631445922,-0.4976571631445922,19,0,True,ok,True,-3.061585704955405e-07,-0.49765716314459196,-0.4976571631445922,4.976571631445922e-05,0.7,True,False,False,False,-3.061585707175851e-07,-6.15200145280395e-07,0.7820074013254104,-2.0502475361894312e-07
mixed|10|0|5,mixed,10,2,5,1.0,0.5,0.15,-0.3267557776404958,optimal,False,0.6318057399985264,18,21,425,-0.3267557429828661,optimal,24.254604508998455,0.7662667670010705,-0.18414356940810683,-0.3267561255742868,-0.326756125574287,-0.326756125574287,5,0,True,ok,True,-3.479337852274611e-07,-0.326756125574281,-0.326756125574287,3.2675612557428705e-05,0.51,True,False,False,False,-3.4793379122266543e-07,-1.0648129735764617e-06,0.4364495261275757,3.465762971055497e-08
mixed|10|0|6,mixed,10,2,6,1.0,0.5,0.15,-0.41515498007852764,optimal,False,0.4745122780004749,10,21,425,-0.4151549240876927,optimal,13.285006473997782,1.0057943889987655,-0.4151549910073231,-0.4151549910073231,-0.4151549910073231,-0.4151549910073231,18,0,True,ok,True,-1.0928795479703268e-08,-0.4151549910073231,-0.4151549910073231,4.151549910073231e-05,0.69,False,False,False,False,-1.0928795479703268e-08,-2.6324616117181247e-08,0.0,5.599083491292234e-08
mixed|10|0|7,mixed,10,2,7,1.0,0.5,0.15,0.02131710037528976,optimal,False,0.47922014399955515,11,21,425,0.021317126424698882,optimal,14.242721102003998,0.6861010439970414,0.02131709145585314,0.02131709145585314,0.021317091455852786,0.021317091455852595,1,0,True,ok,True,-8.919436640664191e-09,0.02131709145585312,0.021317091455852595,2.1317091455852594e-06,0.0,False,False,False,False,-8.919437164550681e-09,-4.184169989127539e-07,2.555241518688374e-14,2.6049409122819167e-08
mixed|10|0|8,mixed,10,2,8,1.0,0.5,0.15,0.021404676370882534,optimal,False,0.570756043001893,11,21,425,0.021404787713314707,optimal,15.256648526999925,0.7214178400026867,0.021404665791946144,0.02140466579194129,0.02140466579194048,0.02140466579194037,1,0,True,ok,True,-1.0578940945471516e-08,0.02140466579194159,0.02140466579194037,2.140466579194037e-06,0.0,False,False,False,False,-1.0578942163247396e-08,-4.942350904981805e-07,2.6971501373427735e-13,1.1134243217345019e-07
mixed|10|0|9,mixed,10,2,9,1.0,0.5,0.15,-0.5921164021882931,optimal,False,0.33977349100314314,8,21,425,-0.5921165003623409,optimal,12.152277706001769,0.4557748199949856,-0.194857487646952,-0.5921165369254066,-0.5921165369254077,-0.5921165369254077,19,0,True,ok,True,-1.3473711457656634e-07,-0.5921165369254077,-0.5921165369254077,5.921165369254077e-05,0.66,True,False,False,False,-1.3473711457656634e-07,-2.2755173489303193e-07,0.6709136200472319,-9.817404778011962e-08
mixed|10|0|10,mixed,10,2,10,1.0,0.5,0.15,-0.3075991160375113,optimal,False,0.5611936240020441,11,21,425,-0.30759907219421434,optimal,15.192467970002326,1.1284475670036045,-0.012441352059289913,-0.3075991493987167,-0.3075991493987167,-0.3075991493987167,4,0,True,ok,True,-3.33612054093102e-08,-0.3075991493987167,-0.3075991493987167,3.075991493987167e-05,0.49,True,False,False,False,-3.33612054093102e-08,-1.0845676619318324e-07,0.9595533600024259,4.384329693740696e-08
mixed|10|0|11,mixed,10,2,11,1.0,0.5,0.15,-0.5426632137740691,optimal,False,0.33593866800219985,8,21,425,-0.5426635772536677,optimal,13.305115179995482,0.7657209000026342,-0.12758556420750589,-0.5426635873929041,-0.5426635873929041,-0.5426635873929041,18,0,True,ok,True,-3.736188345371261e-07,-0.5426635873929037,-0.5426635873929041,5.4266358739290415e-05,0.78,True,False,False,False,-3.736188349812153e-07,-6.884911773967541e-07,0.7648901323553698,-3.634795985307804e-07
mixed|10|0|12,mixed,10,2,12,1.0,0.5,0.15,-0.5263404052140606,optimal,False,0.4731326879991684,9,21,425,-0.5263401147380657,optimal,11.796408078997047,0.6154329269993468,-0.15070609070197913,-0.5263404642493479,-0.5263404642493479,-0.5263404642493479,4,0,True,ok,True,-5.9035287325315267e-08,-0.5263404642493479,-0.5263404642493479,5.263404642493479e-05,0.68,True,False,False,False,-5.9035287325315267e-08,-1.1216180012117035e-07,0.7136718513236257,2.90475994813022e-07
mixed|10|0|13,mixed,10,2,13,1.0,0.5,0.15,-0.5656429803908215,optimal,False,0.30937195399747,8,21,425,-0.5656433544796629,optimal,11.363786219000758,0.5324347109999508,-0.08967124786490602,-0.5656434834450045,-0.5656434834450045,-0.5656434834450045,4,0,True,ok,True,-5.030541824213586e-07,-0.5656434834450039,-0.5656434834450045,5.656434834450045e-05,0.7,True,False,False,False,-5.030541829764701e-07,-8.89349289951222e-07,0.8414703775622575,-3.740888413483745e-07
mixed|10|0|14,mixed,10,2,14,1.0,0.5,0.15,-0.09295553772642522,optimal,False,0.45478562799689826,12,21,425,-0.09295583061880726,optimal,19.61297471800208,1.311210748994199,-0.014814339194410555,-0.09295589259580841,-0.09295589259580853,-0.09295589259580862,4,0,True,ok,True,-3.548693775778933e-07,-0.0929558925958028,-0.09295589259580862,9.295589259580863e-06,0.49,True,False,False,False,-3.5486938340656415e-07,-3.817624985947261e-06,0.8406304454648577,-2.9289238204222023e-07
mixed|10|0|15,mixed,10,2,15,1.0,0.5,0.15,-0.24860342020527426,optimal,False,0.5409610310016433,15,21,425,-0.2486034885581798,optimal,25.437511326003005,0.8859970179983065,-0.10612962848425327,-0.24860359512930985,-0.24860359512932484,-0.24860359512932495,4,0,True,ok,True,-1.749240476356384e-07,-0.2486035951293219,-0.24860359512932495,2.4860359512932495e-05,0.62,True,False,False,False,-1.7492405068875172e-07,-7.036268871293695e-07,0.57309696817118,-6.83529055300891e-08
mixed|10|0|16,mixed,10,2,16,1.0,0.5,0.15,-0.45445208474577625,optimal,False,0.5721985599957407,9,21,425,-0.4544521001490229,optimal,13.968681115999061,0.6852971290063579,-0.14962026753798674,-0.37834324523983853,-0.4544521317363617,-0.4544521317363617,27,0,True,ok,True,-4.699058542279033e-08,-0.4544521317363617,-0.4544521317363617,4.544521317363617e-05,0.76,True,True,False,False,-4.699058542279033e-08,-1.0340052780058695e-07,0.6707678166976121,-1.5403246622636146e-08
mixed|10|0|17,mixed,10,2,17,1.0,0.5,0.15,0.022009947323179027,optimal,False,0.33904939700005343,11,21,425,0.0220099641543852,optimal,14.62042511600157,0.8550438189995475,0.02200993696484038,0.022009936964840344,0.02200993696484019,0.022009936964840146,1,0,True,ok,True,-1.0358338842914039e-08,0.022009936964840184,0.022009936964840146,2.2009936964840147e-06,0.0,False,False,False,False,-1.0358338881077955e-08,-4.7062079381577725e-07,1.0561272672076478e-14,1.6831206171852298e-08
mixed|10|0|18,mixed,10,2,18,1.0,0.5,0.15,-0.24968285203948185,optimal,False,0.45136215800448554,14,21,425,-0.24968298697404884,optimal,21.62255637400085,1.1070234120052191,-0.2280335326244275,-0.24968303504394185,-0.24968303504394262,-0.24968303504394274,5,0,True,ok,True,-1.8300441770313647e-07,-0.24968303504389955,-0.24968303504394274,2.4968303504394274e-05,0.55,True,False,False,False,-1.8300446089081213e-07,-7.329476549790212e-07,0.08670794319568031,-1.3493456699209538e-07
mixed|10|0|19,mixed,10,2,19,1.0,0.5,0.15,-0.4694358244594273,optimal,False,0.7359955050051212,10,21,425,-0.4694355287831631,optimal,11.988334485999076,0.456886124004086,-0.14308891767864895,-0.46943583877098183,-0.46943583877098183,-0.46943583877098183,20,0,True,ok,True,-1.4311554552559613e-08,-0.46943583877098183,-0.46943583877098183,4.694358387709819e-05,0.8,True,False,False,False,-1.4311554552559613e-08,-3.048671150958685e-08,0.6951896172791867,2.9567626419479964e-07
mixed|10|0|20,mixed,10,2,20,1.0,0.5,0.15,-0.4937524914798596,optimal,False,0.5108944739986327,8,21,425,-0.4937526971428947,optimal,13.025576042004104,0.7236717550040339,-0.3947979059738028,-0.4937527638590398,-0.49375276385904,-0.4937527638590402,12,0,True,ok,True,-2.7237918059919153e-07,-0.4937527638590402,-0.4937527638590402,4.9375276385904025e-05,0.76,True,False,False,False,-2.7237918059919153e-07,-5.516512530049724e-07,0.20041378019199843,-2.05663035102166e-07
mixed|10|0|21,mixed,10,2,21,1.0,0.5,0.15,-0.42560123857281595,optimal,False,0.3094782549960655,10,21,425,-0.42560125715268404,optimal,12.883392764000746,0.6522397930020816,-0.17934033643728264,-0.4256015872504323,-0.4256015872504323,-0.4256015872504323,16,0,True,ok,True,-3.4867761633528005e-07,-0.4256015872504323,-0.4256015872504323,4.256015872504323e-05,0.62,True,False,False,False,-3.4867761633528005e-07,-8.192589323858956e-07,0.5786192020666613,-1.8579868088508533e-08
mixed|10|0|22,mixed,10,2,22,1.0,0.5,0.15,-0.36147746362555166,optimal,False,0.37658511100016767,10,21,425,-0.3614775784533292,optimal,13.595797515998129,0.8365482369990787,-0.3614776064693135,-0.3614776064693135,-0.3614776064693137,-0.3614776064693137,4,0,True,ok,True,-1.4284376204098947e-07,-0.3614776064693137,-0.3614776064693137,3.614776064693137e-05,0.58,False,False,False,False,-1.4284376204098947e-07,-3.9516643889301737e-07,6.1426932388377685e-16,-1.148277775087081e-07
mixed|10|0|23,mixed,10,2,23,1.0,0.5,0.15,-0.5180178065306059,optimal,False,0.6122139329963829,9,21,425,-0.5180177793062436,optimal,13.9250405519997,0.6233473440006492,-0.5180178587839531,-0.5180178587839531,-0.5180178587839531,-0.5180178587839531,5,0,True,ok,True,-5.225334720471153e-08,-0.5180178587839531,-0.5180178587839531,5.180178587839531e-05,0.36,False,False,False,False,-5.225334720471153e-08,-1.0087172013386042e-07,0.0,2.7224362320055207e-08
mixed|10|0|24,mixed,10,2,24,1.0,0.5,0.15,-0.47222998095427365,optimal,False,0.44751565100159496,9,21,425,-0.4722300287974502,optimal,12.269176027002686,0.7763573019983596,-0.08323866439705067,-0.4722300474138731,-0.4722300474138731,-0.4722300474138731,4,0,True,ok,True,-6.64595994348538e-08,-0.4722300474138731,-0.4722300474138731,4.7223004741387314e-05,0.62,True,False,False,False,-6.64595994348538e-08,-1.407356629508221e-07,0.8237328080817813,-4.784317653161452e-08
mixed|10|0|25,mixed,10,2,25,1.0,0.5,0.15,0.01915715852628774,optimal,False,0.536054789001355,11,21,425,0.01915717458511838,optimal,15.703108909001458,0.7874851699962164,0.01915714784509361,0.019157147845093182,0.019157147845092808,0.019157147845092808,1,0,True,ok,True,-1.0681190980299515e-08,0.01915714784509676,0.019157147845092808,1.9157147845092807e-06,0.0,False,False,False,False,-1.0681194931999594e-08,-5.575563263906126e-07,4.1835154814372746e-14,1.6058830640264254e-08
mixed|10|0|26,mixed,10,2,26,1.0,0.5,0.15,-0.6686799382608262,optimal,False,0.7223691499966662,11,21,425,-0.668680075371741,optimal,13.90516404799564,0.9683777120008017,-0.16344681450432302,-0.6686802069714324,-0.6686802069714324,-0.6686802069714324,24,0,True,ok,True,-2.6871060621047604e-07,-0.6686802069714324,-0.6686802069714324,6.686802069714324e-05,0.73,True,False,False,False,-2.6871060621047604e-07,-4.018523524264346e-07,0.7555680386524347,-1.371109148440297e-07
mixed|10|0|27,mixed,10,2,27,1.0,0.5,0.15,0.02372357308635994,optimal,False,0.5473780500033172,11,21,425,0.023723674198639702,optimal,13.264808725005423,0.8413808379991679,0.023723555552696438,0.02372355555269641,0.023723555552696347,0.02372355555269633,1,0,True,ok,True,-1.7533659905921706e-08,0.023723555552700035,0.02372355555269633,2.372355555269633e-06,0.0,False,False,False,False,-1.753366361129105e-08,-7.3908190589436e-07,4.533589211434118e-15,1.0111227976075665e-07
mixed|10|0|28,mixed,10,2,28,1.0,0.5,0.15,-0.6219992675277661,optimal,False,0.5422472700010985,8,21,425,-0.6219990401714001,optimal,15.287764856002468,1.4994228780051344,-0.21519224935141348,-0.621999503566745,-0.621999503566745,-0.621999503566745,3,0,True,ok,True,-2.360389789179962e-07,-0.621999503566745,-0.621999503566745,6.21999503566745e-05,0.67,True,False,False,False,-2.360389789179962e-07,-3.794843358195102e-07,0.6540314773284674,2.2735636606707743e-07
mixed|10|0|29,mixed,10,2,29,1.0,0.5,0.15,-0.1375586056832035,optimal,False,0.5551189590041758,12,21,425,-0.13755867420591203,optimal,21.70043165199604,1.4675013980013318,-0.13755871443937667,-0.13755871443937667,-0.13755871443937723,-0.13755871443937756,4,0,True,ok,True,-1.0875616918148978e-07,-0.13755871443937268,-0.13755871443937756,1.3755871443937758e-05,0.51,False,False,False,False,-1.0875617406647109e-07,-7.906170139361241e-07,6.4567223045076326e-15,-6.852270853507925e-08
mixed|10|0|30,mixed,10,2,30,1.0,0.5,0.15,-0.2266259344072389,optimal,False,0.6011436929984484,16,21,425,-0.22662582204173967,optimal,20.874443979002535,0.9896664719999535,-0.22662606881106295,-0.22662606881106317,-0.22662606881106329,-0.2266260688110635,3,0,True,ok,True,-1.3440382282126073e-07,-0.22662606881106173,-0.2266260688110635,2.266260688110635e-05,0.46,False,False,False,False,-1.3440382459761757e-07,-5.930646240871028e-07,2.4494600962053074e-15,1.1236549923854255e-07
mixed|10|0|31,mixed,10,2,31,1.0,0.5,0.15,-0.14153453433891813,optimal,False,0.4552742739979294,13,21,425,-0.14153434209753563,optimal,17.90822930000286,0.7944960579989129,-0.1415345678804707,-0.1415345678804707,-0.1415345678804707,-0.14153456788047286,3,0,True,ok,True,-3.3541549898652434e-08,-0.14153456788046803,-0.14153456788047286,1.4153456788047286e-05,0.72,False,False,False,False,-3.354155472812259e-08,-2.36984951303857e-07,1.5296156482756646e-14,1.922413825072855e-07
mixed|10|0|32,mixed,10,2,32,1.0,0.5,0.15,-0.5028185170619801,optimal,False,0.6532361400022637,12,21,425,-0.5028190681283029,optimal,12.959603812996647,0.7845273519997136,-0.11664786084926809,-0.12062212259600447,-0.5028190891507532,-0.5028190891507532,20,0,True,ok,True,-5.720887730209512e-07,-0.5028190891507531,-0.5028190891507532,5.0281908915075327e-05,0.63,True,True,False,False,-5.720887731319735e-07,-1.1377639321533873e-06,0.7680122665066617,-5.510663227958901e-07
mixed|10|0|33,mixed,10,2,33,1.0,0.5,0.15,-0.62538809615026,optimal,False,0.7822834879989387,12,21,425,-0.6253883029678599,optimal,13.34019872299541,0.7716472769971006,-0.11383047972555993,-0.5011230872582748,-0.6253883697770939,-0.6253883697770939,12,0,True,ok,True,-2.736268333025649e-07,-0.6253883697770933,-0.6253883697770939,6.253883697770939e-05,0.75,True,True,False,False,-2.736268338576764e-07,-4.3753124746386753e-07,0.8179843354520131,-2.0681759982377201e-07
mixed|10|0|34,mixed,10,2,34,1.0,0.5,0.15,-0.5991172653941963,optimal,False,0.5740797899998142,8,21,425,-0.5991171678043519,optimal,12.66867983499833,0.7357136089995038,-0.599117400733744,-0.5991174007337504,-0.5991174007337504,-0.5991174007337504,15,0,True,ok,True,-1.3533955367517336e-07,-0.59911740073375,-0.5991174007337504,5.991174007337504e-05,0.75,False,False,False,False,-1.3533955411926257e-07,-2.2589827056680517e-07,1.0747966149772288e-14,9.758984442775898e-08
mixed|10|0|35,mixed,10,2,35,1.0,0.5,0.15,-0.34197358337815065,optimal,False,0.6963477989993407,14,21,425,-0.34197331375183443,optimal_inaccurate,20.72342198499973,0.6919480759970611,-0.34197402218409567,-0.34197402218409567,-0.34197402218409567,-0.34197402218409567,4,0,True,ok,True,-4.3880594502443415e-07,-0.34197402218409567,-0.34197402218409567,3.419740221840957e-05,0.37,False,False,False,False,-4.3880594502443415e-07,-1.2831574318979116e-06,0.0,2.696263162182966e-07
mixed|10|0|36,mixed,10,2,36,1.0,0.5,0.15,0.02024924070190426,optimal,False,0.6135627350013237,10,21,425,0.02024924010394038,optimal,15.053866566006036,0.6590468540016445,0.020249161964241147,0.020249161964239485,0.020249161964239277,0.020249161964239176,1,0,True,ok,True,-7.873766503033175e-08,0.02024916196423923,0.020249161964239176,2.0249161964239177e-06,0.0,False,False,False,False,-7.873766508237345e-08,-3.8884255583454485e-06,9.731987290090779e-14,-5.979638798003784e-10
mixed|10|0|37,mixed,10,2,37,1.0,0.5,0.15,-0.3833333928566063,optimal,False,0.5385843320036656,9,21,425,-0.38333332275593796,optimal,14.194519279997621,0.5318065490064328,-0.12389041421902423,-0.3441533476469709,-0.38333343856962765,-0.38333343856962765,6,0,True,ok,True,-4.571302136824329e-08,-0.38333343856962765,-0.38333343856962765,3.833334385696277e-05,0.75,True,True,False,False,-4.571302136824329e-08,-1.192513415739473e-07,0.6768077038066139,7.010066832568995e-08
mixed|10|0|38,mixed,10,2,38,1.0,0.5,0.15,-0.4439284644563908,optimal,False,0.36935604799509747,9,21,425,-0.44392847438834343,optimal,14.148304343005293,0.8162435359990923,-0.22203783885685557,-0.2942774234770882,-0.44392848046507527,-0.44392848046507527,22,0,True,ok,True,-1.6008684489143832e-08,-0.44392848046507527,-0.44392848046507527,4.439284804650753e-05,0.8,True,True,False,False,-1.6008684489143832e-08,-3.6061405768938794e-08,0.4998342106272595,-9.931952649200326e-09
mixed|10|0|39,mixed,10,2,39,1.0,0.5,0.15,-0.46105359586963524,optimal,False,0.4293261880011414,9,21,425,-0.46105382701255554,optimal,12.203181188997405,0.4304229879999184,-0.3969753622484038,-0.4610538491679731,-0.4610538491679731,-0.4610538491679731,3,0,True,ok,True,-2.5329833786003064e-07,-0.4610538491679731,-0.4610538491679731,4.610538491679731e-05,0.74,True,False,False,False,-2.5329833786003064e-07,-5.493902230222531e-07,0.13898265253658895,-2.3114292030390615e-07
mixed|10|0|40,mixed,10,2,40,1.0,0.5,0.15,-0.6557756144621659,optimal,False,0.5144094479983323,8,21,425,-0.6557754659415149,optimal,14.686601889996382,0.8649380399947404,-0.23980275470888546,-0.6557758780510499,-0.6557758780510499,-0.6557758780510499,4,0,True,ok,True,-2.6358888394195645e-07,-0.6557758780510499,-0.6557758780510499,6.557758780510499e-05,0.59,True,False,False,False,-2.6358888394195645e-07,-4.019498104670128e-07,0.6343220866531818,1.4852065099990597e-07
mixed|10|0|41,mixed,10,2,41,1.0,0.5,0.15,-0.39679358031115225,optimal,False,0.5941802269953769,9,21,425,-0.3967936460882021,optimal,13.324500476002868,0.9520778089936357,-0.3967937020613661,-0.3967937020613663,-0.3967937020613663,-0.3967937020613663,3,0,True,ok,True,-1.2175021407712094e-07,-0.3967937020613663,-0.3967937020613663,3.967937020613664e-05,0.33,False,False,False,False,-1.2175021407712094e-07,-3.068351407844061e-07,5.595970998821219e-16,-6.57770498624366e-08
mixed|10|0|42,mixed,10,2,42,1.0,0.5,0.15,0.022395628138761437,optimal,False,0.3531856650006375,11,21,425,0.022395660563825952,optimal,15.046416978002526,0.8646936000004644,0.022395584428934988,0.022395584428934863,0.022395584428934055,0.022395584428933874,1,0,True,ok,True,-4.370982736867646e-08,0.02239558442893407,0.022395584428933874,2.2395584428933876e-06,0.0,False,False,False,False,-4.3709827562965486e-08,-1.9517125080012514e-06,4.972821652014047e-14,3.242506451534011e-08
mixed|10|0|43,mixed,10,2,43,1.0,0.5,0.15,-0.1365256376888783,optimal,False,0.5057275260041934,13,21,425,-0.1365256460740681,optimal,18.22157419499854,0.9204991449951194,-0.1365256860227359,-0.1365256860227359,-0.1365256860227359,-0.1365256860227359,5,0,True,ok,True,-4.833385683356006e-08,-0.13652568602273513,-0.1365256860227359,1.3652568602273591e-05,0.28,False,False,False,False,-4.833385761071618e-08,-3.540277007961089e-07,0.0,-8.385189820270256e-09
mixed|10|0|44,mixed,10,2,44,1.0,0.5,0.15,-0.2635405662954461,optimal,False,0.8453445600025589,15,21,425,-0.263540610128147,optimal,21.838762624000083,1.28039991499827,-0.244118537535145,-0.26354068885458376,-0.26354068885458376,-0.26354068885458404,3,0,True,ok,True,-1.2255913744985136e-07,-0.26354068885458354,-0.26354068885458404,2.6354068885458405e-05,0.53,True,False,False,False,-1.2255913794945172e-07,-4.650484730766457e-07,0.07369697409478862,-4.383270091334879e-08
mixed|10|0|45,mixed,10,2,45,1.0,0.5,0.15,-0.27953578253247646,optimal,False,0.8677229539971449,16,21,425,-0.279536109395667,optimal,24.39912728100171,1.3796994490039651,-0.16785699447305072,-0.27953631959788494,-0.27953631959788516,-0.27953631959788516,5,0,True,ok,True,-5.370654058145519e-07,-0.2795363195978823,-0.27953631959788516,2.7953631959788517e-05,0.64,True,False,False,False,-5.370654087011317e-07,-1.92127606646829e-06,0.399516332208587,-3.2686319051400403e-07
mixed|10|0|46,mixed,10,2,46,1.0,0.5,0.15,-0.5663082830017071,optimal,False,0.6979339019962936,8,21,425,-0.5663083336380157,optimal,15.013531807002437,1.1535051480022958,-0.5663084595322905,-0.5663084595322909,-0.5663084595322909,-0.5663084595322909,4,0,True,ok,True,-1.765305833734132e-07,-0.5663084595322905,-0.5663084595322909,5.6630845953229096e-05,0.54,False,False,False,False,-1.7653058381750242e-07,-3.117217055025315e-07,7.84182546410894e-16,-5.063630859059032e-08
mixed|10|0|47,mixed,10,2,47,1.0,0.5,0.15,-0.5945996502810424,optimal,False,0.5670136059998185,8,21,425,-0.594599535143146,optimal,10.938585427000362,0.9704580050020013,-0.2559532521366791,-0.25595325213667963,-0.5945999216406288,-0.5945999216406288,5,0,True,ok,True,-2.71359586356823e-07,-0.5945999216406288,-0.5945999216406288,5.9459992164062884e-05,0.71,True,True,False,False,-2.71359586356823e-07,-4.56373605716994e-07,0.5695370234317403,1.1513789643924355e-07
mixed|10|0|48,mixed,10,2,48,1.0,0.5,0.15,-0.14286311913110394,optimal,False,0.7629598720013746,13,21,425,-0.14286301878618268,optimal,18.959932578000007,1.4296917239989853,-0.07657577862776434,-0.14286315035937083,-0.14286315035937097,-0.14286315035937136,3,0,True,ok,True,-3.122826539025958e-08,-0.14286315035936933,-0.14286315035937136,1.4286315035937136e-05,0.6,True,False,False,False,-3.12282674164166e-08,-2.1858872749207412e-07,0.4639920900866427,1.003449212610974e-07
mixed|10|0|49,mixed,10,2,49,1.0,0.5,0.15,-0.29207105800704203,optimal,False,0.5632007070016698,16,21,425,-0.2920710517766071,optimal,21.488213558004645,0.8324618109982111,-0.04335705233102827,-0.29207111871385094,-0.2920711187138512,-0.29207111871385144,5,0,True,ok,True,-6.070680347303181e-08,-0.2920711187138455,-0.29207111871385144,2.9207111871385145e-05,0.55,True,False,False,False,-6.0706809412725e-08,-2.0784945220851465e-07,0.8515530993891042,6.230434945742047e-09
mixed|15|0|0,mixed,15,3,0,1.0,0.5,0.15,-0.5436395947161806,optimal,False,0.38402710299851606,8,21,650,,,,0.5476473809976596,-0.25150547465104245,-0.5436399147996205,-0.5436399147996205,-0.5436399147996205,14,0,True,ok,True,-3.2008343986422716e-07,-0.5436399147996205,-0.5436399147996205,5.436399147996205e-05,0.82,True,False,False,False,-3.2008343986422716e-07,-5.887787478602142e-07,0.5373675335378115,
mixed|15|0|1,mixed,15,3,1,1.0,0.5,0.15,-0.37196849749343175,optimal,False,0.9283237470008316,14,21,650,,,,1.3545963869983098,-0.20260521089214645,-0.20356872133398995,-0.3719686015251523,-0.3719686015251523,19,0,True,ok,True,-1.0403172046036246e-07,-0.3719686015251522,-0.3719686015251523,3.7196860152515235e-05,0.71,True,True,False,False,-1.0403172057138477e-07,-2.79678847193832e-07,0.4553163625601168,
mixed|15|0|2,mixed,15,3,2,1.0,0.5,0.15,-0.436290886882833,optimal,False,0.7168069729959825,11,21,650,,,,0.808164731002762,-0.36789254076733613,-0.4362913066816796,-0.4362913066816796,-0.4362913066816796,34,0,False,ok,True,-4.197988465737268e-07,-0.4362913066816796,-0.4362913066816796,4.362913066816796e-05,0.81,True,False,False,False,-4.197988465737268e-07,-9.621994389409852e-07,0.1567731579035279,
mixed|15|0|3,mixed,15,3,3,1.0,0.5,0.15,-0.5339717361368008,optimal,False,0.49677718699967954,9,21,650,,,,0.726075591002882,-0.509741119318496,-0.509741119318496,-0.5339717936382221,-0.5339717936382221,33,0,True,ok,True,-5.750142129112845e-08,-0.5339717936382221,-0.5339717936382221,5.339717936382221e-05,0.83,True,True,False,False,-5.750142129112845e-08,-1.0768626389692821e-07,0.04537819152324545,
mixed|15|0|4,mixed,15,3,4,1.0,0.5,0.15,-0.10858337687537524,optimal,False,0.783182184000907,15,21,650,,,,1.0766290669998853,-0.10858343760806875,-0.10858343760806875,-0.10858343760807211,-0.10858343760807236,4,0,True,ok,True,-6.073268941919618e-08,-0.10858343760806466,-0.10858343760807236,1.0858343760807236e-05,0.52,False,False,False,False,-6.073269712136842e-08,-5.593185519646654e-07,3.322997419786528e-14,
mixed|15|0|5,mixed,15,3,5,1.0,0.5,0.15,-0.41892074154152004,optimal,False,0.4973563169987756,10,21,650,,,,0.8845559920009691,-0.17999801969220502,-0.4189207820330748,-0.4189207820330748,-0.4189207820330748,15,0,True,ok,True,-4.049155477581223e-08,-0.4189207820330748,-0.4189207820330748,4.189207820330748e-05,0.79,True,False,False,False,-4.049155477581223e-08,-9.665683925511489e-08,0.5703292187638622,
mixed|15|0|6,mixed,15,3,6,1.0,0.5,0.15,0.011375039668524276,optimal,False,0.4548362680070568,11,21,650,,,,0.6710511269993731,0.011375029193822621,0.011375029193821407,0.01137502919382077,0.01137502919382077,1,0,True,ok,True,-1.047469891206354e-08,0.011375029193825364,0.01137502919382077,1.137502919382077e-06,0.0,False,False,False,False,-1.0474703505611305e-08,-9.208498441192887e-07,1.627204570053095e-13,
mixed|15|0|7,mixed,15,3,7,1.0,0.5,0.15,-0.3236857825797504,optimal,False,1.00096583100094,16,21,650,,,,1.163489254002343,-0.24426791082726784,-0.31938299024953776,-0.319384510832214,-0.3193845108322184,20,0,False,ok,False,0.004301271747531754,-0.31938451083221864,-0.3193845108322184,3.1938451083221846e-05,0.81,True,False,False,False,0.004301271747531976,0.013288417283116905,0.23519174367354156,
mixed|15|0|8,mixed,15,3,8,1.0,0.5,0.15,0.011195246560100703,optimal,False,0.7483013270029915,11,21,650,,,,0.9796589449979365,0.01119523177122099,0.011195231771220825,0.011195231771220825,0.011195231771220338,1,0,True,ok,True,-1.478887723567468e-08,0.011195231771223467,0.011195231771220338,1.1195231771220339e-06,0.0,False,False,False,False,-1.478888036511583e-08,-1.3209963966155653e-06,5.826194939921107e-14,
mixed|15|0|9,mixed,15,3,9,1.0,0.5,0.15,-0.6328927903557575,optimal,False,0.611158122002962,8,21,650,,,,0.6189118210022571,-0.14803616066803543,-0.27241536136533073,-0.6328930935682872,-0.6328930935682872,23,0,True,ok,True,-3.0321252963982914e-07,-0.6328930935682872,-0.6328930935682872,6.328930935682872e-05,0.84,True,True,False,False,-3.0321252963982914e-07,-4.790898778755077e-07,0.7660961034771304,
mixed|15|0|10,mixed,15,3,10,1.0,0.5,0.15,0.0112435417038417,optimal,False,0.49709728799643926,10,21,650,,,,0.6242841940038488,0.011243429225900667,0.01124342922589833,0.01124342922589783,0.01124342922589744,1,0,True,ok,True,-1.1247793711872955e-07,0.01124342922590458,0.01124342922589744,1.1243429225897442e-06,0.0,False,False,False,False,-1.1247794425885138e-07,-1.0003782368719268e-05,2.869752279744811e-13,
mixed|15|0|11,mixed,15,3,11,1.0,0.5,0.15,-0.27530992737781046,optimal,False,1.0243681330030086,18,21,650,,,,2.0951249149948126,-0.27531001914007813,-0.27531001914007813,-0.275310019140082,-0.2753100191400826,5,0,True,ok,True,-9.176225612694822e-08,-0.2753100191400666,-0.2753100191400826,2.753100191400826e-05,0.65,False,False,False,False,-9.176227211415977e-08,-3.3330535149295045e-07,1.613051392888474e-14,
mixed|15|0|12,mixed,15,3,12,1.0,0.5,0.15,-0.6292809898966228,optimal,False,0.6940271470011794,9,21,650,,,,0.9606164729993907,-0.4074901238285772,-0.6292809970739272,-0.6292809970739272,-0.6292809970739272,19,0,True,ok,True,-7.177304306438259e-09,-0.6292809970739272,-0.6292809970739272,6.292809970739272e-05,0.65,True,False,False,False,-7.177304306438259e-09,-1.1405563526743965e-08,0.3524512487690682,
mixed|15|0|13,mixed,15,3,13,1.0,0.5,0.15,-0.3650454131324528,optimal,False,0.6870211189961992,14,21,650,,,,0.6301367349951761,-0.09640895861363413,-0.2138943423892807,-0.3650459512221047,-0.3650459512221047,20,0,True,ok,True,-5.380896518913936e-07,-0.3650459512221047,-0.3650459512221047,3.650459512221047e-05,0.6,True,True,False,False,-5.380896518913936e-07,-1.4740348256236096e-06,0.735899115465121,
mixed|15|0|14,mixed,15,3,14,1.0,0.5,0.15,-0.48518349634396407,optimal,False,0.6414146910028649,8,21,650,,,,1.1780423210002482,-0.2893013640805364,-0.4851837168582437,-0.4851837168582437,-0.4851837168582437,21,0,True,ok,True,-2.2051427950309233e-07,-0.4851837168582436,-0.4851837168582437,4.851837168582437e-05,0.76,True,False,False,False,-2.2051427961411463e-07,-4.544966621407586e-07,0.40372820845291946,
mixed|15|0|15,mixed,15,3,15,1.0,0.5,0.15,-0.599221569571383,optimal,False,0.3996895740056061,8,21,650,,,,0.8801176920023863,-0.5992221353927302,-0.5992221353927313,-0.5992221353927313,-0.5992221353927313,4,0,True,ok,True,-5.658213482195862e-07,-0.5992221353927312,-0.5992221353927313,5.992221353927313e-05,0.6,False,False,False,False,-5.658213483306085e-07,-9.442606492542227e-07,1.85277371954478e-15,
mixed|15|0|16,mixed,15,3,16,1.0,0.5,0.15,-0.42203488874807854,optimal,False,0.73874418700143,11,21,650,,,,1.5628650979997474,-0.42203494184403356,-0.422034941844042,-0.422034941844042,-0.422034941844042,20,0,True,ok,True,-5.309596345925982e-08,-0.422034941844042,-0.422034941844042,4.22034941844042e-05,0.78,False,False,False,False,-5.309596345925982e-08,-1.2580941736064364e-07,1.9992882462014814e-14,
mixed|15|0|17,mixed,15,3,17,1.0,0.5,0.15,-0.696335600486407,optimal,False,0.4334038570013945,9,21,650,,,,0.6798189120017923,-0.16704169531133883,-0.2633280286739098,-0.6963356321680768,-0.6963356321680768,36,0,True,ok,True,-3.168166973210873e-08,-0.6963356321680767,-0.6963356321680768,6.963356321680768e-05,0.74,True,True,False,False,-3.168166984313103e-08,-4.5497702287518597e-08,0.76011324482815,
mixed|15|0|18,mixed,15,3,18,1.0,0.5,0.15,-0.4817354622613213,optimal,False,0.4466161509990343,10,21,650,,,,0.6738120829977561,-0.2609529926369375,-0.40407880291550957,-0.48173548369786445,-0.48173548369786445,17,0,True,ok,True,-2.143654315167609e-08,-0.48173548369786445,-0.48173548369786445,4.817354836978645e-05,0.88,True,True,False,False,-2.143654315167609e-08,-4.449857822600501e-08,0.4583064742629539,
mixed|15|0|19,mixed,15,3,19,1.0,0.5,0.15,-0.574681855242939,optimal,False,0.6261756649982999,8,21,650,,,,0.9465327829966554,-0.2452237615812931,-0.41507349430222085,-0.5746819873835103,-0.5746819873835103,21,0,True,ok,True,-1.3214057126287315e-07,-0.5746819873835103,-0.5746819873835103,5.746819873835103e-05,0.86,True,True,False,False,-1.3214057126287315e-07,-2.299369121494405e-07,0.5732878931915355,
mixed|15|0|20,mixed,15,3,20,1.0,0.5,0.15,-0.18290921934136922,optimal,False,0.9554081360038253,16,21,650,,,,2.147861916004331,-0.18290929469640843,-0.18290929469641648,-0.18290929469641926,-0.18290929469642034,4,0,True,ok,True,-7.535504087385902e-08,-0.1829092946964101,-0.18290929469642034,1.8290929469642036e-05,0.57,False,False,False,False,-7.535505111566643e-08,-4.1198060648342133e-07,6.509861600454706e-14,
mixed|15|0|21,mixed,15,3,21,1.0,0.5,0.15,-0.4565640148797476,optimal,False,0.7065377149992855,10,21,650,,,,1.3027183910016902,-0.10324291279082694,-0.4565640382403944,-0.4565640382403944,-0.4565640382403944,5,0,True,ok,True,-2.336064675034777e-08,-0.4565640382403944,-0.4565640382403944,4.565640382403944e-05,0.46,True,False,False,False,-2.336064675034777e-08,-5.116620230462233e-08,0.7738698098327523,
mixed|15|0|22,mixed,15,3,22,1.0,0.5,0.15,-0.5727741496468247,optimal,False,0.4261690819985233,8,21,650,,,,0.6402055619983003,-0.2888203723553674,-0.43564298093394527,-0.5727744180247039,-0.5727744180247039,32,0,True,ok,True,-2.6837787914235633e-07,-0.5727744180247039,-0.5727744180247039,5.727744180247039e-05,0.91,True,True,False,False,-2.6837787914235633e-07,-4.685579461081465e-07,0.49575196924575193,
mixed|15|0|23,mixed,15,3,23,1.0,0.5,0.15,-0.5955573506594224,optimal,False,0.43593248600518564,9,21,650,,,,0.5483829700024216,-0.5955573798145399,-0.5955573798145399,-0.5955573798145399,-0.5955573798145399,12,0,True,ok,True,-2.915511754242317e-08,-0.5955573798145399,-0.5955573798145399,5.9555737981454e-05,0.68,False,False,False,False,-2.915511754242317e-08,-4.895434085422937e-08,0.0,
mixed|15|0|24,mixed,15,3,24,1.0,0.5,0.15,-0.3899610601345709,optimal,False,0.8454287950007711,13,21,650,,,,0.9506817250003223,-0.38996143895953583,-0.38996143895953894,-0.38996143895953894,-0.38996143895953894,21,0,True,ok,True,-3.7882496806140864e-07,-0.38996143895953894,-0.38996143895953894,3.89961438959539e-05,0.69,False,False,False,False,-3.7882496806140864e-07,-9.714430664709976e-07,7.971620161328256e-15,
mixed|15|0|25,mixed,15,3,25,1.0,0.5,0.15,-0.4274528197934946,optimal,False,0.7200973209983204,10,21,650,,,,1.01270804899832,-0.26492774099572625,-0.42745288165180884,-0.42745288165180895,-0.42745288165180895,15,0,True,ok,True,-6.185831435967515e-08,-0.42745288165180895,-0.42745288165180895,4.27452881651809e-05,0.78,True,False,False,False,-6.185831435967515e-08,-1.4471378242295683e-07,0.3802176745844729,
mixed|15|0|26,mixed,15,3,26,1.0,0.5,0.15,-0.3054237771894594,optimal,False,0.5815123299980769,14,21,650,,,,0.6669639109968557,-0.30542402625558784,-0.30542402625558784,-0.30542402625558784,-0.30542402625558784,41,0,True,ok,True,-2.490661284437756e-07,-0.30542402625558784,-0.30542402625558784,3.054240262555879e-05,0.83,False,False,False,False,-2.490661284437756e-07,-8.154772059192883e-07,0.0,
mixed|15|0|27,mixed,15,3,27,1.0,0.5,0.15,-0.42547120340136485,optimal,False,0.4999430450043292,11,21,650,,,,0.6592903900018428,-0.2212208833745576,-0.3138818243473295,-0.42547124276019244,-0.42547124276019244,34,0,True,ok,True,-3.9358827585989076e-08,-0.42547124276019244,-0.42547124276019244,4.254712427601925e-05,0.78,True,True,False,False,-3.9358827585989076e-08,-9.250644290692511e-08,0.48005679081995234,
mixed|15|0|28,mixed,15,3,28,1.0,0.5,0.15,-0.3746971123275548,optimal,False,0.7143867080012569,11,21,650,,,,1.766925429998082,-0.3746974637930576,-0.3746974637930576,-0.3746974637930576,-0.3746974637930576,5,0,True,ok,True,-3.5146550275699795e-07,-0.3746974637930576,-0.3746974637930576,3.746974637930576e-05,0.73,False,False,False,False,-3.5146550275699795e-07,-9.379989628789876e-07,0.0,
mixed|15|0|29,mixed,15,3,29,1.0,0.5,0.15,-0.42532597910771847,optimal,False,0.5112241649985663,12,21,650,,,,0.8207371460011927,-0.42532621335148213,-0.42532621335148213,-0.42532621335148213,-0.42532621335148213,20,0,True,ok,True,-2.342437636637662e-07,-0.42532621335148213,-0.42532621335148213,4.2532621335148214e-05,0.76,False,False,False,False,-2.342437636637662e-07,-5.507393744327134e-07,0.0,
mixed|15|0|30,mixed,15,3,30,1.0,0.5,0.15,-0.5833868548228516,optimal,False,0.44620818799739936,9,21,650,,,,0.5736251210037153,-0.5833868646118058,-0.5833868646118058,-0.5833868646118058,-0.5833868646118058,9,0,True,ok,True,-9.788954202782918e-09,-0.5833868646118058,-0.5833868646118058,5.833868646118058e-05,0.75,False,False,False,False,-9.788954202782918e-09,-1.6779524807351693e-08,0.0,
mixed|15|0|31,mixed,15,3,31,1.0,0.5,0.15,-0.4795539166409299,optimal,False,0.6888087499974063,9,21,650,,,,1.154501799006539,-0.47955408107118347,-0.47955408107118347,-0.47955408107118347,-0.47955408107118347,5,0,True,ok,True,-1.6443025335766137e-07,-0.47955408107118325,-0.47955408107118347,4.795540810711835e-05,0.4,False,False,False,False,-1.6443025357970598e-07,-3.42881682067096e-07,0.0,
mixed|15|0|32,mixed,15,3,32,1.0,0.5,0.15,-0.3982886131909373,optimal,False,0.6897903420031071,9,21,650,,,,1.0006864980023238,-0.39828923849401554,-0.39828923849401554,-0.39828923849401554,-0.39828923849401554,15,0,True,ok,True,-6.25303078150008e-07,-0.39828923849401543,-0.39828923849401554,3.982892384940155e-05,0.67,False,False,False,False,-6.253030782610303e-07,-1.5699747809793988e-06,0.0,
mixed|15|0|33,mixed,15,3,33,1.0,0.5,0.15,0.01069350696096845,optimal,False,0.7237768489940208,10,21,650,,,,0.8323277349991258,0.01069344011428367,0.01069344011428367,0.010693440114283642,0.01069344011428301,1,0,True,ok,True,-6.684668541617755e-08,0.010693440114283035,0.01069344011428301,1.0693440114283011e-06,0.0,False,False,False,False,-6.684668544046368e-08,-6.2511471385819115e-06,6.164479473642101e-14,
mixed|15|0|34,mixed,15,3,34,1.0,0.5,0.15,-0.4272495023987264,optimal,False,0.49495183899853146,10,21,650,,,,1.0677545470025507,-0.2320880193575241,-0.4272495088017103,-0.4272495088017103,-0.4272495088017103,11,0,True,ok,True,-6.402983920850147e-09,-0.4272495088017103,-0.4272495088017103,4.2724950880171036e-05,0.82,True,False,False,False,-6.402983920850147e-09,-1.4986521657489552e-08,0.45678575498318974,
mixed|15|0|35,mixed,15,3,35,1.0,0.5,0.15,-0.6064483569346373,optimal,False,0.542167564999545,9,21,650,,,,0.826815266002086,-0.6064485310270977,-0.6064485310270977,-0.6064485310270977,-0.6064485310270977,5,0,True,ok,True,-1.7409245955946062e-07,-0.6064485310270968,-0.6064485310270977,6.0644853102709776e-05,0.33,False,False,False,False,-1.7409246044763904e-07,-2.870688962331588e-07,0.0,
mixed|15|0|36,mixed,15,3,36,1.0,0.5,0.15,-0.11709258228109858,optimal,False,0.7441530240030261,14,21,650,,,,1.9346856019983534,-0.11709284528785366,-0.11709284528785367,-0.11709284528785367,-0.11709284528785444,4,0,True,ok,True,-2.6300674110801836e-07,-0.11709284528783968,-0.11709284528785444,1.1709284528785445e-05,0.43,False,False,False,False,-2.630067558601068e-07,-2.246143613339392e-06,6.6370931146740255e-15,
mixed|15|0|37,mixed,15,3,37,1.0,0.5,0.15,-0.5101200035745335,optimal,False,0.5295095469991793,9,21,650,,,,1.0782386680002674,-0.24541655490269498,-0.34322859198131694,-0.5101201046949706,-0.5101201046949706,37,0,True,ok,True,-1.0112043713483843e-07,-0.5101201046949706,-0.5101201046949706,5.101201046949706e-05,0.79,True,True,False,False,-1.0112043713483843e-07,-1.9822872348910692e-07,0.5189043665521803,
mixed|15|0|38,mixed,15,3,38,1.0,0.5,0.15,-0.3413324348042215,optimal,False,0.8286377679978614,12,21,650,,,,1.1627547589960159,-0.18102211268483326,-0.18102211268483326,-0.3413325468833559,-0.3413325468833559,4,0,True,ok,True,-1.1207913441779738e-07,-0.3413325468833559,-0.3413325468833559,3.413325468833559e-05,0.73,True,True,False,False,-1.1207913441779738e-07,-3.2835770348658124e-07,0.4696605573136446,
mixed|15|0|39,mixed,15,3,39,1.0,0.5,0.15,-0.08795633375235586,optimal,False,0.8795380680021481,14,21,650,,,,1.840621301002102,-0.0879563520047072,-0.08795635200470919,-0.08795635200471053,-0.08795635200471236,4,0,True,ok,True,-1.8252351782765963e-08,-0.08795635200470764,-0.08795635200471236,8.795635200471237e-06,0.46,False,False,False,False,-1.8252356501213818e-08,-2.0751611308179316e-07,5.869430628762763e-14,
mixed|15|0|40,mixed,15,3,40,1.0,0.5,0.15,-0.29553813380674676,optimal,False,0.748700326999824,18,21,650,,,,0.78354880400002,-0.08931643390119107,-0.15640934920484623,-0.2951132104002703,-0.2951132104002703,25,0,False,ok,False,0.0004249234064767071,-0.29511321040027005,-0.2951132104002703,2.951132104002703e-05,0.97,True,True,False,False,0.0004249234064764851,0.0014377955257521649,0.6973485741961578,
mixed|15|0|41,mixed,15,3,41,1.0,0.5,0.15,-0.1831330714034916,optimal,False,0.8518966619958519,17,21,650,,,,1.324949922003725,-0.09468865220902545,-0.17632996683334523,-0.17632996683334617,-0.17632996683334617,21,0,False,ok,False,0.006803104570145657,-0.17632996683334595,-0.17632996683334617,1.763299668333462e-05,0.84,True,False,False,False,0.006803104570145435,0.03714842173512374,0.46300306232962635,
mixed|15|0|42,mixed,15,3,42,1.0,0.5,0.15,-0.39129944139253375,optimal,False,0.7563579590059817,10,21,650,,,,1.124866029000259,-0.2585609026279849,-0.34287941868277105,-0.3912996244746737,-0.3912996244746737,29,0,True,ok,True,-1.830821399484428e-07,-0.3912996244746737,-0.3912996244746737,3.912996244746737e-05,0.84,True,True,False,False,-1.830821399484428e-07,-4.6788244648880843e-07,0.33922527276864306,
mixed|15|0|43,mixed,15,3,43,1.0,0.5,0.15,-0.4267765188776117,optimal,False,0.45256772299762815,10,21,650,,,,0.5018397249950795,-0.32082812847401787,-0.32082812847401787,-0.42677706241244684,-0.42677706241244684,12,0,True,ok,True,-5.435348351401359e-07,-0.42677706241244684,-0.42677706241244684,4.267770624124468e-05,0.79,True,True,False,False,-5.435348351401359e-07,-1.273581865678996e-06,0.2482535807794599,
mixed|15|0|44,mixed,15,3,44,1.0,0.5,0.15,-0.2934264770648723,optimal,False,0.6132340129988734,17,21,650,,,,0.6550850420026109,-0.2934269710052966,-0.2934269710052967,-0.2934269710052967,-0.2934269710052968,6,0,True,ok,True,-4.939404242843004e-07,-0.2934269710052966,-0.2934269710052968,2.934269710052968e-05,0.36,False,False,False,False,-4.93940424506345e-07,-1.6833532864764008e-06,7.567286816351421e-16,
mixed|15|0|45,mixed,15,3,45,1.0,0.5,0.15,-0.5507965751921522,optimal,False,0.650782184995478,8,21,650,,,,0.9799832150019938,-0.5507966951353471,-0.5507966951353471,-0.5507966951353471,-0.5507966951353471,15,0,True,ok,True,-1.1994319493169314e-07,-0.5507966951353471,-0.5507966951353471,5.507966951353471e-05,0.78,False,False,False,False,-1.1994319493169314e-07,-2.177631458399128e-07,0.0,
mixed|15|0|46,mixed,15,3,46,1.0,0.5,0.15,-0.480406370514116,optimal,False,0.6314916039991658,8,21,650,,,,0.9232016519963508,-0.4804065830906977,-0.4804065830906977,-0.4804065830906977,-0.4804065830906977,21,0,True,ok,True,-2.125765817262426e-07,-0.4804065830906977,-0.4804065830906977,4.8040658309069774e-05,0.65,False,False,False,False,-2.125765817262426e-07,-4.4249326148350145e-07,0.0,
mixed|15|0|47,mixed,15,3,47,1.0,0.5,0.15,-0.5074042136345019,optimal,False,0.46138514099584427,10,21,650,,,,0.49554310699750204,-0.507404257933175,-0.5074042579331762,-0.5074042579331762,-0.5074042579331762,21,0,True,ok,True,-4.429867428434875e-08,-0.5074042579331762,-0.5074042579331762,5.074042579331762e-05,0.88,False,False,False,False,-4.429867428434875e-08,-8.73045061392777e-08,2.4068487955978227e-15,
mixed|15|0|48,mixed,15,3,48,1.0,0.5,0.15,-0.43717283211830227,optimal,False,0.8421585810065153,14,21,650,,,,1.146161894997931,-0.16829761900035653,-0.43717313746009845,-0.43717313746009845,-0.43717313746009845,5,0,True,ok,True,-3.0534179618069146e-07,-0.43717313746009845,-0.43717313746009845,4.3717313746009846e-05,0.69,True,False,False,False,-3.0534179618069146e-07,-6.984464123746456e-07,0.6150321129561228,
mixed|15|0|49,mixed,15,3,49,1.0,0.5,0.15,-0.46961012359474347,optimal,False,0.4372486040010699,9,21,650,,,,0.7826625759989838,-0.3466684832186052,-0.3466684832186052,-0.4696101411864364,-0.4696101411864364,15,0,True,ok,True,-1.759169282466999e-08,-0.4696101411864363,-0.4696101411864364,4.6961014118643646e-05,0.8,True,True,False,False,-1.7591692935692294e-08,-3.7460208057340107e-08,0.261795151308334,
mixed|30|0|0,mixed,30,6,0,1.0,0.5,0.15,-0.5217141734162659,optimal,False,1.1887534909983515,10,28,1440,,,,1.5219899699950474,-0.35987313309082847,-0.35987313309082847,-0.35987313309082847,-0.5217142993970881,14,0,True,ok,True,-1.2598082133052912e-07,-0.5217142993970872,-0.5217142993970881,5.2171429939708813e-05,0.88,True,True,True,False,-1.2598082221870754e-07,-2.4147479336006044e-07,0.3102103325388803,
mixed|30|0|1,mixed,30,6,1,1.0,0.5,0.15,-0.511937012919445,optimal,False,2.006338899002003,11,28,1440,,,,2.1150359500024933,-0.3089896572743517,-0.5119370938173051,-0.5119370938173051,-0.5119370938173051,43,0,True,ok,True,-8.08978598554333e-08,-0.5119370938173049,-0.5119370938173051,5.119370938173052e-05,0.84,True,False,False,False,-8.08978600774779e-08,-1.5802307322171965e-07,0.3964304188814637,
mixed|30|0|2,mixed,30,6,2,1.0,0.5,0.15,-0.6102250221998279,optimal,False,1.2816517259998363,10,28,1440,,,,1.207049281001673,-0.6102251286599556,-0.6102251286599556,-0.6102251286599556,-0.6102251286599556,22,0,True,ok,True,-1.064601261591136e-07,-0.610225128659954,-0.6102251286599556,6.102251286599556e-05,0.78,False,False,False,False,-1.0646012771342583e-07,-1.7446044301763124e-07,0.0,
mixed|30|0|3,mixed,30,6,3,1.0,0.5,0.15,-0.4592968475339989,optimal,False,2.223062924997066,11,28,1440,,,,1.8010842090006918,-0.2217998660730084,-0.2760177099643477,-0.4592969243882383,-0.4592969243882383,36,0,True,ok,True,-7.68542394169458e-08,-0.4592969243882383,-0.4592969243882383,4.5929692438823836e-05,0.84,True,True,False,False,-7.68542394169458e-08,-1.6733021319345492e-07,0.5170882836447571,
mixed|30|0|4,mixed,30,6,4,1.0,0.5,0.15,-0.3168178459506574,optimal_inaccurate,True,2.3225805569963995,22,28,1440,,,,1.3566857169935247,-0.19067487419249907,-0.21332242123620682,-0.3168193301021536,-0.3168193301021536,17,0,True,ok,True,-1.4841514962005142e-06,-0.3168193301021536,-0.3168193301021536,3.1681933010215356e-05,0.79,True,True,False,False,-1.4841514962005142e-06,-4.684557751938199e-06,0.3981589629300117,
mixed|30|0|5,mixed,30,6,5,1.0,0.5,0.15,-0.5367471619415741,optimal,False,1.9566660990021774,9,28,1440,,,,1.865436124993721,-0.12928669089707243,-0.5367473412490507,-0.5367473412490507,-0.5367473412490507,6,0,True,ok,True,-1.7930747642225242e-07,-0.5367473412490505,-0.5367473412490507,5.367473412490507e-05,0.66,True,False,False,False,-1.7930747653327472e-07,-3.340632037711504e-07,0.7591293315096582,
mixed|30|0|6,mixed,30,6,6,1.0,0.5,0.15,-0.6420492885616901,optimal,False,1.4203123789993697,10,28,1440,,,,1.5290500430055545,-0.1934106044172068,-0.3091872444956014,-0.6420494178406851,-0.6420494178406851,42,0,True,ok,True,-1.2927899506465224e-07,-0.6420494178406851,-0.6420494178406851,6.420494178406852e-05,0.72,True,True,False,False,-1.2927899506465224e-07,-2.0135369257126855e-07,0.6987605641514674,
mixed|30|0|7,mixed,30,6,7,1.0,0.5,0.15,-0.6246283186662034,optimal,False,2.022230878996197,10,28,1440,,,,1.7135487029954675,-0.22688930183083378,-0.48074875257853567,-0.6246283894330317,-0.6246283894330328,39,0,True,ok,True,-7.076682873030649e-08,-0.6246283894330321,-0.6246283894330328,6.246283894330328e-05,0.91,True,True,False,False,-7.07668293964403e-08,-1.1329430203797333e-07,0.6367611436348926,
mixed|30|0|8,mixed,30,6,8,1.0,0.5,0.15,-0.612183998209739,optimal,False,1.9648516469969763,10,28,1440,,,,1.5847298459993908,-0.6121840358883182,-0.6121840358883182,-0.6121840358883182,-0.6121840358883182,12,0,True,ok,True,-3.7678579145605795e-08,-0.6121840358883182,-0.6121840358883182,6.121840358883182e-05,0.82,False,False,False,False,-3.7678579145605795e-08,-6.154780140577412e-08,0.0,
mixed|30|0|9,mixed,30,6,9,1.0,0.5,0.15,-0.39015283679513757,optimal,False,1.3858811460013385,11,28,1440,,,,1.7220207099962863,-0.1546192078459554,-0.39015300125365504,-0.39015300125365504,-0.39015300125365504,17,0,True,ok,True,-1.6445851747093343e-07,-0.39015300125365504,-0.39015300125365504,3.90153001253655e-05,0.71,True,False,False,False,-1.6445851747093343e-07,-4.215233158929656e-07,0.6036959670971982,
mixed|30|0|10,mixed,30,6,10,1.0,0.5,0.15,-0.5281941029492104,optimal,False,2.0282084499995108,10,28,1440,,,,2.1941376519971527,-0.07822983620634796,-0.29571071232499085,-0.5281941751217686,-0.5281941751217686,18,0,True,ok,True,-7.217255815206158e-08,-0.5281941751217686,-0.5281941751217686,5.281941751217686e-05,0.85,True,True,False,False,-7.217255815206158e-08,-1.3664021947439553e-07,0.8518918990571734,
mixed|30|0|11,mixed,30,6,11,1.0,0.5,0.15,-0.33358525635785374,optimal,False,1.8983850459990208,15,28,1440,,,,1.556942577000882,-0.12760092970556214,-0.33358598593933353,-0.33358598593933353,-0.33358598593933353,18,0,True,ok,True,-7.295814797858569e-07,-0.33358598593933353,-0.33358598593933353,3.3358598593933354e-05,0.86,True,False,False,False,-7.295814797858569e-07,-2.1870915032383745e-06,0.6174871394964181,
mixed|30|0|12,mixed,30,6,12,1.0,0.5,0.15,-0.36937792535266223,optimal,False,2.396275892999256,14,28,1440,,,,1.8857820960038225,-0.13878204566593336,-0.36937819311265274,-0.36937819311265274,-0.36937819311265274,5,0,True,ok,True,-2.6775999051320554e-07,-0.36937819311265274,-0.36937819311265274,3.693781931126528e-05,0.55,True,False,False,False,-2.6775999051320554e-07,-7.248944025487247e-07,0.624281973723317,
mixed|30|0|13,mixed,30,6,13,1.0,0.5,0.15,-0.6358711280349661,optimal,False,1.902667273003317,9,28,1440,,,,1.5652867679964402,-0.6358716220144672,-0.6358716220144672,-0.6358716220144672,-0.6358716220144672,15,0,True,ok,True,-4.939795009706316e-07,-0.6358716220144671,-0.6358716220144672,6.358716220144673e-05,0.79,False,False,False,False,-4.939795010816539e-07,-7.768547419477902e-07,0.0,
mixed|30|0|14,mixed,30,6,14,1.0,0.5,0.15,-0.447589726419589,optimal,False,2.1388472840044415,12,28,1440,,,,1.6512571280036354,-0.4475898629819658,-0.4475898629819658,-0.4475898629819658,-0.4475898629819658,45,0,True,ok,True,-1.3656237668469018e-07,-0.4475898629819657,-0.4475898629819658,4.475898629819658e-05,0.82,False,False,False,False,-1.3656237679571248e-07,-3.0510614684594727e-07,0.0,
mixed|30|0|15,mixed,30,6,15,1.0,0.5,0.15,-0.21844443657379567,optimal,False,3.029859000002034,19,28,1440,,,,2.3330971469986252,-0.1842732671272569,-0.1842732671272569,-0.21424904396215827,-0.21424904396216016,45,0,False,ok,False,0.004171686270486613,-0.21427275030330906,-0.21424904396216016,2.1424904396216015e-05,0.85,True,True,False,False,0.004195392611635512,0.019205765445155707,0.1399109012602991,
mixed|30|0|16,mixed,30,6,16,1.0,0.5,0.15,-0.5736574844192184,optimal_inaccurate,True,1.5885617550011375,10,28,1440,,,,1.617524166998919,-0.4521097002870129,-0.5736584039897624,-0.5736584039897624,-0.5736584039897624,21,0,True,ok,True,-9.195705440445678e-07,-0.5736584039897624,-0.5736584039897624,5.7365840398976244e-05,0.72,True,False,False,False,-9.195705440445678e-07,-1.602995810253497e-06,0.21188341852465684,
mixed|30|0|17,mixed,30,6,17,1.0,0.5,0.15,-0.6451652782050594,optimal,False,2.0179785620057373,10,28,1440,,,,2.16683049799758,-0.3697758035369525,-0.625849880022676,-0.6451653120502178,-0.6451653120502178,40,0,True,ok,True,-3.3845158342593606e-08,-0.6451653120502178,-0.6451653120502178,6.451653120502177e-05,0.86,True,True,False,False,-3.3845158342593606e-08,-5.245967116636469e-08,0.4268510773434604,
mixed|30|0|18,mixed,30,6,18,1.0,0.5,0.15,-0.46343884715948835,optimal,False,1.5196956660001888,11,28,1440,,,,0.9795462659967598,-0.3475471090020694,-0.418051165886802,-0.4634388744764085,-0.4634388744764085,41,0,True,ok,True,-2.7316920170328274e-08,-0.4634388744764085,-0.4634388744764085,4.634388744764085e-05,0.9,True,True,False,False,-2.7316920170328274e-08,-5.894395849152326e-08,0.25006915012313796,
mixed|30|0|19,mixed,30,6,19,1.0,0.5,0.15,-0.5752735222415889,optimal,False,1.4021273589969496,10,28,1440,,,,1.3065823889992316,-0.5542083046610342,-0.5542083046610342,-0.5542083046610342,-0.5752735685568185,23,0,True,ok,True,-4.631522965148349e-08,-0.5752735685568185,-0.5752735685568185,5.752735685568186e-05,0.81,True,True,True,False,-4.631522965148349e-08,-8.05099276445287e-08,0.036617819846356744,
mixed|30|0|20,mixed,30,6,20,1.0,0.5,0.15,-0.3508828421551426,optimal,False,2.3901127930002986,14,28,1440,,,,2.1764496940013487,-0.2202395482772166,-0.3508830945087692,-0.3508830945087692,-0.3508830945087692,24,0,True,ok,True,-2.5235362660636085e-07,-0.3508830945087692,-0.3508830945087692,3.5088309450876924e-05,0.73,True,False,False,False,-2.5235362660636085e-07,-7.191962566661577e-07,0.3723278444475973,
mixed|30|0|21,mixed,30,6,21,1.0,0.5,0.15,-0.6524945283742178,optimal,False,1.7302267690029112,10,28,1440,,,,1.0494601739992504,-0.2611182219854058,-0.652494624594664,-0.652494624594664,-0.652494624594664,38,0,True,ok,True,-9.622044494506099e-08,-0.6524946245946628,-0.652494624594664,6.52494624594664e-05,0.83,True,False,False,False,-9.622044616630632e-08,-1.4746552190415011e-07,0.5998155200931885,
mixed|30|0|22,mixed,30,6,22,1.0,0.5,0.15,-0.7758029040629966,optimal,False,1.5487417100011953,9,28,1440,,,,1.2990001650032355,-0.7758029341285424,-0.7758029341285424,-0.7758029341285424,-0.7758029341285424,23,0,True,ok,True,-3.0065545830737506e-08,-0.7758029341285424,-0.7758029341285424,7.758029341285425e-05,0.72,False,False,False,False,-3.0065545830737506e-08,-3.875410323070424e-08,0.0,
mixed|30|0|23,mixed,30,6,23,1.0,0.5,0.15,-0.4859018499475653,optimal,False,1.3193317790064611,10,28,1440,,,,2.204594915994676,-0.4859018623187641,-0.4859018623187641,-0.4859018623187641,-0.4859018623187641,6,0,True,ok,True,-1.2371198787608506e-08,-0.4859018623187641,-0.4859018623187641,4.859018623187641e-05,0.63,False,False,False,False,-1.2371198787608506e-08,-2.5460283365752792e-08,0.0,
mixed|30|0|24,mixed,30,6,24,1.0,0.5,0.15,-0.5788649350454456,optimal,False,1.9118876560023637,10,28,1440,,,,1.901769071999297,-0.35450386489176466,-0.5788650012292036,-0.5788650012292036,-0.5788650012292036,16,0,True,ok,True,-6.618375802958099e-08,-0.5788650012292036,-0.5788650012292036,5.788650012292036e-05,0.78,True,False,False,False,-6.618375802958099e-08,-1.1433367962491117e-07,0.3875880142365048,
mixed|30|0|25,mixed,30,6,25,1.0,0.5,0.15,-0.7377450408791937,optimal,False,1.2316150050028227,9,28,1440,,,,0.9734120950015495,-0.737745371304285,-0.737745371304285,-0.737745371304285,-0.737745371304285,24,0,True,ok,True,-3.304250912883333e-07,-0.737745371304285,-0.737745371304285,7.37745371304285e-05,0.85,False,False,False,False,-3.304250912883333e-07,-4.4788520827541647e-07,0.0,
mixed|30|0|26,mixed,30,6,26,1.0,0.5,0.15,-0.3892261910275164,optimal,False,2.245277583002462,14,28,1440,,,,2.057583235997299,-0.1684755922457396,-0.23630663193836998,-0.38922641275266145,-0.38922641275266145,36,0,True,ok,True,-2.2172514507756702e-07,-0.38922641275266145,-0.38922641275266145,3.892264127526615e-05,0.81,True,True,False,False,-2.2172514507756702e-07,-5.696562826161206e-07,0.5671527246718495,
mixed|30|0|27,mixed,30,6,27,1.0,0.5,0.15,-0.5779386605068142,optimal,False,1.3067067319934722,9,28,1440,,,,1.0595929560004151,-0.5779389419399334,-0.5779389419399347,-0.5779389419399347,-0.5779389419399347,11,0,True,ok,True,-2.814331200307052e-07,-0.5779389419399342,-0.5779389419399347,5.779389419399347e-05,0.76,False,False,False,False,-2.814331204747944e-07,-4.869601909448247e-07,2.1131044102831825e-15,
mixed|30|0|28,mixed,30,6,28,1.0,0.5,0.15,-0.4406176707008818,optimal,False,2.180992084002355,11,28,1440,,,,1.7568130959989503,-0.23721446404677993,-0.3914294359009819,-0.44061777993709184,-0.44061777993709184,29,0,True,ok,True,-1.0923621002190131e-07,-0.44061777993709184,-0.44061777993709184,4.4061777993709187e-05,0.9,True,True,False,False,-1.0923621002190131e-07,-2.479160898112448e-07,0.4616321109859714,
mixed|30|0|29,mixed,30,6,29,1.0,0.5,0.15,-0.61827410257422,optimal,False,1.7679634260057355,9,28,1440,,,,1.2232499069941696,-0.06465563972316143,-0.40186221715206427,-0.6182741631435287,-0.6182741631435287,20,0,True,ok,True,-6.056930867970323e-08,-0.6182741631435287,-0.6182741631435287,6.182741631435287e-05,0.65,True,True,False,False,-6.056930867970323e-08,-9.796513945436079e-08,0.8954256160496359,
mixed|30|0|30,mixed,30,6,30,1.0,0.5,0.15,-0.6565882546059456,optimal,False,1.444603363997885,10,28,1440,,,,1.35170704099437,-0.23066390771847556,-0.48808543510790114,-0.6565882950412724,-0.6565882950412724,35,0,True,ok,True,-4.0435326753573975e-08,-0.6565882950412724,-0.6565882950412724,6.565882950412724e-05,0.87,True,True,False,False,-4.0435326753573975e-08,-6.158399342346052e-08,0.6486932382734963,
mixed|30|0|31,mixed,30,6,31,1.0,0.5,0.15,-0.6317710125424602,optimal,False,2.044458546995884,10,28,1440,,,,1.8028935049951542,-0.17267917602818428,-0.5598915800893648,-0.6317711153585137,-0.6317711153585137,27,0,True,ok,True,-1.0281605278272821e-07,-0.6317711153585129,-0.6317711153585137,6.317711153585138e-05,0.85,True,True,False,False,-1.0281605355988432e-07,-1.6274259426072394e-07,0.7266744682839871,
mixed|30|0|32,mixed,30,6,32,1.0,0.5,0.15,-0.37122573579497004,optimal,False,2.7497262280012364,16,28,1440,,,,2.4773240290014655,-0.2596065431084793,-0.37122598477350754,-0.37122598477350754,-0.37122598477350754,26,0,True,ok,True,-2.489785375092701e-07,-0.37122598477350754,-0.37122598477350754,3.7122598477350754e-05,0.83,True,False,False,False,-2.489785375092701e-07,-6.706930945293683e-07,0.3006778788212509,
mixed|30|0|33,mixed,30,6,33,1.0,0.5,0.15,-0.49486613864143414,optimal,False,2.192220382996311,11,28,1440,,,,1.9170805460016709,-0.17188046761178366,-0.4948662574160084,-0.4948662574160084,-0.4948662574160084,40,0,True,ok,True,-1.18774574286995e-07,-0.4948662574160084,-0.4948662574160084,4.948662574160084e-05,0.77,True,False,False,False,-1.18774574286995e-07,-2.4001354106197123e-07,0.6526728888138909,
mixed|30|0|34,mixed,30,6,34,1.0,0.5,0.15,-0.7505286011453296,optimal,False,1.367774892001762,9,28,1440,,,,0.7989989619964035,-0.24637459663856542,-0.7505287628451913,-0.7505287628451927,-0.7505287628451927,7,0,True,ok,True,-1.6169985883607296e-07,-0.7505287628451884,-0.7505287628451927,7.505287628451927e-05,0.6,True,False,False,False,-1.6169986305492046e-07,-2.1544796934875169e-07,0.6717319723969277,
mixed|30|0|35,mixed,30,6,35,1.0,0.5,0.15,-0.3900568613474903,optimal,False,1.5804849569976795,13,28,1440,,,,1.192676496997592,-0.39005741524815996,-0.39005741524815996,-0.39005741524815996,-0.39005741524815996,16,0,True,ok,True,-5.53900669664209e-07,-0.39005741524815996,-0.39005741524815996,3.9005741524816e-05,0.53,False,False,False,False,-5.53900669664209e-07,-1.4200510862716373e-06,0.0,
mixed|30|0|36,mixed,30,6,36,1.0,0.5,0.15,-0.45665068311574064,optimal,False,2.099170380999567,11,28,1440,,,,2.3575670830032323,-0.4566508158883589,-0.4566508158883589,-0.4566508158883589,-0.4566508158883589,45,0,True,ok,True,-1.3277261812216778e-07,-0.45665081588835876,-0.4566508158883589,4.566508158883589e-05,0.82,False,False,False,False,-1.327726182331901e-07,-2.9075313613302565e-07,0.0,
mixed|30|0|37,mixed,30,6,37,1.0,0.5,0.15,-0.6761048608540321,optimal,False,1.8867815930061624,9,28,1440,,,,1.6537641869945219,-0.1748132976020242,-0.6761052789709663,-0.6761052789709663,-0.6761052789709663,12,0,True,ok,True,-4.1811693407556305e-07,-0.6761052789709662,-0.6761052789709663,6.761052789709663e-05,0.65,True,False,False,False,-4.1811693418658535e-07,-6.184202457270232e-07,0.7414407148719642,
mixed|30|0|38,mixed,30,6,38,1.0,0.5,0.15,-0.5667045099200179,optimal,False,1.2933504629982053,10,28,1440,,,,1.285275668000395,-0.5667046190491716,-0.5667046190491716,-0.5667046190491716,-0.5667046190491716,42,0,True,ok,True,-1.0912915371363852e-07,-0.5667046190491716,-0.5667046190491716,5.667046190491716e-05,0.93,False,False,False,False,-1.0912915371363852e-07,-1.925679993777366e-07,0.0,
mixed|30|0|39,mixed,30,6,39,1.0,0.5,0.15,-0.26345830898535905,optimal,False,1.9829219379971619,18,28,1440,,,,1.467126613999426,-0.13454868635607475,-0.26345861691667305,-0.26345861691667305,-0.26345861691667305,21,0,True,ok,True,-3.079313140030848e-07,-0.26345861691667305,-0.26345861691667305,2.6345861691667306e-05,0.87,True,False,False,False,-3.079313140030848e-07,-1.1688047159681618e-06,0.4892985929603132,
mixed|30|0|40,mixed,30,6,40,1.0,0.5,0.15,-0.3554873482832591,optimal,False,2.187749672004429,12,28,1440,,,,1.6527635239981464,-0.21184472328571358,-0.26779462264820153,-0.35548755831334866,-0.35548755831334866,10,0,True,ok,True,-2.1003008954245672e-07,-0.35548755831334866,-0.35548755831334866,3.554875583133487e-05,0.84,True,True,False,False,-2.1003008954245672e-07,-5.90822966152654e-07,0.40407274929441955,
mixed|30|0|41,mixed,30,6,41,1.0,0.5,0.15,-0.6542508074119782,optimal,False,1.8745794409987866,9,28,1440,,,,1.7991514919995097,-0.17578844058404464,-0.39426842052602884,-0.5117445159107886,-0.65425104644052,18,0,True,ok,True,-2.390285418485405e-07,-0.65425104644052,-0.65425104644052,6.5425104644052e-05,0.88,True,True,True,False,-2.390285418485405e-07,-3.653469573756682e-07,0.7313134743300314,
mixed|30|0|42,mixed,30,6,42,1.0,0.5,0.15,-0.4218116921861097,optimal,False,1.4485707100029686,11,28,1440,,,,2.34649441500369,-0.4218122416722796,-0.4218122416722797,-0.4218122416722797,-0.4218122416722797,20,0,True,ok,True,-5.494861698984721e-07,-0.4218122416722796,-0.4218122416722797,4.2181224167227974e-05,0.81,False,False,False,False,-5.494861700094944e-07,-1.302681220526843e-06,2.6320313043160246e-16,
mixed|30|0|43,mixed,30,6,43,1.0,0.5,0.15,-0.49581312528047805,optimal,False,1.858978030999424,12,28,1440,,,,1.015997275004338,-0.4958132988263012,-0.4958132988263012,-0.4958132988263012,-0.4958132988263012,25,0,True,ok,True,-1.7354582315665112e-07,-0.4958132988263012,-0.4958132988263012,4.958132988263012e-05,0.68,False,False,False,False,-1.7354582315665112e-07,-3.500226482678881e-07,0.0,
mixed|30|0|44,mixed,30,6,44,1.0,0.5,0.15,-0.4605165807552107,optimal,False,2.0842246639949735,11,28,1440,,,,2.2510598660010146,-0.46051668306985527,-0.46051668306985527,-0.46051668306985527,-0.46051668306985527,29,0,True,ok,True,-1.0231464458998474e-07,-0.46051668306985527,-0.46051668306985527,4.605166830698553e-05,0.76,False,False,False,False,-1.0231464458998474e-07,-2.2217363905159903e-07,0.0,
mixed|30|0|45,mixed,30,6,45,1.0,0.5,0.15,-0.5001672899702955,optimal,False,1.3296360399981495,11,28,1440,,,,1.2666213820048142,-0.27693309702327384,-0.4403961151602256,-0.500167328507479,-0.500167328507479,20,0,True,ok,True,-3.853718355539826e-08,-0.500167328507479,-0.500167328507479,5.0016732850747904e-05,0.87,True,True,False,False,-3.853718355539826e-08,-7.704858819873437e-08,0.44631909915096973,
mixed|30|0|46,mixed,30,6,46,1.0,0.5,0.15,-0.3304927820793672,optimal,False,3.042311339995649,18,28,1440,,,,1.6491359290012042,-0.0814819657742315,-0.30873214855788367,-0.32898602338503524,-0.32898602338503524,31,0,False,ok,False,0.0015067586943319777,-0.32898602338503524,-0.32898602338503524,3.2898602338503527e-05,0.87,True,True,False,False,0.0015067586943319777,0.004559127388053311,0.7523239287315635,
mixed|30|0|47,mixed,30,6,47,1.0,0.5,0.15,-0.4773926339874684,optimal,False,2.2509101139949053,12,28,1440,,,,1.9686074109995388,-0.47739271557203533,-0.47739271557203533,-0.47739271557203533,-0.47739271557203533,13,0,True,ok,True,-8.158456693552196e-08,-0.47739271557203533,-0.47739271557203533,4.7739271557203534e-05,0.62,False,False,False,False,-8.158456693552196e-08,-1.708961578524556e-07,0.0,
mixed|30|0|48,mixed,30,6,48,1.0,0.5,0.15,-0.4795677814017918,optimal,False,1.512141364000854,11,28,1440,,,,1.332218899995496,-0.4795680580534253,-0.4795680580534256,-0.4795680580534256,-0.4795680580534256,33,0,True,ok,True,-2.7665163382373237e-07,-0.4795680580534256,-0.4795680580534256,4.795680580534256e-05,0.74,False,False,False,False,-2.7665163382373237e-07,-5.768770225036196e-07,6.945143693253275e-16,
mixed|30|0|49,mixed,30,6,49,1.0,0.5,0.15,-0.78178899441449,optimal,False,1.8786606829962693,8,28,1440,,,,1.4535778329955065,-0.7817894266315274,-0.7817894266315274,-0.7817894266315274,-0.7817894266315274,4,0,True,ok,True,-4.3221703738272055e-07,-0.7817894266315274,-0.7817894266315274,7.817894266315275e-05,0.21,False,False,False,False,-4.3221703738272055e-07,-5.528563851252773e-07,0.0,
mixed|50|0|0,mixed,50,10,0,1.0,0.5,0.15,-0.46491901938807767,optimal,False,58.35807056899648,11,66,3051,,,,12.344608036000864,-0.4034993296551862,-0.4649190790265533,-0.4649190790265533,-0.4649190790265533,34,0,True,ok,True,-5.96384756024193e-08,-0.4649190790265533,-0.4649190790265533,4.649190790265533e-05,0.88,True,False,False,False,-5.96384756024193e-08,-1.282771259410186e-07,0.13210847251088864,
mixed|50|0|1,mixed,50,10,1,1.0,0.5,0.15,-0.5534712199422556,optimal_inaccurate,True,56.47297582300234,11,66,3051,,,,10.012802780001948,-0.2107506152224201,-0.39679065754615517,-0.5534735964499775,-0.5534735964499775,61,0,True,ok,True,-2.376507721946197e-06,-0.5534735964499775,-0.5534735964499775,5.5347359644997753e-05,0.9,True,True,False,False,-2.376507721946197e-06,-4.293823484072291e-06,0.6192219166836668,
mixed|50|0|2,mixed,50,10,2,1.0,0.5,0.15,-0.4644432181598662,optimal,False,57.87770577400079,11,66,3051,,,,7.570308242000465,-0.36252578438794125,-0.464443551740537,-0.464443551740537,-0.464443551740537,17,0,True,ok,True,-3.335806705306865e-07,-0.46444355174053675,-0.464443551740537,4.64443551740537e-05,0.85,True,False,False,False,-3.335806707527311e-07,-7.182377903468689e-07,0.2194405907255064,
mixed|50|0|3,mixed,50,10,3,1.0,0.5,0.15,-0.6024423062277514,optimal,False,54.22867549700459,11,66,3051,,,,10.597702465005568,-0.6024423530632915,-0.6024423530632915,-0.6024423530632915,-0.6024423530632915,42,0,True,ok,True,-4.6835539446732355e-08,-0.6024423530632909,-0.6024423530632915,6.024423530632916e-05,0.92,False,False,False,False,-4.683554011286617e-08,-7.774278072556237e-08,0.0,
mixed|50|0|4,mixed,50,10,4,1.0,0.5,0.15,-0.7325951586485538,optimal,False,57.167605255002854,10,66,3051,,,,13.337870413000928,-0.5049189710325279,-0.5049189710325279,-0.7325954787660839,-0.7325954787660846,39,0,True,ok,True,-3.201175307054882e-07,-0.7325954787660846,-0.7325954787660846,7.325954787660846e-05,0.92,True,True,False,False,-3.201175307054882e-07,-4.369637540275603e-07,0.3107806618149401,
mixed|50|0|5,mixed,50,10,5,1.0,0.5,0.15,-0.4291222324660721,optimal,False,69.1482376519998,11,66,3051,,,,16.05627001800167,-0.10913530832398866,-0.42912238173424133,-0.42912238173424133,-0.42912238173424133,34,0,True,ok,True,-1.4926816921390085e-07,-0.42912238173424133,-0.42912238173424133,4.291223817342414e-05,0.73,True,False,False,False,-1.4926816921390085e-07,-3.478453408393435e-07,0.7456778929056724,
mixed|50|0|6,mixed,50,10,6,1.0,0.5,0.15,-0.6289042606135423,optimal,False,62.32238038799551,10,66,3051,,,,9.478153389005456,-0.5236640070437997,-0.5236640070437997,-0.6289046527124824,-0.6289046527124824,49,0,True,ok,True,-3.9209894009406554e-07,-0.6289046527124824,-0.6289046527124824,6.289046527124825e-05,0.89,True,True,False,False,-3.9209894009406554e-07,-6.234636408911338e-07,0.16733958830607637,
mixed|50|0|7,mixed,50,10,7,1.0,0.5,0.15,-0.7268891422091092,optimal,False,63.61850997200236,10,66,3051,,,,9.046689596005308,-0.72688929372862,-0.7268892937286202,-0.7268892937286202,-0.7268892937286202,23,0,True,ok,True,-1.515195074963671e-07,-0.7268892937286167,-0.7268892937286202,7.268892937286203e-05,0.87,False,False,False,False,-1.515195110490808e-07,-2.0844926997890434e-07,3.0547238326491343e-16,
mixed|50|0|8,mixed,50,10,8,1.0,0.5,0.15,-0.6483052977044057,optimal,False,55.75613754599908,10,66,3051,,,,12.067085394002788,-0.440466566119603,-0.6483057487834248,-0.6483057487834248,-0.6483057487834248,27,0,True,ok,True,-4.5107901913699067e-07,-0.6483057487834248,-0.6483057487834248,6.483057487834248e-05,0.74,True,False,False,False,-4.5107901913699067e-07,-6.957817878925614e-07,0.32058821482586186,
mixed|50|0|9,mixed,50,10,9,1.0,0.5,0.15,-0.5582506514369319,optimal,False,60.721121212998696,10,66,3051,,,,14.166347113001393,-0.31479181477726614,-0.5298470629322072,-0.5582511282206964,-0.5582511282206964,43,0,True,ok,True,-4.767837642472017e-07,-0.5582511282206961,-0.5582511282206964,5.582511282206965e-05,0.91,True,True,False,False,-4.767837645802686e-07,-8.540675471726396e-07,0.43611074144964773,
mixed|50|0|10,mixed,50,10,10,1.0,0.5,0.15,-0.5704294709638883,optimal,False,70.37109198399412,11,66,3051,,,,13.323002457000257,-0.21933559709178338,-0.5423966257884177,-0.5704294908859957,-0.5704294908859957,22,0,True,ok,True,-1.9922107408198997e-08,-0.5704294908859957,-0.5704294908859957,5.7042949088599575e-05,0.96,True,True,False,False,-1.9922107408198997e-08,-3.492475130104242e-08,0.61549043204076,
mixed|50|0|11,mixed,50,10,11,1.0,0.5,0.15,-0.5754549663772567,optimal_inaccurate,True,63.72095472999354,11,66,3051,,,,11.157943396996416,-0.572148527036676,-0.572148527036676,-0.572148527036676,-0.5754572164835885,40,0,True,ok,True,-2.2501063318136616e-06,-0.5754572164835885,-0.5754572164835885,5.754572164835885e-05,0.95,True,True,True,False,-2.2501063318136616e-06,-3.910134525346224e-06,0.005749670613448461,
mixed|50|0|12,mixed,50,10,12,1.0,0.5,0.15,-0.5043262039720415,optimal,False,74.9622512700007,11,66,3051,,,,8.856400421005674,-0.4993960227892472,-0.4993960227892472,-0.5043267613355713,-0.5043267613355713,37,0,False,ok,True,-5.573635294409129e-07,-0.504326761335571,-0.5043267613355713,5.043267613355713e-05,0.95,True,True,False,False,-5.573635297739798e-07,-1.1051647235147007e-06,0.009776872703059375,
mixed|50|0|13,mixed,50,10,13,1.0,0.5,0.15,-0.4085956128845746,optimal,False,73.43508315399959,12,66,3051,,,,18.830339815001935,-0.16053388931986573,-0.16053388931986573,-0.4085960581150536,-0.4085960581150536,41,0,True,ok,True,-4.452304790403261e-07,-0.4085960581150536,-0.4085960581150536,4.085960581150536e-05,0.78,True,True,False,False,-4.452304790403261e-07,-1.0896604491103545e-06,0.6071085706003994,
mixed|50|0|14,mixed,50,10,14,1.0,0.5,0.15,-0.7585627570385,optimal,False,70.90140812499885,10,66,3051,,,,6.081095015004394,-0.33344431092740623,-0.6146825171431538,-0.7585628414341783,-0.7585628414341783,16,0,True,ok,True,-8.43956783347366e-08,-0.7585628414341783,-0.7585628414341783,7.585628414341783e-05,0.82,True,True,False,False,-8.43956783347366e-08,-1.1125734496144423e-07,0.5604262524948109,
mixed|50|0|15,mixed,50,10,15,1.0,0.5,0.15,-0.6098230040615654,optimal,False,65.99429825600237,10,66,3051,,,,11.876480462000472,-0.34661029450990943,-0.6098232734615581,-0.6098232734615583,-0.6098232734615583,34,0,True,ok,True,-2.693999927583235e-07,-0.6098232734615582,-0.6098232734615583,6.098232734615583e-05,0.9,True,False,False,False,-2.693999928693458e-07,-4.417675146314228e-07,0.43162173437160745,
mixed|50|0|16,mixed,50,10,16,1.0,0.5,0.15,-0.5953381251680986,optimal,False,61.55135791100474,10,66,3051,,,,11.77537861300516,-0.5523759730773328,-0.5523759730773328,-0.5523759730773328,-0.5953383448690672,38,0,True,ok,True,-2.1970096830692398e-07,-0.5953383448690669,-0.5953383448690672,5.953383448690673e-05,0.93,True,True,True,False,-2.197009686399909e-07,-3.6903561077657594e-07,0.07216463068775315,
mixed|50|0|17,mixed,50,10,17,1.0,0.5,0.15,-0.31553230947611655,optimal_inaccurate,True,115.00262163399748,21,66,3051,,,,18.032963630001177,-0.16866691352393193,-0.27833220548094983,-0.31450779680503116,-0.3145102082896518,25,0,False,ok,False,0.001022101186464952,-0.3145102082896516,-0.3145102082896518,3.145102082896518e-05,0.66,True,True,False,False,0.00102210118646473,0.0032392916850947574,0.46371561533355327,
mixed|50|0|18,mixed,50,10,18,1.0,0.5,0.15,-0.4399822488470217,optimal,False,85.26371651600493,14,66,3051,,,,13.075517981997109,-0.2055820439103937,-0.43070255386957235,-0.4399831935469991,-0.4399831935469991,36,0,True,ok,True,-9.44699977412089e-07,-0.4399831935469991,-0.4399831935469991,4.399831935469991e-05,0.9,True,True,False,False,-9.44699977412089e-07,-2.14713202609352e-06,0.5327502347236057,
mixed|50|0|19,mixed,50,10,19,1.0,0.5,0.15,-0.6188173116452401,optimal,False,58.2033221649981,10,66,3051,,,,11.031066707000718,-0.3208856130742429,-0.5012036528522392,-0.6188174157535025,-0.6188174157535025,26,0,True,ok,True,-1.0410826234430459e-07,-0.6188174157535025,-0.6188174157535025,6.188174157535025e-05,0.9,True,True,False,False,-1.0410826234430459e-07,-1.682374755604583e-07,0.4814534870782251,
mixed|50|0|20,mixed,50,10,20,1.0,0.5,0.15,-0.5139817507721186,optimal,False,68.85971661799704,11,66,3051,,,,9.936651486998016,-0.23866657541902325,-0.3136840313510241,-0.5139818801820318,-0.5139818801820318,54,0,True,ok,True,-1.2940991300780524e-07,-0.5139818801820316,-0.5139818801820318,5.1398188018203184e-05,0.94,True,True,False,False,-1.2940991322984985e-07,-2.517791984548993e-07,0.5356517717424258,
mixed|50|0|21,mixed,50,10,21,1.0,0.5,0.15,-0.6032757665528528,optimal,False,65.54730567400111,11,66,3051,,,,8.603263081000478,-0.5772585515363835,-0.5898297301955084,-0.6032757902652871,-0.6032757902652871,31,0,True,ok,True,-2.3712434349398848e-08,-0.6032757902652871,-0.6032757902652871,6.032757902652871e-05,0.85,True,True,False,False,-2.3712434349398848e-08,-3.930612775131489e-08,0.04312660834187075,
mixed|50|0|22,mixed,50,10,22,1.0,0.5,0.15,-0.46940013772148964,optimal,False,62.58235116000287,11,66,3051,,,,12.011607526001171,-0.11481786368380537,-0.4694003261795523,-0.4694003261795523,-0.4694003261795523,58,0,True,ok,True,-1.8845806254441655e-07,-0.4694003261795522,-0.4694003261795523,4.694003261795523e-05,0.8,True,False,False,False,-1.8845806265543885e-07,-4.0148702037078896e-07,0.7553945805314888,
mixed|50|0|23,mixed,50,10,23,1.0,0.5,0.15,-0.6565319770893824,optimal,False,60.46388647799904,10,66,3051,,,,15.128374768995855,-0.1976944690665391,-0.4692276054756447,-0.4692276054756447,-0.656532432211859,41,0,True,ok,True,-4.5512247648371584e-07,-0.6565324322118589,-0.656532432211859,6.56532432211859e-05,0.87,True,True,True,False,-4.5512247659473815e-07,-6.932221010961913e-07,0.6988808787396746,
mixed|50|0|24,mixed,50,10,24,1.0,0.5,0.15,-0.6084202873618203,optimal,False,68.75305654200201,10,66,3051,,,,15.399832776005496,-0.2631222531477979,-0.439504763770707,-0.6084206941088539,-0.6084206941088539,43,0,True,ok,True,-4.0674703360998876e-07,-0.6084206941088539,-0.6084206941088539,6.0842069410885396e-05,0.88,True,True,False,False,-4.0674703360998876e-07,-6.685297023439015e-07,0.5675323740702315,
mixed|50|0|25,mixed,50,10,25,1.0,0.5,0.15,-0.6206251647614764,optimal,False,70.47366819300078,10,66,3051,,,,19.065068269999756,-0.369397705388943,-0.4825946544241353,-0.5781438485042472,-0.6206255571529603,39,0,True,ok,True,-3.923914816406082e-07,-0.6206255571529581,-0.6206255571529603,6.206255571529604e-05,0.95,True,True,True,False,-3.9239148386105427e-07,-6.322519713035827e-07,0.4047977864728817,
mixed|50|0|26,mixed,50,10,26,1.0,0.5,0.15,-0.7542804272881755,optimal,False,69.15538896399812,10,66,3051,,,,16.9246499150031,-0.7542805053432993,-0.7542805053432993,-0.7542805053432993,-0.7542805053432993,23,0,True,ok,True,-7.805512380887336e-08,-0.7542805053432993,-0.7542805053432993,7.542805053432993e-05,0.65,False,False,False,False,-7.805512380887336e-08,-1.0348289705660377e-07,0.0,
mixed|50|0|27,mixed,50,10,27,1.0,0.5,0.15,-0.5802422255668875,optimal_inaccurate,True,84.28942687199742,11,66,3051,,,,20.421572507002566,-0.2978523468227292,-0.532626060150594,-0.5802436071668391,-0.5802436071668391,34,0,False,ok,True,-1.3815999515554012e-06,-0.5802436071668391,-0.5802436071668391,5.802436071668391e-05,0.86,True,True,False,False,-1.3815999515554012e-06,-2.3810744731747154e-06,0.486677072967584,
mixed|50|0|28,mixed,50,10,28,1.0,0.5,0.15,-0.4980648493196142,optimal,False,92.28181838399905,11,66,3051,,,,21.928643433995603,-0.16931873515677232,-0.4980649803800684,-0.4980649803800684,-0.4980649803800684,32,0,True,ok,True,-1.310604542115179e-07,-0.4980649803800684,-0.4980649803800684,4.980649803800684e-05,0.83,True,False,False,False,-1.310604542115179e-07,-2.6313933695693276e-07,0.6600468978413884,
mixed|50|0|29,mixed,50,10,29,1.0,0.5,0.15,-0.5887798424832192,optimal_inaccurate,True,86.58693296199635,11,66,3051,,,,12.895441189997655,-0.10952992710602227,-0.2550219350320364,-0.5887808967501695,-0.5887808967501695,57,0,True,ok,True,-1.0542669502955349e-06,-0.5887808967501695,-0.5887808967501695,5.887808967501696e-05,0.9,True,True,False,False,-1.0542669502955349e-06,-1.7905962029017365e-06,0.8139716697491668,
mixed|50|0|30,mixed,50,10,30,1.0,0.5,0.15,-0.5786409403407015,optimal_inaccurate,True,116.8335669070002,11,66,3051,,,,14.179029611004808,-0.4128720523655709,-0.4128720523655709,-0.5786423381043437,-0.5786423381043437,37,0,True,ok,True,-1.3977636417195072e-06,-0.5786423381043432,-0.5786423381043437,5.786423381043438e-05,0.95,True,True,False,False,-1.3977636422746187e-06,-2.4155975577041285e-06,0.28648143217767846,
mixed|50|0|31,mixed,50,10,31,1.0,0.5,0.15,-0.5975533154743268,optimal,False,97.1590413619997,11,66,3051,,,,10.598754309998185,-0.3673421898992324,-0.5975533906227305,-0.5975533906227308,-0.5975533906227309,23,0,True,ok,True,-7.514840416611435e-08,-0.5975533906227309,-0.5975533906227309,5.97553390622731e-05,0.88,True,False,False,False,-7.514840416611435e-08,-1.2576016603047868e-07,0.38525628728102024,
mixed|50|0|32,mixed,50,10,32,1.0,0.5,0.15,-0.649481459073932,optimal_inaccurate,True,81.39199081299739,11,66,3051,,,,16.846357443006127,-0.641084168067501,-0.641084168067501,-0.649483032297175,-0.649483032297175,35,0,True,ok,True,-1.573223242679056e-06,-0.6494830322971746,-0.649483032297175,6.49483032297175e-05,0.86,True,True,False,False,-1.573223243012123e-06,-2.422275834102047e-06,0.012931614548832432,
mixed|50|0|33,mixed,50,10,33,1.0,0.5,0.15,-0.5370135880597268,optimal_inaccurate,True,87.52523099099926,11,66,3051,,,,12.258618651001598,-0.5370159053432003,-0.537015905343207,-0.537015905343207,-0.537015905343207,27,0,True,ok,True,-2.3172834789919605e-06,-0.5370159053432058,-0.537015905343207,5.37015905343207e-05,0.62,False,False,False,False,-2.317283480213206e-06,-4.315130066979752e-06,1.2404359128792799e-14,
mixed|50|0|34,mixed,50,10,34,1.0,0.5,0.15,-0.693295655752316,optimal,False,71.21183553500305,10,66,3051,,,,13.597746517996711,-0.6932959474816359,-0.6932959474816359,-0.6932959474816359,-0.6932959474816359,61,0,True,ok,True,-2.917293183690717e-07,-0.6932959474816344,-0.6932959474816359,6.93295947481636e-05,0.93,False,False,False,False,-2.917293199233839e-07,-4.207863088465766e-07,0.0,
mixed|50|0|35,mixed,50,10,35,1.0,0.5,0.15,-0.7725900227788687,optimal,False,82.67445887200302,10,66,3051,,,,10.897270392997598,-0.34696660658263623,-0.7725901046248024,-0.7725901046248033,-0.7725901046248033,23,0,True,ok,True,-8.184593458526734e-08,-0.7725901046248033,-0.7725901046248033,7.725901046248033e-05,0.77,True,False,False,False,-8.184593458526734e-08,-1.0593708457544158e-07,0.5509046718231845,
mixed|50|0|36,mixed,50,10,36,1.0,0.5,0.15,-0.6499691290155964,optimal,False,64.030298468002,10,66,3051,,,,9.359974242994213,-0.5452599899316195,-0.5452599899316195,-0.6499692912928803,-0.6499692912928803,18,0,True,ok,True,-1.6227728383277906e-07,-0.6499692912928803,-0.6499692912928803,6.499692912928803e-05,0.93,True,True,False,False,-1.6227728383277906e-07,-2.4966921748815107e-07,0.16109884384380568,
mixed|50|0|37,mixed,50,10,37,1.0,0.5,0.15,-0.5733773519686787,optimal,False,71.70355555800052,10,66,3051,,,,15.928986840001016,-0.24490054091987623,-0.5733781209784061,-0.5733781209784061,-0.5733781209784061,40,0,True,ok,True,-7.690097274526408e-07,-0.5733781209784061,-0.5733781209784061,5.733781209784062e-05,0.86,True,False,False,False,-7.690097274526408e-07,-1.3411930638911052e-06,0.5728812594000262,
mixed|50|0|38,mixed,50,10,38,1.0,0.5,0.15,-0.484263099571222,optimal,False,69.62294586799544,11,66,3051,,,,12.905309478999698,-0.4385984550734401,-0.4842632868924285,-0.4842632868924285,-0.4842632868924285,15,0,True,ok,True,-1.8732120626863136e-07,-0.48426328689242826,-0.4842632868924285,4.842632868924285e-05,0.84,True,False,False,False,-1.8732120649067596e-07,-3.8681701466937e-07,0.09429752999039988,
mixed|50|0|39,mixed,50,10,39,1.0,0.5,0.15,-0.5432591450383337,optimal,False,70.1482981980007,11,66,3051,,,,12.755624778998026,-0.523636845093757,-0.543259268806459,-0.543259268806459,-0.543259268806459,40,0,True,ok,True,-1.237681253041245e-07,-0.543259268806459,-0.543259268806459,5.4325926880645904e-05,0.81,True,False,False,False,-1.237681253041245e-07,-2.2782520355987955e-07,0.03611981394410912,
mixed|50|0|40,mixed,50,10,40,1.0,0.5,0.15,-0.5779708635833117,optimal,False,59.68378600599681,10,66,3051,,,,14.28176640899619,-0.45138221500595854,-0.45138221500595854,-0.5779714991400329,-0.5779714991400329,50,0,True,ok,True,-6.355567211402402e-07,-0.5779714991400329,-0.5779714991400329,5.779714991400329e-05,0.88,True,True,False,False,-6.355567211402402e-07,-1.0996345338239143e-06,0.21902340223077998,
mixed|50|0|41,mixed,50,10,41,1.0,0.5,0.15,-0.5397744416133392,optimal,False,72.2034744939956,11,66,3051,,,,7.198800006997772,-0.1618175838767616,-0.5397745203806449,-0.5397745203806449,-0.5397745203806449,46,0,True,ok,True,-7.87673050117732e-08,-0.5397745203806442,-0.5397745203806449,5.397745203806449e-05,0.85,True,False,False,False,-7.876730567790702e-08,-1.4592633441938886e-07,0.7002126299651027,
mixed|50|0|42,mixed,50,10,42,1.0,0.5,0.15,-0.42247975003278826,optimal_inaccurate,True,70.81761322799866,13,66,3051,,,,5.321687499003019,-0.3654891708853928,-0.3654891708853928,-0.42248086481310265,-0.42248086481310265,37,0,True,ok,True,-1.114780314392938e-06,-0.42248086481310265,-0.42248086481310265,4.2248086481310265e-05,0.9,True,True,False,False,-1.114780314392938e-06,-2.6386597566070824e-06,0.13489769282905129,
mixed|50|0|43,mixed,50,10,43,1.0,0.5,0.15,-0.5081827910513337,optimal,False,51.20225318300072,11,66,3051,,,,3.6973864660030813,-0.5081828308050977,-0.5081828308050977,-0.5081828308050977,-0.5081828308050977,15,0,True,ok,True,-3.975376405840336e-08,-0.5081828308050977,-0.5081828308050977,5.081828308050978e-05,0.57,False,False,False,False,-3.975376405840336e-08,-7.822729293166417e-08,0.0,
mixed|50|0|44,mixed,50,10,44,1.0,0.5,0.15,-0.7012518656670548,optimal,False,40.64568165200035,10,66,3051,,,,3.5330853999985266,-0.18561716289146546,-0.7012520451270738,-0.7012520451270738,-0.7012520451270755,23,0,True,ok,True,-1.79460020732769e-07,-0.7012520451270755,-0.7012520451270755,7.012520451270756e-05,0.9,True,False,False,False,-1.79460020732769e-07,-2.5591378721261654e-07,0.7353060655133927,
mixed|50|0|45,mixed,50,10,45,1.0,0.5,0.15,-0.5328965602481595,optimal,False,37.122830608001095,11,66,3051,,,,5.255392314997152,-0.532896635117761,-0.532896635117761,-0.5328966351177611,-0.5328966351177611,61,0,True,ok,True,-7.486960085234529e-08,-0.5328966351177603,-0.5328966351177611,5.328966351177611e-05,0.88,False,False,False,False,-7.48696016295014e-08,-1.404955618303036e-07,2.0833740569215945e-16,
mixed|50|0|46,mixed,50,10,46,1.0,0.5,0.15,-0.4279718122722148,optimal,False,34.794363793997036,11,66,3051,,,,3.6542901680004434,-0.17852120413160133,-0.17852120413160133,-0.4279718703564104,-0.4279718703564104,45,0,True,ok,True,-5.80841955644118e-08,-0.4279718703564104,-0.4279718703564104,4.279718703564104e-05,0.92,True,True,False,False,-5.80841955644118e-08,-1.357196756861802e-07,0.5828669674412694,
mixed|50|0|47,mixed,50,10,47,1.0,0.5,0.15,-0.6871464348447348,optimal,False,22.292109016998438,10,66,3051,,,,3.3998491640013526,-0.07125725448535244,-0.6871465336800405,-0.6871465336800405,-0.6871465336800405,29,0,True,ok,True,-9.883530571741517e-08,-0.6871465336800405,-0.6871465336800405,6.871465336800406e-05,0.82,True,False,False,False,-9.883530571741517e-08,-1.4383441535245344e-07,0.8962997686916481,
mixed|50|0|48,mixed,50,10,48,1.0,0.5,0.15,-0.38160514131652606,optimal,False,25.79547902500053,13,66,3051,,,,4.961156969999138,-0.3816057585213727,-0.3816057585213727,-0.3816057585213727,-0.3816057585213727,16,0,True,ok,True,-6.172048466202007e-07,-0.3816057585213727,-0.3816057585213727,3.816057585213727e-05,0.86,False,False,False,False,-6.172048466202007e-07,-1.6173913288769193e-06,0.0,
mixed|50|0|49,mixed,50,10,49,1.0,0.5,0.15,-0.569339159293516,optimal,False,21.794295960004092,11,66,3051,,,,3.2353207299966016,-0.5693392110667085,-0.5693392110667085,-0.5693392110667085,-0.5693392110667085,31,0,True,ok,True,-5.177319251092882e-08,-0.5693392110667085,-0.5693392110667085,5.693392110667085e-05,0.85,False,False,False,False,-5.177319251092882e-08,-9.093559026428705e-08,0.0,
stress|2|0|0,stress,2,1,0,1.0,0.3,0.05,-0.18737608552603432,optimal,False,0.06691052499809302,8,6,35,-0.1873759322576668,optimal,0.053775159001816064,0.4476332230042317,-0.18737608829875918,-0.18737608829875918,-0.18737608829875918,-0.18737608829875918,2,0,True,ok,True,-2.772724855271136e-09,-0.18737608829875918,-0.18737608829875918,1.873760882987592e-05,0.34,False,False,False,False,-2.772724855271136e-09,-1.4797645321104166e-08,0.0,1.532683675253832e-07
stress|2|1|0,stress,2,1,0,1.0,0.5,0.05,-0.0017195174147591023,optimal,False,0.06606377199932467,8,6,35,-0.0017195338574167822,optimal,0.054189833004784305,0.6206965079982183,-0.0017195379521018662,-0.0017195379521019356,-0.0017195379521019356,-0.0017195379521019495,1,0,True,ok,True,-2.0537342777793288e-08,-0.0017195379521018801,-0.0017195379521019495,1e-06,0.0,False,False,False,False,-2.0537342847182227e-08,-1.1943666677001599e-05,4.84238959338479e-14,-1.6442657679860417e-08
stress|2|2|0,stress,2,1,0,2.0,0.3,0.05,-0.9849107137482694,optimal,False,0.06491900200489908,6,6,35,-0.9849106916387562,optimal,0.051366400002734736,0.3677364449977176,-0.5640428003212817,-0.9849106948432316,-0.9849106948432316,-0.9849106948432316,2,0,True,ok,True,1.890503786849962e-08,-0.9849106948432316,-0.9849106948432316,9.849106948432316e-05,0.42,True,False,False,False,1.890503786849962e-08,1.9194671765273845e-08,0.42731579291962046,2.2109513220236465e-08
stress|2|3|0,stress,2,1,0,2.0,0.5,0.05,-0.6759340461278766,optimal,False,0.03901550800219411,7,6,35,-0.675934022358283,optimal,0.03307978800148703,0.22344904099736596,-0.27931184045350144,-0.6759340582438472,-0.6759340582438522,-0.6759340582438522,2,0,True,ok,True,-1.2115975667192913e-08,-0.6759340582438522,-0.6759340582438522,6.759340582438522e-05,0.39,True,False,False,False,-1.2115975667192913e-08,-1.7924789758113105e-08,0.5867764953593506,2.376959351568786e-08
stress|2|4|0,stress,2,1,0,4.0,0.3,0.05,-2.579979979904466,optimal,False,0.04034602500178153,6,6,35,-2.5799799811631683,optimal,0.03314405499986606,0.23646358500263887,-1.6774687549561684,-2.5799799079321715,-2.5799799079321764,-2.5799799079321764,2,0,True,ok,True,7.197259677127477e-08,-2.579979907931869,-2.5799799079321764,0.00025799799079321764,0.44,True,False,False,False,7.197228946154155e-08,2.7896452694259516e-08,0.34981324862307167,-1.2587024755816856e-09
stress|2|5|0,stress,2,1,0,4.0,0.5,0.05,-2.2710033348558616,optimal,False,0.04218543200113345,6,6,35,-2.2710033217564343,optimal,0.03438615900086006,0.2139328330013086,-1.3927377950883875,-2.2710032713327966,-2.2710032713327966,-2.2710032713327966,2,0,True,ok,True,6.352306503032423e-08,-2.2710032713327966,-2.2710032713327966,0.00022710032713327966,0.43,True,False,False,False,6.352306503032423e-08,2.7971365807948485e-08,0.38673016782092806,1.3099427320639734e-08
stress|2|0|1,stress,2,1,1,1.0,0.3,0.05,-0.7047031738440697,optimal,False,0.0388823789980961,7,6,35,-0.7047032309831626,optimal,0.030499822001729626,0.2120873780004331,-0.7047032372229416,-0.7047032372229416,-0.7047032372229416,-0.7047032372229416,2,0,True,ok,True,-6.337887192842118e-08,-0.7047032372229416,-0.7047032372229416,7.047032372229416e-05,0.35,False,False,False,False,-6.337887192842118e-08,-8.993697528378818e-08,0.0,-5.7139092901614674e-08
stress|2|1|1,stress,2,1,1,1.0,0.5,0.05,-0.4753519966317059,optimal,False,0.06486356000095839,7,6,35,-0.47535199211292406,optimal,0.05148933699820191,0.44810783899447415,-0.47535205905951894,-0.47535205905951894,-0.47535205905951894,-0.47535205905951894,2,0,True,ok,True,-6.242781269705233e-08,-0.4753520590595186,-0.47535205905951894,4.7535205905951894e-05,0.25,False,False,False,False,-6.242781303011924e-08,-1.3132965354616397e-07,0.0,4.5187818487057996e-09
stress|2|2|1,stress,2,1,1,2.0,0.3,0.05,-1.8744493409367038,optimal,False,0.039538172000902705,6,6,35,-1.8744493398912871,optimal,0.03169568700104719,0.23943059599696426,-1.8744492740264027,-1.8744492740264216,-1.8744492740264216,-1.8744492740264216,2,0,True,ok,True,6.691028220373596e-08,-1.8744492740264216,-1.8744492740264216,0.00018744492740264217,0.38,False,False,False,False,6.691028220373596e-08,3.569596720618729e-08,1.0068979555838128e-14,1.045416642142527e-09
stress|2|3|1,stress,2,1,1,2.0,0.5,0.05,-1.6450981553619668,optimal,False,0.06520207999710692,6,6,35,-1.6450980787415301,optimal,0.05251151200354798,0.36496371799876215,-1.6450980958629988,-1.6450980958629988,-1.6450980958629988,-1.6450980958629988,2,0,True,ok,True,5.9498967974747075e-08,-1.6450980958629988,-1.6450980958629988,0.0001645098095862999,0.37,False,False,False,False,5.9498967974747075e-08,3.6167427323906805e-08,0.0,7.662043666201157e-08
stress|2|4|1,stress,2,1,1,4.0,0.3,0.05,-4.213941331572695,optimal,False,0.0682660649981699,8,6,35,-4.213941364420704,optimal,0.05451913100114325,0.3853641629975755,-4.213941347633382,-4.213941347633382,-4.213941347633382,-4.213941347633382,2,0,True,ok,True,-1.6060686114371947e-08,-4.213941347633381,-4.213941347633382,0.0004213941347633382,0.38,False,False,False,False,-1.6060687002550367e-08,-3.8113219285272584e-09,0.0,-3.284800964564738e-08
stress|2|5|1,stress,2,1,1,4.0,0.5,0.05,-3.984590070620952,optimal,False,0.06691465300536947,8,6,35,-3.98459025226229,optimal,0.05359693599893944,0.38351050700293854,-3.9845901694699593,-3.9845901694699593,-3.9845901694699593,-3.9845901694699593,2,0,True,ok,True,-9.884900720180667e-08,-3.9845901694699593,-3.9845901694699593,0.00039845901694699593,0.38,False,False,False,False,-9.884900720180667e-08,-2.4807823502507047e-08,0.0,-1.8164133797071713e-07
stress|2|0|2,stress,2,1,2,1.0,0.3,0.05,0.27601452295649886,optimal,False,0.03920123299758416,6,6,35,0.27601455786486273,optimal,0.03209348800010048,0.3297989639977459,0.2760145664004079,0.27601456640040534,0.2760145664004049,0.2760145664004044,1,0,True,ok,True,4.3443906916351693e-08,0.2760145664004058,0.2760145664004044,2.760145664004044e-05,0.0,False,False,False,False,4.344390552857291e-08,1.5739717266768556e-07,1.2670354949658626e-14,3.49083638662151e-08
stress|2|1|2,stress,2,1,2,1.0,0.5,0.05,0.3159624809676394,optimal,False,0.03941567199944984,6,6,35,0.315962529676124,optimal,0.0315244689991232,0.32130351099476684,0.3159625427828546,0.3159625427828507,0.3159625427828507,0.3159625427828507,1,0,True,ok,True,6.181521866599482e-08,0.31596254278285807,0.3159625427828507,3.159625427828507e-05,0.0,False,False,False,False,6.18152112830117e-08,1.9564098589712862e-07,1.2473920809429645e-14,4.870848457905197e-08
stress|2|2|2,stress,2,1,2,2.0,0.3,0.05,0.4569896259780537,optimal,False,0.06250397400435759,6,6,35,0.45698972294114193,optimal,0.05186882300040452,0.5184455540002091,0.45698968948738694,0.4569896894873851,0.4569896894873851,0.4569896894873822,1,0,True,ok,True,6.350933184906538e-08,0.45698968948738555,0.4569896894873822,4.569896894873822e-05,0.0,False,False,False,False,6.35093285183963e-08,1.3897323901494047e-07,1.0325064138645506e-14,9.696308822526589e-08
stress|2|3|2,stress,2,1,2,2.0,0.5,0.05,0.49776777531305944,optimal,False,0.042443150996405166,6,6,35,0.4977678213968442,optimal,0.03628806699998677,0.3290052550000837,0.4977678170736065,0.4977678170736065,0.4977678170736065,0.4977678170735992,1,0,True,ok,True,4.176055296012393e-08,0.4977678170736124,0.4977678170735992,4.977678170735992e-05,0.0,False,False,False,False,4.176053974846994e-08,8.389562727761077e-08,1.472066234736627e-14,4.608378478820896e-08
stress|2|4|2,stress,2,1,2,4.0,0.3,0.05,0.8174564063959527,optimal,False,0.06236002900550375,6,6,35,0.8174563677941379,optimal,0.05274024000391364,0.6318850230018143,0.8174564760749018,0.8174564760748457,0.8174564760748457,0.8174564760748457,1,0,True,ok,True,6.967896748477642e-08,0.8174564760749202,0.8174564760748457,8.174564760748458e-05,0.0,False,False,False,False,6.967889298881147e-08,8.523866525924685e-08,6.858623594589642e-14,-3.8601814855709904e-08
stress|2|5|2,stress,2,1,2,4.0,0.5,0.05,0.8589468129459099,optimal,False,0.040448658997775055,6,6,35,0.8589467421155575,optimal,0.03716759799863212,0.3710649659988121,0.8589468779020102,0.8589468779020102,0.8589468779019545,0.8589468779018634,1,0,True,ok,True,6.495608440015843e-08,0.8589468779019943,0.8589468779018634,8.589468779018635e-05,0.0,False,False,False,False,6.495595350486383e-08,7.562278889199892e-08,1.7087376138319774e-13,-7.083035236110646e-08
stress|2|0|3,stress,2,1,3,1.0,0.3,0.05,0.2659009852338714,optimal,False,0.06337880000501173,6,6,35,0.26590101441814384,optimal,0.05319356500694994,0.5311156039970228,0.26590102502410706,0.26590102502410595,0.265901025024105,0.26590102502410456,1,0,True,ok,True,3.979023438516194e-08,0.2659010250241058,0.26590102502410456,2.6590102502410457e-05,0.0,False,False,False,False,3.979023316391661e-08,1.4964304524452734e-07,9.394479788786645e-15,2.9184272443139037e-08
stress|2|1|3,stress,2,1,3,1.0,0.5,0.05,0.31888571271822275,optimal,False,0.03914198400161695,6,6,35,0.31888576579759487,optimal,0.032082950994663406,0.29570659700402757,0.3188857826952973,0.3188857826952939,0.31888578269529305,0.31888578269529155,1,0,True,ok,True,6.997707058253866e-08,0.31888578269529333,0.31888578269529155,3.1888578269529155e-05,0.0,False,False,False,False,6.997706880618182e-08,2.1944247112762846e-07,1.810416155670165e-14,5.307937211984637e-08
stress|2|2|3,stress,2,1,3,2.0,0.3,0.05,0.40147214982081975,optimal,False,0.06493519499781542,6,6,35,0.4014721943193974,optimal,0.053506176998780575,0.5187600170029327,0.4014722080508574,0.4014722080508574,0.4014722080508545,0.40147220805084943,1,0,True,ok,True,5.82300407891978e-08,0.40147220805086054,0.40147220805084943,4.0147220805084944e-05,0.0,False,False,False,False,5.8230029686967555e-08,1.4504126802558058e-07,1.991073259120511e-14,4.449857765598253e-08
stress|2|3|3,stress,2,1,3,2.0,0.5,0.05,0.45449647196976595,optimal,False,0.06373468600213528,6,6,35,0.4544965157822816,optimal,0.051603250998596195,0.5337244990005274,0.4544965331327826,0.45449653313278104,0.4544965331327793,0.4544965331327718,1,0,True,ok,True,6.116301920489065e-08,0.45449653313278515,0.4544965331327718,4.544965331327718e-05,0.0,False,False,False,False,6.11630058267032e-08,1.3457311464184894e-07,2.3816847216594875e-14,4.381251567098232e-08
stress|2|4|3,stress,2,1,3,4.0,0.3,0.05,0.6724009853789394,optimal,False,0.03903286899731029,6,6,35,0.6724010385280726,optimal,0.03411043099913513,0.3444217839933117,0.6724010622725154,0.672401062272513,0.6724010622725128,0.6724010622724873,1,0,True,ok,True,7.68935669581694e-08,0.6724010622725064,0.6724010622724873,6.724010622724873e-05,0.0,False,False,False,False,7.689354786233338e-08,1.1435668527314713e-07,4.1773643884628e-14,5.3149133205643295e-08
stress|2|5|3,stress,2,1,3,4.0,0.5,0.05,0.7254755934882289,optimal,False,0.07146651799848769,6,6,35,0.7254756352950598,optimal,0.03262377499777358,0.3475076190006803,0.7254756633373077,0.7254756633372997,0.7254756633372795,0.7254756633372498,1,0,True,ok,True,6.984902911622015e-08,0.725475663337258,0.7254756633372498,7.254756633372499e-05,0.0,False,False,False,False,6.984902090056977e-08,9.628031808033953e-08,7.98836471217263e-14,4.180683088605974e-08
stress|2|0|4,stress,2,1,4,1.0,0.3,0.05,0.303721659566841,optimal,False,0.0647785110049881,6,6,35,0.3037217048497223,optimal,0.054473668002174236,0.5226803960031248,0.30372171517219176,0.30372171517219076,0.30372171517219076,0.3037217151721892,1,0,True,ok,True,5.5605353377341515e-08,0.3037217151721944,0.3037217151721892,3.0372171517218922e-05,0.0,False,False,False,False,5.560534821480445e-08,1.8307995647760908e-07,8.407409905446486e-15,4.5282881278030374e-08
stress|2|1|4,stress,2,1,4,1.0,0.5,0.05,0.3471107628706074,optimal,False,0.06284048400266329,6,6,35,0.34711081000292726,optimal,0.05253610699583078,0.513767263997579,0.3471108276966841,0.3471108276966841,0.3471108276966839,0.34711082769668195,1,0,True,ok,True,6.482607795010864e-08,0.34711082769668533,0.34711082769668195,3.4711082769668195e-05,0.0,False,False,False,False,6.482607456392842e-08,1.8675904494524032e-07,6.237013441455805e-15,4.7132319880294204e-08
stress|2|2|4,stress,2,1,4,2.0,0.3,0.05,0.5011070755823891,optimal,False,0.03961881800205447,6,6,35,0.5011071387887138,optimal,0.031474381998123135,0.302998954000941,0.5011071250434657,0.501107125043461,0.501107125043461,0.5011071250434579,1,0,True,ok,True,4.946107723391435e-08,0.5011071250434663,0.5011071250434579,5.011071250434579e-05,0.0,False,False,False,False,4.9461068796219365e-08,9.870359291721329e-08,1.5508782022810225e-14,6.320632472966992e-08
stress|2|3|4,stress,2,1,4,2.0,0.5,0.05,0.5451174596118641,optimal,False,0.06576656499964884,6,6,35,0.5451175074218286,optimal,0.05371372399531538,0.5270742600041558,0.5451175085948277,0.5451175085948247,0.5451175085948243,0.5451175085948143,1,0,True,ok,True,4.898295646871276e-08,0.5451175085948206,0.5451175085948143,5.451175085948144e-05,0.0,False,False,False,False,4.898295025146382e-08,8.98576066272777e-08,2.444000804495278e-14,4.780996454289976e-08
stress|2|4|4,stress,2,1,4,4.0,0.3,0.05,0.8948512075379178,optimal,False,0.03941393500281265,6,6,35,0.8948511845398918,optimal,0.03334951300348621,0.4324051449948456,0.8948512824664793,0.894851282466411,0.8948512824664012,0.8948512824663722,1,0,True,ok,True,7.492855136348453e-08,0.8948512824664692,0.8948512824663722,8.948512824663723e-05,0.0,False,False,False,False,7.492845444101448e-08,8.373286397765688e-08,1.1960143732362255e-13,-2.2998026039111608e-08
stress|2|5|4,stress,2,1,4,4.0,0.5,0.05,0.9394143475817862,optimal,False,0.06508810199738946,6,6,35,0.9394143268453747,optimal,0.0525971029928769,0.6575742999993963,0.9394144153619471,0.9394144153618956,0.9394144153618881,0.939414415361843,1,0,True,ok,True,6.778018213360326e-08,0.9394144153619683,0.939414415361843,9.394144153618431e-05,0.0,False,False,False,False,6.778005678942378e-08,7.215139620115584e-08,1.10855143381771e-13,-2.0736411476818262e-08
stress|2|0|5,stress,2,1,5,1.0,0.3,0.05,0.30788806552321973,optimal,False,0.06604350600537146,6,6,35,0.3078881140652114,optimal,0.05386369799816748,0.5021731960005127,0.3078881246821688,0.30788812468216464,0.3078881246821636,0.3078881246821633,1,0,True,ok,True,5.9158943910286865e-08,0.30788812468216364,0.3078881246821633,3.078881246821633e-05,0.0,False,False,False,False,5.915894357721996e-08,1.921443219200012e-07,1.7849353486977466e-14,4.8541991648498595e-08
stress|2|1|5,stress,2,1,5,1.0,0.5,0.05,0.3566056084218044,optimal,False,0.03875401999539463,6,6,35,0.3566056600627283,optimal,0.03279512299923226,0.3239558749992284,0.35660567442879604,0.35660567442879604,0.35660567442879415,0.35660567442879415,1,0,True,ok,True,6.600699292702572e-08,0.3566056744287973,0.35660567442879415,3.5660567442879415e-05,0.0,False,False,False,False,6.60069897628901e-08,1.8509801361512785e-07,5.292622291795953e-15,5.1640923925955207e-08
stress|2|2|5,stress,2,1,5,2.0,0.3,0.05,0.5047710511062842,optimal,False,0.04079543799889507,6,6,35,0.5047711023358117,optimal,0.03345152399560902,0.3137312140024733,0.5047711097864638,0.504771109786463,0.5047711097864597,0.5047711097864565,1,0,True,ok,True,5.8680158399049276e-08,0.5047711097864426,0.5047711097864426,5.047711097864426e-05,0.0,False,False,False,False,5.8680172276837084e-08,1.16251065009038e-07,4.200965419616024e-14,5.122952750902243e-08
stress|2|3|5,stress,2,1,5,2.0,0.5,0.05,0.553753025536565,optimal,False,0.04318683699966641,6,6,35,0.5537530865330449,optimal,0.03263671500462806,0.3116070739997667,0.5537530982960026,0.5537530982959992,0.553753098295986,0.5537530982959824,1,0,True,ok,True,7.275943514351013e-08,0.5537530982960002,0.5537530982959824,5.537530982959824e-05,0.0,False,False,False,False,7.275941737994174e-08,1.313932638281131e-07,3.6489292990605827e-14,6.099647986701484e-08
stress|2|4|5,stress,2,1,5,4.0,0.3,0.05,0.8980503385440705,optimal,False,0.0653896879957756,6,6,35,0.8980504240613966,optimal,0.05317550399922766,0.5499927690034383,0.8980504586600773,0.8980504586600739,0.8980504586600385,0.8980504586600163,1,0,True,ok,True,1.2011599770378467e-07,0.8980504586600682,0.8980504586600163,8.980504586600164e-05,0.0,False,False,False,False,1.2011594585636942e-07,1.3375190755019676e-07,6.78706229301042e-14,8.551732610939666e-08
stress|2|5|5,stress,2,1,5,4.0,0.5,0.05,0.9472662412516438,optimal,False,0.06569182499515591,6,6,35,0.9472663449984888,optimal,0.052964000999054406,0.5174991260064417,0.9472663654821153,0.9472663654821152,0.9472663654820719,0.947266365481898,1,0,True,ok,True,1.242304746851275e-07,0.9472663654821185,0.947266365481898,9.472663654818981e-05,0.0,False,False,False,False,1.242302541948348e-07,1.3114607993491526e-07,2.2936594588008216e-13,1.0374684500380482e-07
stress|2|0|6,stress,2,1,6,1.0,0.3,0.05,0.32247763475234964,optimal,False,0.040042680004262365,6,6,35,0.32247768313277864,optimal,0.032275124998704996,0.28563299300003564,0.3224776947515969,0.32247769475159593,0.3224776947515958,0.32247769475159427,1,0,True,ok,True,5.999924662658529e-08,0.32247769475159627,0.32247769475159427,3.224776947515943e-05,0.0,False,False,False,False,5.999924462818385e-08,1.860570723742158e-07,8.090556805421406e-15,4.8380428996352975e-08
stress|2|1|6,stress,2,1,6,1.0,0.5,0.05,0.358137106174064,optimal,False,0.06358210100006545,6,6,35,0.35813715768251486,optimal,0.052440421997744124,0.4899879489967134,0.3581371695233121,0.35813716952331076,0.35813716952330776,0.35813716952330593,1,0,True,ok,True,6.334924729234359e-08,0.3581371695233113,0.35813716952330593,3.58137169523306e-05,0.0,False,False,False,False,6.334924190776192e-08,1.768854464272477e-07,1.7204965893015584e-14,5.1508450837900455e-08
stress|2|2|6,stress,2,1,6,2.0,0.3,0.05,0.5515514622677399,optimal,False,0.0655336029958562,6,6,35,0.5515515208608429,optimal,0.05356382199533982,0.5061937770005898,0.5515515353332702,0.5515515353332702,0.5515515353332702,0.5515515353332644,1,0,True,ok,True,7.306552995967053e-08,0.5515515353332698,0.5515515353332644,5.515515353332644e-05,0.0,False,False,False,False,7.306552451957771e-08,1.3247272379473718e-07,1.0467126566083246e-14,5.8593103036130856e-08
stress|2|3|6,stress,2,1,6,2.0,0.5,0.05,0.5872360845573417,optimal,False,0.06312978299683891,6,6,35,0.5872361500185146,optimal,0.09120655799779342,0.5051158470014343,0.5872361586698853,0.5872361586698833,0.5872361586698781,0.587236158669867,1,0,True,ok,True,7.411251845557132e-08,0.5872361586698601,0.5872361586698601,5.872361586698602e-05,0.0,False,False,False,False,7.411252533895407e-08,1.2620567313199096e-07,4.291640132664152e-14,6.546117292671738e-08
stress|2|4|6,stress,2,1,6,4.0,0.3,0.05,1.0095929060098565,optimal,False,0.06666696200409206,6,6,35,1.0095929632987193,optimal,0.05367406099685468,0.5362555300016538,1.0095930865219083,1.009593086521904,1.009593086521818,1.0095930865217877,1,0,True,ok,True,1.8051187233858457e-07,1.0095930865217289,1.0095930865217289,0.00010095930865217289,0.0,False,False,False,False,1.8051193118040487e-07,1.7879675075553923e-07,1.7770727947191022e-13,5.7288862764792725e-08
stress|2|5|6,stress,2,1,6,4.0,0.5,0.05,1.045297620753787,optimal,False,0.06520753399672685,6,6,35,1.0452977386349278,optimal,0.050606600001628976,0.5513306569991983,1.0452977866369926,1.0452977866369757,1.0452977866369564,1.0452977866368975,1,0,True,ok,True,1.6588313367371654e-07,1.0452977866369206,1.0452977866368975,0.00010452977866368976,0.0,False,False,False,False,1.6588311058107763e-07,1.5869462178767392e-07,9.091676278553673e-14,1.1788114084865242e-07
stress|2|0|7,stress,2,1,7,1.0,0.3,0.05,-0.47966260553621365,optimal,False,0.06402039300155593,7,6,35,-0.47966267708497307,optimal,0.05226206499355612,0.4004149479951593,-0.4796626965829546,-0.4796626965829549,-0.4796626965829549,-0.4796626965829549,1,0,True,ok,True,-9.104674103532773e-08,-0.4796626965829547,-0.4796626965829549,4.796626965829549e-05,0.0,False,False,False,False,-9.104674125737233e-08,-1.898141322807339e-07,6.943773400772369e-16,-7.154875941717265e-08
stress|2|1|7,stress,2,1,7,1.0,0.5,0.05,-0.18760341137907438,optimal,False,0.06703322200337425,9,6,35,-0.18760335730491348,optimal,0.05594023800222203,0.5878084049982135,-0.18760342140112127,-0.18760342140112143,-0.1876034214011215,-0.18760342140112157,1,0,True,ok,True,-1.002204710887078e-08,-0.1876034214011215,-0.18760342140112157,1.8760342140112157e-05,0.0,False,False,False,False,-1.0022047192137506e-08,-5.34214549643066e-08,1.6274294439391967e-15,5.4074160898975876e-08
stress|2|2|7,stress,2,1,7,2.0,0.3,0.05,-1.5074275002263653,optimal,False,0.039151144002971705,6,6,35,-1.507427499662884,optimal,0.03135310500510968,0.21750160199735546,-1.5074274914037251,-1.5074274914037251,-1.5074274914037251,-1.5074274914037251,2,0,True,ok,True,8.822640396033421e-09,-1.507427491403725,-1.5074274914037251,0.00015074274914037253,0.44,False,False,False,False,8.822640173988816e-09,5.852779103913091e-09,0.0,5.634812616506224e-10
stress|2|3|7,stress,2,1,7,2.0,0.5,0.05,-1.2072034385166162,optimal,False,0.03940232899913099,6,6,35,-1.2072032894160156,optimal,0.03213485000014771,0.290936221004813,-1.2072033986717376,-1.2072033986717376,-1.2072033986717376,-1.2072033986717376,2,0,True,ok,True,3.984489094221999e-08,-1.2072033986717252,-1.2072033986717376,0.00012072033986717377,0.19,False,False,False,False,3.9844878507722115e-08,3.300593523547496e-08,0.0,1.4910060053274776e-07
stress|2|4|7,stress,2,1,7,4.0,0.3,0.05,-3.5629570329157056,optimal,False,0.06291120099922409,6,6,35,-3.562957180365839,optimal,0.05081269599759253,0.3715496059958241,-3.562957081045266,-3.562957081045266,-3.562957081045266,-3.562957081045266,2,0,True,ok,True,-4.8129560337173416e-08,-3.562957081045266,-3.562957081045266,0.00035629570810452664,0.48,False,False,False,False,-4.8129560337173416e-08,-1.3508319043013308e-08,0.0,-1.47450133436422e-07
stress|2|5|7,stress,2,1,7,4.0,0.5,0.05,-3.2627329781662575,optimal,False,0.04184874600468902,7,6,35,-3.2627330621349686,optimal,0.03120203900471097,0.22919714800082147,-3.262732988313278,-3.2627329883132785,-3.2627329883132785,-3.2627329883132785,2,0,True,ok,True,-1.0147021001216672e-08,-3.2627329883132785,-3.2627329883132785,0.00032627329883132787,0.47,False,False,False,False,-1.0147021001216672e-08,-3.1099759217561124e-09,1.3610957790316808e-16,-8.396871109539461e-08
stress|2|0|8,stress,2,1,8,1.0,0.3,0.05,-0.9694979014072393,optimal,False,0.038510086000314914,6,6,35,-0.969497732722836,optimal,0.03183977399748983,0.23275082699547056,-0.8474184544776671,-0.969497819559511,-0.969497819559511,-0.969497819559511,2,0,True,ok,True,8.184772837260823e-08,-0.969497819559511,-0.969497819559511,9.69497819559511e-05,0.5,True,False,False,False,8.184772837260823e-08,8.44228009713122e-08,0.1259202059240426,1.6868440333439594e-07
stress|2|1|8,stress,2,1,8,1.0,0.5,0.05,-0.7672179949011485,optimal,False,0.04128140499960864,7,6,35,-0.7672180441625138,optimal,0.03177102899644524,0.2111500020037056,-0.561324690819168,-0.767218058704025,-0.767218058704025,-0.767218058704025,2,0,True,ok,True,-6.380287542739893e-08,-0.7672180587040239,-0.767218058704025,7.672180587040251e-05,0.5,True,False,False,False,-6.380287653762196e-08,-8.316134001242056e-08,0.2683635578555717,-4.926136532024117e-08
stress|2|2|8,stress,2,1,8,2.0,0.3,0.05,-2.3415863944144557,optimal,False,0.0656209820008371,8,6,35,-2.3415865413134984,optimal,0.051455255001201294,0.3830028969969135,-2.2738568498240435,-2.341586404447431,-2.341586404447431,-2.341586404447431,2,0,True,ok,True,-1.0032975339413497e-08,-2.341586404447431,-2.341586404447431,0.00023415864044474313,0.51,True,False,False,False,-1.0032975339413497e-08,-4.2846915080074906e-09,0.028924644631839008,-1.468990427078154e-07
stress|2|3|8,stress,2,1,8,2.0,0.5,0.05,-2.139306216460659,optimal,False,0.06712622399936663,9,6,35,-2.1393069052335822,optimal,0.05318627699307399,0.377855324994016,-1.9877630861655455,-2.1393066435919454,-2.1393066435919454,-2.1393066435919454,2,0,True,ok,True,-4.271312863401988e-07,-2.1393066435919454,-2.1393066435919454,0.00021393066435919456,0.51,True,False,False,False,-4.271312863401988e-07,-1.99658788000373e-07,0.07083769775610792,-6.887729231408457e-07
stress|2|4|8,stress,2,1,8,4.0,0.3,0.05,-5.126733695332773,optimal,False,0.040200212999479845,7,6,35,-5.126734515158492,optimal,0.03169291499943938,0.2330330929980846,-5.126733640516798,-5.126733640516798,-5.126733640516798,-5.126733640516798,2,0,True,ok,True,5.48159766466938e-08,-5.126733640516797,-5.126733640516798,0.0005126733640516798,0.49,False,False,False,False,5.481597575851538e-08,1.0692183174721602e-08,0.0,-8.198257184233171e-07
stress|2|5|8,stress,2,1,8,4.0,0.5,0.05,-4.883485089321971,optimal,False,0.06362582500150893,6,6,35,-4.883484161656683,optimal,0.055644758002017625,0.38284823799767764,-4.840639876858299,-4.883483813367786,-4.883483813367786,-4.883483813367786,2,0,True,ok,True,1.275954184976058e-06,-4.883483813367786,-4.883483813367786,0.0004883483813367786,0.51,True,False,False,False,1.275954184976058e-06,2.612794268105799e-07,0.008773232009535423,9.276652876977209e-07
stress|2|0|9,stress,2,1,9,1.0,0.3,0.05,0.21547328045510014,optimal,False,0.04073829800472595,6,6,35,0.21547331861584468,optimal,0.032951659995887894,0.28448708400537726,0.21547332588072027,0.2154733258807198,0.2154733258807198,0.2154733258807196,1,0,True,ok,True,4.542562156983898e-08,0.2154733258807217,0.2154733258807196,2.154733258807196e-05,0.0,False,False,False,False,4.5425619460415234e-08,2.1081787665028345e-07,3.091490847195853e-15,3.8160744536552826e-08
stress|2|1|9,stress,2,1,9,1.0,0.5,0.05,0.24627838557004159,optimal,False,0.06474865899508586,6,6,35,0.24627843047455877,optimal,0.05147106500226073,0.4928120359982131,0.2462784401717486,0.2462784401717477,0.2462784401717477,0.2462784401717469,1,0,True,ok,True,5.460170798832209e-08,0.24627844017174957,0.2462784401717469,2.4627844017174693e-05,0.0,False,False,False,False,5.460170532378683e-08,2.217072570026983e-07,6.874698862688327e-15,4.4904517187971393e-08
stress|2|2|9,stress,2,1,9,2.0,0.3,0.05,0.35223974757160276,optimal,False,0.06387979399733013,6,6,35,0.3522397886221522,optimal,0.05178027099464089,0.4934312780023902,0.3522398008999482,0.3522398008999472,0.35223980089994705,0.35223980089994644,1,0,True,ok,True,5.3328347515702035e-08,0.3522398008999503,0.35223980089994644,3.522398008999465e-05,0.0,False,False,False,False,5.33283436854326e-08,1.5139785913738227e-07,5.0430327148203895e-15,4.105054945968689e-08
stress|2|3|9,stress,2,1,9,2.0,0.5,0.05,0.3830447516827671,optimal,False,0.03913085199747002,6,6,35,0.38304479177474654,optimal,0.038936926997848786,0.3005454300000565,0.3830448023695357,0.38304480236953475,0.383044802369534,0.38304480236953337,1,0,True,ok,True,5.068676922626025e-08,0.3830448023695363,0.38304480236953337,3.830448023695334e-05,0.0,False,False,False,False,5.068676628416924e-08,1.3232596468557644e-07,6.086672726767873e-15,4.0091979458534155e-08
stress|2|4|9,stress,2,1,9,4.0,0.3,0.05,0.6257723688556825,optimal,False,0.04158142699452583,6,6,35,0.6257724385330437,optimal,0.03243844700045884,0.33335563800210366,0.6257724593868421,0.6257724593868351,0.6257724593868351,0.6257724593868176,1,0,True,ok,True,9.053112670631691e-08,0.6257724593868093,0.6257724593868093,6.257724593868093e-05,0.0,False,False,False,False,9.05311350329896e-08,1.446710330124342e-07,5.25152570010935e-14,6.967736110308209e-08
stress|2|5|9,stress,2,1,9,4.0,0.5,0.05,0.6565773010224728,optimal,False,0.03881010400073137,6,6,35,0.6565773786927446,optimal,0.03152400599356042,0.29251996100356337,0.6565773919399474,0.6565773919399287,0.6565773919399287,0.6565773919399269,1,0,True,ok,True,9.091745345468638e-08,0.6565773919399263,0.6565773919399263,6.565773919399264e-05,0.0,False,False,False,False,9.09174541208202e-08,1.384718204227233e-07,3.212757205293477e-14,7.76702717697475e-08
stress|2|0|10,stress,2,1,10,1.0,0.3,0.05,-0.24090819429279933,optimal,False,0.0634264649997931,7,6,35,-0.24090838580428733,optimal,0.053609219001373276,0.39054114700411446,-0.24090839427409627,-0.24090839427409627,-0.24090839427409638,-0.24090839427409638,2,0,True,ok,True,-1.9998129693887812e-07,-0.24090839427409627,-0.24090839427409638,2.409083942740964e-05,0.49,False,False,False,False,-1.9998129704990042e-07,-8.301141338797449e-07,4.608486258731138e-16,-1.915114880013391e-07
stress|2|1|10,stress,2,1,10,1.0,0.5,0.05,-0.043476484287353706,optimal,False,0.03884710999409435,8,6,35,-0.04347647906872405,optimal,0.03211814200039953,0.3706526620007935,-0.043476525690699805,-0.04347652569069985,-0.043476525690699916,-0.04347652569069997,2,0,True,ok,True,-4.140334617513952e-08,-0.04347652569069988,-0.04347652569069997,4.347652569069997e-06,0.42,False,False,False,False,-4.140334626534514e-08,-9.523158770542173e-07,3.830422303716797e-15,5.21862965341402e-09
stress|2|2|10,stress,2,1,10,2.0,0.3,0.05,-1.0045112933346012,optimal,False,0.04032804400048917,6,6,35,-1.0045110091617715,optimal,0.03178484199452214,0.22779937599989353,-1.0045112403030456,-1.0045112403030487,-1.0045112403030487,-1.0045112403030487,2,0,True,ok,True,5.303155248270741e-08,-1.0045112403030487,-1.0045112403030487,0.00010045112403030487,0.49,False,False,False,False,5.303155248270741e-08,5.279338603218937e-08,3.094663697354551e-15,2.8417282971204827e-07
stress|2|3|10,stress,2,1,10,2.0,0.5,0.05,-0.759551856357562,optimal,False,0.06466881999949692,7,6,35,-0.7595519047988815,optimal,0.05495665500347968,0.37721164799586404,-0.7595519111968778,-0.759551911196879,-0.7595519111968791,-0.7595519111968791,2,0,True,ok,True,-5.483931631022898e-08,-0.7595519111968783,-0.7595519111968791,7.595519111968792e-05,0.49,False,False,False,False,-5.48393171984074e-08,-7.219956970599725e-08,1.7540178754218923e-15,-4.844131951120545e-08
stress|2|4|10,stress,2,1,10,4.0,0.3,0.05,-2.531716859381689,optimal,False,0.039686746000370476,9,6,35,-2.5317170649638836,optimal,0.031354623002698645,0.2262135450000642,-2.531716932360953,-2.531716932360953,-2.531716932360953,-2.531716932360953,2,0,True,ok,True,-7.297926396532262e-08,-2.531716932360953,-2.531716932360953,0.0002531716932360953,0.49,False,False,False,False,-7.297926396532262e-08,-2.8825997541899706e-08,0.0,-2.0558219437916136e-07
stress|2|5|10,stress,2,1,10,4.0,0.5,0.05,-2.2867577300942377,optimal,False,0.038708950000000186,6,6,35,-2.2867577565151715,optimal,0.03203018199565122,0.22951612900214968,-2.2867576032547836,-2.2867576032547836,-2.2867576032547836,-2.2867576032547836,2,0,True,ok,True,1.2683945405100872e-07,-2.2867576032547836,-2.2867576032547836,0.00022867576032547837,0.49,False,False,False,False,1.2683945405100872e-07,5.546694010553608e-08,0.0,-2.6420933885162867e-08
stress|2|0|11,stress,2,1,11,1.0,0.3,0.05,-0.9754958909930496,optimal,False,0.06384217599406838,6,6,35,-0.9754957423043574,optimal,0.05153820999839809,0.41526164599781623,-0.9754958834834357,-0.9754958834834357,-0.9754958834834357,-0.9754958834834357,1,0,True,ok,True,7.509613819678407e-09,-0.9754958834834357,-0.9754958834834357,9.754958834834358e-05,0.0,False,False,False,False,7.509613819678407e-09,7.698252641570494e-09,0.0,1.4868869213646718e-07
stress|2|1|11,stress,2,1,11,1.0,0.5,0.05,-0.7729396945591284,optimal,False,0.03906956300488673,7,6,35,-0.7729397167798158,optimal,0.031615754996892065,0.22294012200291036,-0.7729397205653115,-0.772939720565314,-0.772939720565314,-0.772939720565314,1,0,True,ok,True,-2.6006184095095364e-08,-0.7729397205653125,-0.772939720565314,7.729397205653141e-05,0.0,False,False,False,False,-2.6006185649407598e-08,-3.3645814586144506e-08,3.303637901763241e-15,-2.222068740120875e-08
stress|2|2|11,stress,2,1,11,2.0,0.3,0.05,-2.3652041211360983,optimal,False,0.06425295100052608,6,6,35,-2.365204103331018,optimal,0.05343955500575248,0.38811647300462937,-0.5716681839596213,-2.3652040726279013,-2.3652040726279013,-2.3652040726279013,2,0,True,ok,True,4.850819701474052e-08,-2.3652040726279013,-2.3652040726279013,0.00023652040726279013,0.37,True,False,False,False,4.850819701474052e-08,2.0509095422783286e-08,0.7583006935530686,1.780508052107166e-08
stress|2|3|11,stress,2,1,11,2.0,0.5,0.05,-2.1626479232435654,optimal,False,0.04143349500373006,6,6,35,-2.162647949395878,optimal,0.032826129005115945,0.2356627430053777,-0.2745827643260662,-2.1626479097097797,-2.1626479097097797,-2.1626479097097797,2,0,True,ok,True,1.3533903331364172e-08,-2.162647909709662,-2.1626479097097797,0.00021626479097097798,0.3,True,False,False,False,1.3533785647723562e-08,6.257969918388486e-09,0.8730339954584128,-2.615231275981955e-08
stress|2|4|11,stress,2,1,11,4.0,0.3,0.05,-5.144620605440648,optimal,False,0.06298010099999374,6,6,35,-5.144620548094389,optimal,0.05125240599591052,0.3736701110028662,-1.7572931686232678,-5.144620450916833,-5.144620450916833,-5.144620450916833,2,0,True,ok,True,1.5452381507685686e-07,-5.1446204509168325,-5.144620450916833,0.0005144620450916834,0.42,True,False,False,False,1.5452381418867844e-07,3.003599799473321e-08,0.6584212216646425,5.734625840858598e-08
stress|2|5|11,stress,2,1,11,4.0,0.5,0.05,-4.942063946732771,optimal,False,0.06790402200567769,7,6,35,-4.942064341473771,optimal,0.052178484002070036,0.3781759579942445,-1.4602077489897178,-4.942064287998711,-4.942064287998711,-4.942064287998711,2,0,True,ok,True,-3.4126593995154053e-07,-4.942064287998711,-4.942064287998711,0.0004942064287998711,0.4,True,False,False,False,-3.4126593995154053e-07,-6.905332339480421e-08,0.7045348534749577,-3.947409998872331e-07
stress|2|0|12,stress,2,1,12,1.0,0.3,0.05,-0.19899787158452617,optimal,False,0.04542060800304171,8,6,35,-0.19899818846816597,optimal,0.03451340500032529,0.2482930039986968,-0.18197786377668346,-0.19899829788585388,-0.19899829788585388,-0.19899829788585388,2,0,True,ok,True,-4.263013277105987e-07,-0.19899829788585388,-0.19899829788585388,1.989982978858539e-05,0.43,True,False,False,False,-4.263013277105987e-07,-2.142240639641833e-06,0.08553055121573655,-3.168836398004249e-07
stress|2|1|12,stress,2,1,12,1.0,0.5,0.05,-0.02862050278314135,optimal,False,0.06752905400207965,7,6,35,-0.028620536436775056,optimal,0.051187281002057716,0.6105372550009633,-0.028620526377392416,-0.02862052637739243,-0.02862052637739251,-0.02862052637739251,2,0,True,ok,True,-2.3594251115366394e-08,-0.028620526377392465,-0.02862052637739251,2.862052637739251e-06,0.51,False,False,False,False,-2.3594251160469204e-08,-8.243828327980034e-07,3.2730029653382604e-15,-3.3653633706165476e-08
stress|2|2|12,stress,2,1,12,2.0,0.3,0.05,-0.9944351689512744,optimal,False,0.04034159000002546,6,6,35,-0.994435122778494,optimal,0.03371350700035691,0.2144058359990595,-0.7645022748362219,-0.9944351274633999,-0.9944351274633999,-0.9944351274633999,2,0,True,ok,True,4.148787446922597e-08,-0.9944351274633999,-0.9944351274633999,9.944351274633999e-05,0.42,True,False,False,False,4.148787446922597e-08,4.172003944005605e-08,0.2312195600065834,4.6172780376885214e-08
stress|2|3|12,stress,2,1,12,2.0,0.5,0.05,-0.687687097122415,optimal,False,0.06596953799453331,7,6,35,-0.6876872357100144,optimal,0.05445085799874505,0.38285815499693854,-0.5615872823391377,-0.6876872487873403,-0.6876872487873403,-0.6876872487873403,2,0,True,ok,True,-1.5166492450813251e-07,-0.6876872487873396,-0.6876872487873403,6.876872487873404e-05,0.42,True,False,False,False,-1.5166492528528863e-07,-2.2054350869737314e-07,0.18336819051184367,-1.3858759939644472e-07
stress|2|4|12,stress,2,1,12,4.0,0.3,0.05,-2.5853087214201,optimal,False,0.06397872600064147,6,6,35,-2.585308947482296,optimal,0.058236015000147745,0.38359819399920525,-1.929551096955299,-2.585308786618492,-2.585308786618492,-2.585308786618492,2,0,True,ok,True,-6.51983920185728e-08,-2.585308786618492,-2.585308786618492,0.0002585308786618492,0.42,True,False,False,False,-6.51983920185728e-08,-2.5218803262598202e-08,0.2536477240387617,-2.2606219607368416e-07
stress|2|5|12,stress,2,1,12,4.0,0.5,0.05,-2.2785610167514703,optimal,False,0.043770215001131874,6,6,35,-2.2785609770008795,optimal,0.03151479300140636,0.21973587600223254,-1.726636104458215,-2.2785609079424325,-2.2785609079424325,-2.2785609079424325,2,0,True,ok,True,1.0880903777987783e-07,-2.2785609079424325,-2.2785609079424325,0.00022785609079424327,0.42,True,False,False,False,1.0880903777987783e-07,4.775340093152571e-08,0.24222517008887512,3.975059081895438e-08
stress|2|0|13,stress,2,1,13,1.0,0.3,0.05,-0.5787279184701077,optimal,False,0.06509656500566052,8,6,35,-0.5787279041029125,optimal,0.05269293700257549,0.37889104599889833,-0.4211954976816279,-0.5787279200271279,-0.578727920027128,-0.578727920027128,2,0,True,ok,True,-1.5570199574099775e-09,-0.5787279200271277,-0.578727920027128,5.787279200271281e-05,0.54,True,False,False,False,-1.5570202904768848e-09,-2.6904184864503087e-09,0.272204635190429,1.4367195211306694e-08
stress|2|1|13,stress,2,1,13,1.0,0.5,0.05,-0.20391218442030465,optimal,False,0.06309380599850556,8,6,35,-0.2039124921821271,optimal,0.05150930100353435,0.6146277469961205,-0.10821535499897021,-0.2039124954690411,-0.2039124954690411,-0.20391249546904125,2,0,True,ok,True,-3.1104873624010487e-07,-0.2039124954690409,-0.20391249546904125,2.0391249546904125e-05,0.46,True,False,False,False,-3.1104873660092736e-07,-1.5254053478226313e-06,0.4693049351877513,-3.0776182244340866e-07
stress|2|2|13,stress,2,1,13,2.0,0.3,0.05,-1.8727493856047763,optimal,False,0.038703002006514,6,6,35,-1.8727493440007987,optimal,0.03228853100154083,0.24853449099464342,-1.5285388418896728,-1.8727492704825115,-1.8727492704825115,-1.8727492704825115,2,0,True,ok,True,1.1512226483212373e-07,-1.8727492704825115,-1.8727492704825115,0.00018727492704825115,0.55,True,False,False,False,1.1512226483212373e-07,6.147232818071208e-08,0.1837995261929288,4.160397759633838e-08
stress|2|3|13,stress,2,1,13,2.0,0.5,0.05,-1.4782290803906586,optimal,False,0.06458168700191891,6,6,35,-1.4782290765731059,optimal,0.05089890300587285,0.3669582420043298,-1.1353890022810778,-1.478229047701533,-1.478229047701533,-1.478229047701533,2,0,True,ok,True,3.268912585063788e-08,-1.4782290477015327,-1.478229047701533,0.0001478229047701533,0.55,True,False,False,False,3.2689125628593274e-08,2.2113707585805552e-08,0.23192619976824969,3.817552718388129e-09
stress|2|4|13,stress,2,1,13,4.0,0.3,0.05,-4.460792056086842,optimal,False,0.06452336099755485,7,6,35,-4.460792094376572,optimal,0.055814445004216395,0.39187771399883786,-3.7432255303057804,-4.460791971393278,-4.460791971393278,-4.460791971393278,2,0,True,ok,True,8.469356416185292e-08,-4.460791971393278,-4.460791971393278,0.00044607919713932786,0.57,True,False,False,False,8.469356416185292e-08,1.8986216594940088e-08,0.16086077218780817,-3.828972960917554e-08
stress|2|5|13,stress,2,1,13,4.0,0.5,0.05,-4.066272009517627,optimal,False,0.04427252999448683,6,6,35,-4.066271754225779,optimal,0.03347074300108943,0.23782510400633328,-3.3500756906971803,-4.0662717486123,-4.0662717486123,-4.0662717486123,2,0,True,ok,True,2.609053275648421e-07,-4.0662717486123,-4.0662717486123,0.00040662717486123,0.55,True,False,False,False,2.609053275648421e-07,6.416327460488623e-08,0.17613088897945306,2.5529184810579864e-07
stress|2|0|14,stress,2,1,14,1.0,0.3,0.05,-0.36301740009137656,optimal,False,0.06618256199726602,8,6,35,-0.3630173367758675,optimal,0.05381991100148298,0.382797402999131,-0.3455283604282837,-0.3630174153892345,-0.3630174153892345,-0.3630174153892345,2,0,True,ok,True,-1.5297857869356335e-08,-0.36301741538923443,-0.3630174153892345,3.630174153892345e-05,0.56,True,False,False,False,-1.5297857924867486e-08,-4.214083931243186e-08,0.04817690341990523,6.331550905791516e-08
stress|2|1|14,stress,2,1,14,1.0,0.5,0.05,-0.16149698256577,optimal,False,0.04010479999851668,10,6,35,-0.16149700273176157,optimal,0.031197097996482626,0.28725462399597745,-0.10685403438334845,-0.1614970129062745,-0.1614970129062746,-0.1614970129062746,2,0,True,ok,True,-3.034050449768344e-08,-0.1614970129062745,-0.1614970129062746,1.614970129062746e-05,0.54,True,False,False,False,-3.034050460870574e-08,-1.8787041173570848e-07,0.33835287439426764,-2.0165991571063913e-08
stress|2|2|14,stress,2,1,14,2.0,0.3,0.05,-1.2096481973344226,optimal,False,0.06652288099576253,7,6,35,-1.2096481764926967,optimal,0.053299281004001386,0.37590185499720974,-1.2096481325883348,-1.2096481325883366,-1.2096481325883366,-1.2096481325883366,2,0,True,ok,True,6.474608604811749e-08,-1.2096481325883366,-1.2096481325883366,0.00012096481325883366,0.44,False,False,False,False,6.474608604811749e-08,5.352472412292416e-08,1.4684905399715722e-15,2.0841725900666574e-08
stress|2|3|14,stress,2,1,14,2.0,0.5,0.05,-0.9808335565783939,optimal,False,0.038239187000726815,7,6,35,-0.9808336107961391,optimal,0.030861733001074754,0.21503520099940943,-0.9477009474872948,-0.9808335736875138,-0.9808335736875138,-0.9808335736875138,2,0,True,ok,True,-1.7109119898606195e-08,-0.9808335736875138,-0.9808335736875138,9.808335736875139e-05,0.56,True,False,False,False,-1.7109119898606195e-08,-1.7443448772583605e-08,0.033780069411423676,-5.4217745182327803e-08
stress|2|4|14,stress,2,1,14,4.0,0.3,0.05,-2.937887510985674,optimal,False,0.10823432100005448,7,6,35,-2.937887863004419,optimal,0.05323576699447585,0.38403828300215537,-2.9378876769084337,-2.937887676908442,-2.937887676908442,-2.937887676908442,2,0,True,ok,True,-1.6592276796956185e-07,-2.937887676908442,-2.937887676908442,0.00029378876769084423,0.44,False,False,False,False,-1.6592276796956185e-07,-5.6476896187864605e-08,2.8720277679336706e-15,-3.520187448202705e-07
stress|2|5|14,stress,2,1,14,4.0,0.5,0.05,-2.675940647899462,optimal,False,0.06658966800023336,6,6,35,-2.675940686922073,optimal,0.05276860400044825,0.39556765599991195,-2.6759404918074012,-2.6759404918074012,-2.6759404918074012,-2.6759404918074012,2,0,True,ok,True,1.5609206061029113e-07,-2.6759404918074012,-2.6759404918074012,0.0002675940491807401,0.44,False,False,False,False,1.5609206061029113e-07,5.833166020809131e-08,0.0,-3.9022611364458726e-08
stress|2|0|15,stress,2,1,15,1.0,0.3,0.05,0.3654083198333507,optimal,False,0.03910122299566865,6,6,35,0.3654083658506949,optimal,0.03190481400088174,0.29649247599445516,0.36540837656453273,0.3654083765645318,0.3654083765645315,0.3654083765645293,1,0,True,ok,True,5.6731183972758004e-08,0.3654083765645347,0.3654083765645293,3.654083765645293e-05,0.0,False,False,False,False,5.6731178588176334e-08,1.5525420607294693e-07,9.418753364922383e-15,4.601734421294523e-08
stress|2|1|15,stress,2,1,15,1.0,0.5,0.05,0.40493962978299897,optimal,False,0.0676225900024292,6,6,35,0.40493967245418805,optimal,0.053906910005025566,0.5070023980006226,0.4049396818676128,0.40493968186761187,0.4049396818676109,0.404939681867607,1,0,True,ok,True,5.20846177853862e-08,0.40493968186761675,0.404939681867607,4.0493968186760704e-05,0.0,False,False,False,False,5.2084608015423584e-08,1.2862314326541697e-07,1.439392368858463e-14,4.2671189082188477e-08
stress|2|2|15,stress,2,1,15,2.0,0.3,0.05,0.63756362342295,optimal,False,0.03851561799820047,6,6,35,0.6375636909104753,optimal,0.03264042800583411,0.3501579389994731,0.6375637099551114,0.6375637099551114,0.6375637099551074,0.637563709955084,1,0,True,ok,True,8.653216443388345e-08,0.6375637099551145,0.637563709955084,6.375637099550841e-05,0.0,False,False,False,False,8.653213401377258e-08,1.3572313544050564e-07,4.28372662674024e-14,6.748752523488832e-08
stress|2|3|15,stress,2,1,15,2.0,0.5,0.05,0.6770955735848723,optimal,False,0.06242136900254991,6,6,35,0.6770956468256256,optimal,0.05145901299692923,0.5408484329964267,0.6770956592597444,0.6770956592597444,0.6770956592597411,0.677095659259721,1,0,True,ok,True,8.567487597144208e-08,0.6770956592597482,0.677095659259721,6.770956592597211e-05,0.0,False,False,False,False,8.567484877097797e-08,1.2653287381185167e-07,3.4433367277259735e-14,7.324075335102265e-08
stress|2|4|15,stress,2,1,15,4.0,0.3,0.05,1.1818297582032862,optimal,False,0.040510571001505014,6,6,35,1.1818298277760617,optimal,0.03404326100280741,0.37355687499803025,1.18182999168255,1.181829991682532,1.1818299916822252,1.1818299916822252,1,0,True,ok,True,2.334791666669389e-07,1.1818299916824528,1.1818299916822252,0.00011818299916822253,0.0,False,False,False,False,2.3347893907121886e-07,1.9755716713900702e-07,2.7487139376360316e-13,6.957277554064945e-08
stress|2|5|15,stress,2,1,15,4.0,0.5,0.05,1.2213638017727704,optimal,False,0.06409742899995763,6,6,35,1.2213639528976818,optimal,0.052833378002105746,0.5612872010024148,1.2213640098487124,1.2213640098487124,1.2213640098485956,1.2213640098485352,1,0,True,ok,True,2.0807589851123964e-07,1.2213640098486689,1.2213640098485352,0.00012213640098485351,0.0,False,False,False,False,2.0807576484038748e-07,1.7036346135227865e-07,1.450768102722701e-13,1.5112491147384333e-07
stress|2|0|16,stress,2,1,16,1.0,0.3,0.05,-0.8580572564089377,optimal,False,0.04670923800586024,7,6,35,-0.8580572512922313,optimal,0.0320949630040559,0.24381820099370088,-0.8580572566331723,-0.8580572566331723,-0.8580572566331723,-0.8580572566331723,2,0,True,ok,True,-2.2423352064038227e-10,-0.8580572566331712,-0.8580572566331723,8.580572566331723e-05,0.49,False,False,False,False,-2.242346308634069e-10,-2.613282845504425e-10,0.0,5.116706391916637e-09
stress|2|1|16,stress,2,1,16,1.0,0.5,0.05,-0.5859114855886466,optimal,False,0.06693960900156526,8,6,35,-0.5859114686397445,optimal,0.054093653001473285,0.366545924996899,-0.5859114895636177,-0.5859114895636178,-0.5859114895636178,-0.5859114895636178,2,0,True,ok,True,-3.974970907982822e-09,-0.5859114895636175,-0.5859114895636178,5.859114895636179e-05,0.49,False,False,False,False,-3.9749712410497295e-09,-6.784252124800392e-09,1.8948647439087459e-16,1.6948902059610305e-08
stress|2|2|16,stress,2,1,16,2.0,0.3,0.05,-2.2238803364137008,optimal,False,0.07243090299743926,7,6,35,-2.2238807141216013,optimal,0.053000758998678066,0.38588078699831385,-2.2238803546841606,-2.2238803546841606,-2.2238803546841606,-2.2238803546841606,2,0,True,ok,True,-1.8270459811731143e-08,-2.2238803546841606,-2.2238803546841606,0.00022238803546841606,0.5,False,False,False,False,-1.8270459811731143e-08,-8.215576851223326e-09,0.0,-3.7770790051183667e-07
stress|2|3|16,stress,2,1,16,2.0,0.5,0.05,-1.9517347614012246,optimal,False,0.044598153996048495,6,6,35,-1.9517347160068428,optimal,0.0329192659992259,0.22955058999650646,-1.951734587614606,-1.951734587614606,-1.951734587614606,-1.951734587614606,2,0,True,ok,True,1.7378661887335056e-07,-1.9517345876146057,-1.951734587614606,0.0001951734587614606,0.5,False,False,False,False,1.7378661865130596e-07,8.904212912954317e-08,0.0,4.5394381809060746e-08
stress|2|4|16,stress,2,1,16,4.0,0.3,0.05,-4.955526608501678,optimal,False,0.0412281110038748,7,6,35,-4.95552676176962,optimal,0.031168573004833888,0.2510350950033171,-4.955526550786137,-4.955526550786137,-4.955526550786137,-4.955526550786137,2,0,True,ok,True,5.771554167921522e-08,-4.955526550786137,-4.955526550786137,0.0004955526550786137,0.5,False,False,False,False,5.771554167921522e-08,1.1646702003415481e-08,0.0,-1.5326794144954192e-07
stress|2|5|16,stress,2,1,16,4.0,0.5,0.05,-4.6833815301167,optimal,False,0.06498871999792755,6,6,35,-4.683380933667215,optimal,0.05151051699795062,0.3834200700002839,-4.683380783716582,-4.683380783716582,-4.683380783716582,-4.683380783716582,2,0,True,ok,True,7.464001177126534e-07,-4.683380783716582,-4.683380783716582,0.00046833807837165823,0.5,False,False,False,False,7.464001177126534e-07,1.5937205049661087e-07,0.0,5.964494844690194e-07
stress|2|0|17,stress,2,1,17,1.0,0.3,0.05,-0.5300916990347775,optimal,False,0.06658487900131149,7,6,35,-0.5300917622630229,optimal,0.05358785900170915,0.38857521300087683,-0.5300917952682143,-0.5300917952682144,-0.5300917952682144,-0.5300917952682144,2,0,True,ok,True,-9.623343655285055e-08,-0.530091795268214,-0.5300917952682144,5.300917952682144e-05,0.4,False,False,False,False,-9.623343688591746e-08,-1.8154111271907298e-07,2.0943976770351803e-16,-6.322824541715732e-08
stress|2|1|17,stress,2,1,17,1.0,0.5,0.05,-0.19167881462950992,optimal,False,0.04240842300350778,9,6,35,-0.19167873464871685,optimal,0.06499852699926123,0.3758614589969511,-0.19167882081000415,-0.19167882081000415,-0.19167882081000417,-0.19167882081000423,2,0,True,ok,True,-6.180494199758968e-09,-0.19167882081000412,-0.19167882081000423,1.9167882081000423e-05,0.34,False,False,False,False,-6.1804943107812704e-09,-3.2244013626270375e-08,4.344075495405011e-16,7.998079307180994e-08
stress|2|2|17,stress,2,1,17,2.0,0.3,0.05,-1.6598494205050311,optimal,False,0.06530747399665415,6,6,35,-1.6598493692364125,optimal,0.050893340005131904,0.3826957140045124,-1.659849408502901,-1.6598494085029047,-1.6598494085029047,-1.6598494085029047,2,0,True,ok,True,1.2002126403842794e-08,-1.6598494085029047,-1.6598494085029047,0.0001659849408502905,0.44,False,False,False,False,1.2002126403842794e-08,7.230852543353594e-09,2.274157079786028e-15,5.126861868376409e-08
stress|2|3|17,stress,2,1,17,2.0,0.5,0.05,-1.3024523791649418,optimal,False,0.06552821500372374,6,6,35,-1.3024522921917843,optimal,0.09381174400186865,0.38296380099927774,-1.3024523165029218,-1.3024523165029223,-1.3024523165029223,-1.3024523165029223,2,0,True,ok,True,6.266201957316753e-08,-1.3024523165029223,-1.3024523165029223,0.00013024523165029223,0.43,False,False,False,False,6.266201957316753e-08,4.811079512430454e-08,3.4096389113302806e-16,8.697315756478474e-08
stress|2|4|17,stress,2,1,17,4.0,0.3,0.05,-3.919364636473043,optimal,False,0.0688917949955794,7,6,35,-3.919364847242371,optimal,0.053824312999495305,0.37558520199672785,-3.9193646349720326,-3.919364634972286,-3.919364634972286,-3.919364634972286,2,0,True,ok,True,1.500756852124141e-09,-3.919364634972286,-3.919364634972286,0.0003919364634972286,0.44,False,False,False,False,1.500756852124141e-09,3.8290819847643513e-10,6.46979708296977e-14,-2.107693282127343e-07
stress|2|5|17,stress,2,1,17,4.0,0.5,0.05,-3.561967545061934,optimal,False,0.038017439997929614,6,6,35,-3.5619676375473195,optimal,0.032681921002222225,0.22341252399928635,-3.5619675429723037,-3.5619675429723037,-3.5619675429723037,-3.5619675429723037,2,0,True,ok,True,2.089760808843266e-09,-3.561967542972173,-3.5619675429723037,0.0003561967542972304,0.44,False,False,False,False,2.0896302466155703e-09,5.866505576426404e-10,0.0,-9.24853855721608e-08
stress|2|0|18,stress,2,1,18,1.0,0.3,0.05,0.3368107039465802,optimal,False,0.03980672099714866,6,6,35,0.33681074933667826,optimal,0.032421733005321585,0.2971108869969612,0.33681075971549873,0.3368107597154976,0.33681075971549385,0.33681075971549385,1,0,True,ok,True,5.576891881631241e-08,0.336810759715499,0.33681075971549385,3.368107597154939e-05,0.0,False,False,False,False,5.576891365377534e-08,1.655793981613499e-07,1.4503637925572993e-14,4.539009806903138e-08
stress|2|1|18,stress,2,1,18,1.0,0.5,0.05,0.38288242933626926,optimal,False,0.036940912999853026,6,6,35,0.38288247579593726,optimal,0.02996643100050278,0.2988365849960246,0.38288248814998566,0.38288248814998505,0.3828824881499814,0.38288248814998094,1,0,True,ok,True,5.8813714343131096e-08,0.3828824881499836,0.38288248814998094,3.8288248814998095e-05,0.0,False,False,False,False,5.881371167859584e-08,1.536077583412486e-07,1.2323488278232842e-14,4.645966800165269e-08
stress|2|2|18,stress,2,1,18,2.0,0.3,0.05,0.5501349998024362,optimal,False,0.06278510400443338,6,6,35,0.550135045830564,optimal,0.051487629003531765,0.5279910269964603,0.5501350634753908,0.5501350634753862,0.5501350634753857,0.5501350634753802,1,0,True,ok,True,6.367295146691987e-08,0.5501350634753877,0.5501350634753802,5.5013506347538026e-05,0.0,False,False,False,False,6.36729440284256e-08,1.1574058013267972e-07,1.91718714806314e-14,4.602812786469457e-08
stress|2|3|18,stress,2,1,18,2.0,0.5,0.05,0.5963101898563005,optimal,False,0.03786897299869452,6,6,35,0.5963102327418336,optimal,0.032741547998739406,0.3279227599996375,0.5963102511660425,0.5963102511660394,0.5963102511660279,0.5963102511660247,1,0,True,ok,True,6.130974183893301e-08,0.5963102511660423,0.5963102511660247,5.963102511660247e-05,0.0,False,False,False,False,6.130972418638692e-08,1.028151543094734e-07,2.9975320165154056e-14,4.2885533124703556e-08
stress|2|4|18,stress,2,1,18,4.0,0.3,0.05,0.9764861637333435,optimal,False,0.06719906199577963,6,6,35,0.976486258131817,optimal,0.05328727400046773,0.6066402840006049,0.9764863146650284,0.9764863146649257,0.9764863146649257,0.9764863146648884,1,0,True,ok,True,1.509316714942699e-07,0.976486314665015,0.9764863146648884,9.764863146648885e-05,0.0,False,False,False,False,1.5093154492884508e-07,1.5456598417308563e-07,1.4337028722545617e-13,9.439847348247099e-08
stress|2|5|18,stress,2,1,18,4.0,0.5,0.05,1.022750872558405,optimal,False,0.044011233003402594,6,6,35,1.0227509474055203,optimal,0.03258599099353887,0.3734953699968173,1.0227510102791433,1.0227510102791217,1.0227510102790973,1.022751010278995,1,0,True,ok,True,1.3772061424610627e-07,1.0227510102790192,1.022751010278995,0.0001022751010278995,0.0,False,False,False,False,1.3772059004324433e-07,1.3465702522329522e-07,1.4502630122013697e-13,7.484711539440525e-08
stress|2|0|19,stress,2,1,19,1.0,0.3,0.05,-0.13252903025799193,optimal,False,0.0695374169954448,14,6,35,-0.13252881065082045,optimal,0.054993286001263186,0.4625988719999441,-0.03698342168149572,-0.1325291611810382,-0.1325291611810382,-0.1325291611810382,2,0,True,ok,True,-1.3092304626538542e-07,-0.1325291611810382,-0.1325291611810382,1.325291611810382e-05,0.28,True,False,False,False,-1.3092304626538542e-07,-9.87882021097716e-07,0.7209412528388719,2.19607171475511e-07
stress|2|1|19,stress,2,1,19,1.0,0.5,0.05,-0.01836190204968821,optimal,False,0.06651867499749642,8,6,35,-0.01836188244440759,optimal,0.052383401001861785,0.581387733000156,-0.018361901880119623,-0.018361901880119623,-0.01836190188011963,-0.01836190188011965,1,0,True,ok,True,1.6956855364291812e-10,-0.018361901880119658,-0.018361901880119658,1.836190188011966e-06,0.0,False,False,False,False,1.6956856058181202e-10,9.234803677906087e-09,1.8894812610397225e-15,1.9605280621171062e-08
stress|2|2|19,stress,2,1,19,2.0,0.3,0.05,-0.7500647127216081,optimal,False,0.03915304900147021,7,6,35,-0.7500645034591603,optimal,0.032755699001427274,0.2377702860030695,-0.5032198554594737,-0.7500647285137961,-0.7500647285137961,-0.7500647285137961,2,0,True,ok,True,-1.5792184671070686e-08,-0.7500647285137928,-0.7500647285137961,7.500647285137961e-05,0.48,True,False,False,False,-1.579218800173976e-08,-2.1054434016016887e-08,0.329098094698346,2.0926244781449554e-07
stress|2|3|19,stress,2,1,19,2.0,0.5,0.05,-0.5224383394047802,optimal,False,0.06322555199585622,7,6,35,-0.5224383679199855,optimal,0.051045211002929136,0.36851012099941727,-0.23693098887849462,-0.5224383910185323,-0.5224383910185323,-0.5224383910185323,2,0,True,ok,True,-5.1613752050094774e-08,-0.5224383910185323,-0.5224383910185323,5.2243839101853235e-05,0.46,True,False,False,False,-5.1613752050094774e-08,-9.879395931948427e-08,0.5464900877277029,-2.851520530811058e-08
stress|2|4|19,stress,2,1,19,4.0,0.3,0.05,-1.9851360526137405,optimal,False,0.06525164400227368,6,6,35,-1.985135922946531,optimal,0.05396244899748126,0.37236050800129306,-1.519516376031509,-1.9851358631793117,-1.9851358631793117,-1.9851358631793117,2,0,True,ok,True,1.8943442881003136e-07,-1.9851358631793117,-1.9851358631793117,0.00019851358631793118,0.48,True,False,False,False,1.8943442881003136e-07,9.54264210559329e-08,0.2345529571976428,1.2966720941420817e-07
stress|2|5|19,stress,2,1,19,4.0,0.5,0.05,-1.7575096237044754,optimal,False,0.06501507999928435,6,6,35,-1.7575095360104616,optimal,0.05042397700162837,0.2002172430002247,-1.2532270633773166,-1.757509525684048,-1.757509525684048,-1.757509525684048,2,0,True,ok,True,9.802047795659519e-08,-1.7575095256839974,-1.757509525684048,0.00017575095256840481,0.48,True,False,False,False,9.802042733042526e-08,5.577234173194341e-08,0.28693014458084226,8.76940138283544e-08
stress|4|0|0,stress,4,2,0,1.0,0.3,0.05,-0.819628699411301,optimal,False,0.1340899150018231,7,6,75,-0.8196287308676052,optimal,0.07084172900067642,0.3096824000022025,-0.8196287340188164,-0.8196287340188181,-0.8196287340188181,-0.8196287340188181,2,0,True,ok,True,-3.4607517074292105e-08,-0.8196287340188181,-0.8196287340188181,8.196287340188181e-05,0.08,False,False,False,False,-3.4607517074292105e-08,-4.22234081104639e-08,2.0318157085248064e-15,-3.145630422807244e-08
stress|4|1|0,stress,4,2,0,1.0,0.5,0.05,-0.5321112620682268,optimal,False,0.13730287499492988,8,6,75,-0.5321110511633477,optimal,0.10965557400049875,0.45701161499891896,-0.5321112917662796,-0.5321112917662796,-0.5321112917662796,-0.5321112917662796,1,0,True,ok,True,-2.9698052794735474e-08,-0.5321112917662796,-0.5321112917662796,5.321112917662796e-05,0.0,False,False,False,False,-2.9698052794735474e-08,-5.5811735085824246e-08,0.0,2.1090487911656908e-07
stress|4|2|0,stress,4,2,0,2.0,0.3,0.05,-2.245225357217599,optimal,False,0.13376053699903423,7,6,75,-2.2452253767158563,optimal,0.1009272500014049,0.4262158860001364,-2.245225372311479,-2.245225372311479,-2.245225372311479,-2.245225372311479,2,0,True,ok,True,-1.509387992371103e-08,-2.245225372311479,-2.245225372311479,0.00022452253723114792,0.3,False,False,False,False,-1.509387992371103e-08,-6.722656981932609e-09,0.0,-1.9498257231020943e-08
stress|4|3|0,stress,4,2,0,2.0,0.5,0.05,-1.9577075434609494,optimal,False,0.13468271500460105,6,6,75,-1.957707935346668,optimal,0.10743273200205294,0.5013103509991197,-1.9577079300589406,-1.9577079300589406,-1.9577079300589406,-1.9577079300589406,2,0,True,ok,True,-3.8659799117546356e-07,-1.9577079300589406,-1.9577079300589406,0.00019577079300589408,0.18,False,False,False,False,-3.8659799117546356e-07,-1.9747484371031902e-07,0.0,-3.918857185425395e-07
stress|4|4|0,stress,4,2,0,4.0,0.3,0.05,-5.0964186649731875,optimal,False,0.1306545340048615,7,6,75,-5.09641848970375,optimal,0.10453813400090439,0.41644820899819024,-5.096418648896801,-5.096418648896801,-5.096418648896801,-5.096418648896801,2,0,True,ok,True,1.6076386444296986e-08,-5.096418648896801,-5.096418648896801,0.0005096418648896801,0.38,False,False,False,False,1.6076386444296986e-08,3.1544477605003756e-09,0.0,1.7526943718593202e-07
stress|4|5|0,stress,4,2,0,4.0,0.5,0.05,-4.808901655716889,optimal,False,0.09733533699909458,6,6,75,-4.808901177048069,optimal,0.09162457400088897,0.4297995949964388,-4.808901206644263,-4.808901206644263,-4.808901206644263,-4.808901206644263,2,0,True,ok,True,4.4907262619631183e-07,-4.808901206644263,-4.808901206644263,0.00048089012066442635,0.34,False,False,False,False,4.4907262619631183e-07,9.338361612416175e-08,0.0,4.786688201363631e-07
stress|4|0|1,stress,4,2,1,1.0,0.3,0.05,0.06811381508658514,optimal,False,0.08251274000213016,8,6,75,0.06811377349,optimal,0.0824484400000074,0.6793297080002958,0.06811373235803717,0.06811373235803697,0.06811373235803682,0.0681137323580368,1,0,True,ok,True,-8.272854819246778e-08,0.06811373235803694,0.0681137323580368,6.811373235803681e-06,0.0,False,False,False,False,-8.272854833124565e-08,-1.2145634219149599e-06,5.297352978787428e-15,-4.159658513469555e-08
stress|4|1|1,stress,4,2,1,1.0,0.5,0.05,0.0734131131343315,optimal,False,0.1373540979984682,8,6,75,0.07341308473255473,optimal,0.09967391199461417,0.4272663480005576,0.07341308064807567,0.07341308064807556,0.07341308064807547,0.07341308064807547,1,0,True,ok,True,-3.2486253076502436e-08,0.07341308064807843,0.07341308064807547,7.341308064807548e-06,0.0,False,False,False,False,-3.248625603247124e-08,-4.4251298774141074e-07,2.6465178629511127e-15,-2.840177677765343e-08
stress|4|2|1,stress,4,2,1,2.0,0.3,0.05,0.11465189764008975,optimal,False,0.08405863900406985,8,6,75,0.11465174518503624,optimal,0.07211577099951683,0.4291476760045043,0.11465174398967154,0.11465174398967132,0.11465174398967101,0.11465174398967101,1,0,True,ok,True,-1.5365041847181793e-07,0.11465174398967128,0.11465174398967101,1.1465174398967101e-05,0.0,False,False,False,False,-1.536504187354959e-07,-1.3401471924854538e-06,4.5996329261634164e-15,-1.5245505351202393e-07
stress|4|3|1,stress,4,2,1,2.0,0.5,0.05,0.1199759697564858,optimal,False,0.1363808450041688,8,6,75,0.11997585096235386,optimal,0.11292030299955513,0.7166601319986512,0.11997585118502094,0.11997585118501909,0.11997585118501872,0.11997585118501872,1,0,True,ok,True,-1.1857146196836421e-07,0.11997585118502384,0.11997585118501872,1.1997585118501872e-05,0.0,False,False,False,False,-1.1857146708926791e-07,-9.882934668494982e-07,1.8507441516927353e-14,-1.1879413194804123e-07
stress|4|4|1,stress,4,2,1,4.0,0.3,0.05,0.2076403489172576,optimal,False,0.08008927199989557,8,6,75,0.20764027084486913,optimal,0.07039292999979807,0.4612045629983186,0.20764031817597733,0.20764031817597595,0.20764031817597425,0.20764031817597398,1,0,True,ok,True,-3.074128146485222e-08,0.20764031817597614,0.20764031817597398,2.0764031817597398e-05,0.0,False,False,False,False,-3.074128362978712e-08,-1.4805062595053325e-07,1.617424149121585e-14,-7.807238847079567e-08
stress|4|5|1,stress,4,2,1,4.0,0.5,0.05,0.21298538855336657,optimal,False,0.1424534599937033,8,6,75,0.2129853186043809,optimal,0.11010286000237102,0.5820862300024601,0.212985362647206,0.212985362647206,0.21298536264720497,0.21298536264720422,1,0,True,ok,True,-2.590615949538133e-08,0.21298536264720708,0.21298536264720422,2.1298536264720423e-05,0.0,False,False,False,False,-2.590616235420562e-08,-1.2163351922948676e-07,8.340276614889563e-15,-6.994898565926277e-08
stress|4|0|2,stress,4,2,2,1.0,0.3,0.05,-0.832771971767944,optimal,False,0.13521727299666964,7,6,75,-0.8327719926186128,optimal,0.10239666000416037,0.39468557899817824,-0.8327720593793597,-0.8327720593793597,-0.8327720593793597,-0.8327720593793597,2,0,True,ok,True,-8.761141567781294e-08,-0.8327720593793597,-0.8327720593793597,8.327720593793597e-05,0.45,False,False,False,False,-8.761141567781294e-08,-1.052045681746675e-07,0.0,-2.085066874712993e-08
stress|4|1|2,stress,4,2,2,1.0,0.5,0.05,-0.5728410408478535,optimal,False,0.0840389340010006,8,6,75,-0.5728407023675577,optimal,0.07063126400316833,0.3559575280014542,-0.572841124644455,-0.572841124644455,-0.572841124644455,-0.572841124644455,2,0,True,ok,True,-8.379660154655966e-08,-0.572841124644455,-0.572841124644455,5.728411246444551e-05,0.45,False,False,False,False,-8.379660154655966e-08,-1.462824685580027e-07,0.0,3.384802957917543e-07
stress|4|2|2,stress,4,2,2,2.0,0.3,0.05,-2.1731081678660775,optimal,False,0.08077405799849657,9,6,75,-2.1731084326210373,optimal,0.07189910599845462,0.24899801800347632,-2.118107207196033,-2.173108461261667,-2.173108461261669,-2.173108461261669,2,0,True,ok,True,-2.9339554830087877e-07,-2.173108461261626,-2.173108461261669,0.0002173108461261669,0.55,True,False,False,False,-2.9339559137753213e-07,-1.3501195923700255e-07,0.02530994427848446,-2.6475495973343754e-07
stress|4|3|2,stress,4,2,2,2.0,0.5,0.05,-1.919742431554863,optimal,False,0.08344107100128895,8,6,75,-1.9197429899626255,optimal,0.06617736099724425,0.2538418019976234,-1.8581762724611286,-1.9197430062410954,-1.9197430062410954,-1.9197430062410954,2,0,True,ok,True,-5.746862274946807e-07,-1.9197430062410905,-1.9197430062410954,0.00019197430062410954,0.55,True,False,False,False,-5.74686232379662e-07,-2.9935590469509214e-07,0.0320702998160759,-5.584077624742889e-07
stress|4|4|2,stress,4,2,2,4.0,0.3,0.05,-4.88105889613272,optimal,False,0.1352766790005262,7,6,75,-4.881058903050542,optimal,0.1280062470032135,0.4076103339975816,-4.68877750282938,-4.8810590465406465,-4.8810590465406465,-4.8810590465406465,2,0,True,ok,True,-1.5040792611387133e-07,-4.8810590465406465,-4.8810590465406465,0.0004881059046540647,0.55,True,False,False,False,-1.5040792611387133e-07,-3.081460996773467e-08,0.03939340661071132,-6.917821870899843e-09
stress|4|5|2,stress,4,2,2,4.0,0.5,0.05,-4.627693720146603,optimal,False,0.14021351599512855,7,6,75,-4.627693595513026,optimal,0.1149021620003623,0.5882676189939957,-4.428846568094457,-4.62769359152007,-4.627693591520073,-4.627693591520073,2,0,True,ok,True,1.2862652987166712e-07,-4.627693591520073,-4.627693591520073,0.0004627693591520073,0.55,True,False,False,False,1.2862652987166712e-07,2.7794953091146297e-08,0.04296892598723244,1.2463357634828753e-07
stress|4|0|3,stress,4,2,3,1.0,0.3,0.05,-0.7019128428698885,optimal,False,0.13424144099553814,7,6,75,-0.7019128410684017,optimal,0.10712634700030321,0.4607310440042056,-0.7019128670590771,-0.7019128670590771,-0.7019128670590771,-0.7019128670590771,3,0,True,ok,True,-2.418918854107943e-08,-0.7019128670590771,-0.7019128670590771,7.01912867059077e-05,0.6,False,False,False,False,-2.418918854107943e-08,-3.446181215630401e-08,0.0,1.8014868485849433e-09
stress|4|1|3,stress,4,2,3,1.0,0.5,0.05,-0.46046386043173426,optimal,False,0.13400200199976098,7,6,75,-0.46046427825793235,optimal,0.10751247900043381,0.5020202829982736,-0.4604642914314394,-0.46046429143143963,-0.46046429143143963,-0.46046429143143963,3,0,True,ok,True,-4.309997053697501e-07,-0.46046429143143963,-0.46046429143143963,4.6046429143143966e-05,0.59,False,False,False,False,-4.309997053697501e-07,-9.360120139844235e-07,4.822189452188877e-16,-4.178261980847253e-07
stress|4|2|3,stress,4,2,3,2.0,0.3,0.05,-1.8781677478949161,optimal,False,0.13366453599883243,7,6,75,-1.8781677665947232,optimal,0.10645224799372954,0.40518731599877356,-1.8781677690392082,-1.8781677690392082,-1.8781677690392082,-1.8781677690392082,4,0,True,ok,True,-2.1144292094987804e-08,-1.8781677690392082,-1.8781677690392082,0.00018781677690392083,0.69,False,False,False,False,-2.1144292094987804e-08,-1.1257935889212614e-08,0.0,-1.8699807036171023e-08
stress|4|3|3,stress,4,2,3,2.0,0.5,0.05,-1.6367191624497726,optimal,False,0.13200971500191372,7,6,75,-1.636719069301738,optimal,0.10550518800300779,0.4394635569988168,-1.6367191934115708,-1.6367191934115708,-1.6367191934115708,-1.6367191934115708,4,0,True,ok,True,-3.0961798236361915e-08,-1.6367191934115708,-1.6367191934115708,0.00016367191934115707,0.67,False,False,False,False,-3.0961798236361915e-08,-1.8916988904815897e-08,0.0,9.31480346189062e-08
stress|4|4|3,stress,4,2,3,4.0,0.3,0.05,-4.230677483452644,optimal,False,0.09637917800137075,9,6,75,-4.2306776050604435,optimal,0.11237226599769201,0.23802667400013888,-4.230677572999471,-4.230677572999471,-4.230677572999471,-4.230677572999471,4,0,True,ok,True,-8.954682506612244e-08,-4.230677572999469,-4.230677572999471,0.0004230677572999471,0.69,False,False,False,False,-8.954682684247928e-08,-2.1166072619036032e-08,0.0,-1.2160779938596988e-07
stress|4|5|3,stress,4,2,3,4.0,0.5,0.05,-3.9892286328984192,optimal,False,0.14522950499667786,8,6,75,-3.9892290260711616,optimal,0.09554153500357643,0.3917585839953972,-3.989228997371833,-3.989228997371833,-3.989228997371833,-3.989228997371833,4,0,True,ok,True,-3.6447341367207287e-07,-3.989228997371833,-3.989228997371833,0.0003989228997371833,0.69,False,False,False,False,-3.6447341367207287e-07,-9.136438324600628e-08,0.0,-3.9317274236339017e-07
stress|4|0|4,stress,4,2,4,1.0,0.3,0.05,0.0625851523432502,optimal,False,0.0910354359948542,8,6,75,0.06258513025443072,optimal,0.0673042480048025,0.5287079370027641,0.06258508688039538,0.06258508688039538,0.0625850868803953,0.06258508688039525,1,0,True,ok,True,-6.546285286068709e-08,0.06258508688039734,0.06258508688039525,6.258508688039526e-06,0.0,False,False,False,False,-6.546285494235526e-08,-1.045980595897925e-06,1.9956845391782145e-15,-2.2088819481846933e-08
stress|4|1|4,stress,4,2,4,1.0,0.5,0.05,0.06872373131999672,optimal,False,0.08431968299555592,8,6,75,0.06872372832505501,optimal,0.06973965399811277,0.4263308310037246,0.068723726973212,0.06872372697320939,0.06872372697320907,0.06872372697320897,1,0,True,ok,True,-4.346786888764775e-09,0.06872372697320983,0.06872372697320897,6.872372697320898e-06,0.0,False,False,False,False,-4.3467877491876195e-09,-6.325017087543999e-08,4.4022026676215436e-14,-2.9949417112984378e-09
stress|4|2|4,stress,4,2,4,2.0,0.3,0.05,0.10034759001751903,optimal,False,0.1309098690035171,8,6,75,0.10034744769713591,optimal,0.1169237139984034,0.7074933530020644,0.10034744504794087,0.10034744504794087,0.10034744504794087,0.1003474450479408,1,0,True,ok,True,-1.4496957781440223e-07,0.10034744504794121,0.1003474450479408,1.003474450479408e-05,0.0,False,False,False,False,-1.4496957823073586e-07,-1.4446742388673866e-06,6.91486853560864e-16,-1.4232038311745576e-07
stress|4|3|4,stress,4,2,4,2.0,0.5,0.05,0.10655385143532761,optimal,False,0.08626323100179434,8,6,75,0.10655374135242471,optimal,0.06797563599684509,0.4575946569966618,0.10655372831698952,0.10655372831698948,0.10655372831698898,0.10655372831698898,1,0,True,ok,True,-1.2311833649802928e-07,0.10655372831699111,0.10655372831698898,1.0655372831698898e-05,0.0,False,False,False,False,-1.231183386352086e-07,-1.1554564849299205e-06,5.079444267727882e-15,-1.1008290290437373e-07
stress|4|4|4,stress,4,2,4,4.0,0.3,0.05,0.17567462981039877,optimal,False,0.13617792799777817,8,6,75,0.1756745396169577,optimal,0.11298259499744745,0.7198197340039769,0.1756745731121579,0.1756745731121574,0.1756745731121574,0.17567457311215634,1,0,True,ok,True,-5.669824140741575e-08,0.17567457311215737,0.17567457311215634,1.7567457311215636e-05,0.0,False,False,False,False,-5.669824243437205e-08,-3.2274576297991943e-07,8.84767901774206e-15,-9.01934410768579e-08
stress|4|5|4,stress,4,2,4,4.0,0.5,0.05,0.18193102851413193,optimal,False,0.13749305700184777,8,6,75,0.18193096930472719,optimal,0.10239177699986612,0.675023299001623,0.1819310022211421,0.1819310022211417,0.181931002221141,0.18193100222114045,1,0,True,ok,True,-2.629298909151423e-08,0.18193100222114283,0.18193100222114045,1.8193100222114045e-05,0.0,False,False,False,False,-2.6292991478493732e-08,-1.4452175471789498e-07,9.153659995306848e-15,-5.920940474024583e-08
stress|4|0|5,stress,4,2,5,1.0,0.3,0.05,-0.5079044462844969,optimal,False,0.08453267100412631,8,6,75,-0.5079044433343286,optimal,0.0672923659949447,0.42429328599973815,-0.507904492475266,-0.507904492475266,-0.507904492475266,-0.507904492475266,2,0,True,ok,True,-4.619076909850861e-08,-0.507904492475266,-0.507904492475266,5.07904492475266e-05,0.3,False,False,False,False,-4.619076909850861e-08,-9.094381716169378e-08,0.0,2.9501683318500227e-09
stress|4|1|5,stress,4,2,5,1.0,0.5,0.05,-0.1821241394561518,optimal,False,0.13851582699862774,11,6,75,-0.18212420297224963,optimal,0.11910097600048175,0.7157717509981012,-0.18212426560233586,-0.18212426560233586,-0.18212426560233597,-0.18212426560233597,2,0,True,ok,True,-1.2614618383199883e-07,-0.18212426560233563,-0.18212426560233597,1.8212426560233598e-05,0.22,False,False,False,False,-1.2614618416506573e-07,-6.926384637520095e-07,6.09596431839183e-16,-6.35160978257332e-08
stress|4|2|5,stress,4,2,5,2.0,0.3,0.05,-1.6366923968183518,optimal,False,0.084281221999845,7,6,75,-1.6366923789652446,optimal,0.06807919900165871,0.26662747899536043,-1.6366924013547492,-1.6366924013547492,-1.6366924013547492,-1.6366924013547492,2,0,True,ok,True,-4.536397479881771e-09,-1.6366924013547492,-1.6366924013547492,0.00016366924013547492,0.36,False,False,False,False,-4.536397479881771e-09,-2.7716860472378933e-09,0.0,1.785310721480471e-08
stress|4|3|5,stress,4,2,5,2.0,0.5,0.05,-1.2890043380343252,optimal,False,0.08087856400379678,7,6,75,-1.2890042478181107,optimal,0.0660716610000236,0.31201798300025985,-1.2890043421149553,-1.2890043421149553,-1.2890043421149553,-1.2890043421149553,2,0,True,ok,True,-4.080626281321997e-09,-1.2890043421149515,-1.2890043421149553,0.00012890043421149552,0.34,False,False,False,False,-4.080630056080281e-09,-3.1657225159560457e-09,0.0,9.021621449889494e-08
stress|4|4|5,stress,4,2,5,4.0,0.3,0.05,-3.8942681712200056,optimal,False,0.1369152910046978,7,6,75,-3.8942682153385713,optimal,0.10966634900250938,0.42363933000160614,-3.894268219113716,-3.894268219113716,-3.894268219113716,-3.894268219113716,2,0,True,ok,True,-4.789124563586711e-08,-3.894268219111251,-3.894268219113716,0.0003894268219113716,0.37,False,False,False,False,-4.7893710330981776e-08,-1.229851366809634e-08,0.0,-4.4118565689643674e-08
stress|4|5|5,stress,4,2,5,4.0,0.5,0.05,-3.546580166261863,optimal,False,0.19184339300409192,7,6,75,-3.546580156594106,optimal,0.06965656599641079,0.36515391300054034,-3.5465801598739217,-3.5465801598739217,-3.5465801598739217,-3.5465801598739217,2,0,True,ok,True,6.387941287044896e-09,-3.5465801598739217,-3.5465801598739217,0.0003546580159873922,0.37,False,False,False,False,6.387941287044896e-09,1.8011551938998918e-09,0.0,9.667756817322015e-09
stress|4|0|6,stress,4,2,6,1.0,0.3,0.05,-0.9644065898330747,optimal,False,0.09328068100148812,7,6,75,-0.9644065898080156,optimal,0.06886509800096974,0.2854916439973749,-0.9644065957850085,-0.9644065957850085,-0.9644065957850085,-0.9644065957850085,2,0,True,ok,True,-5.95193383468029e-09,-0.9644065957850085,-0.9644065957850085,9.644065957850086e-05,0.44,False,False,False,False,-5.95193383468029e-09,-6.171602203289057e-09,0.0,2.5059065933419333e-11
stress|4|1|6,stress,4,2,6,1.0,0.5,0.05,-0.6973249611401094,optimal,False,0.13555573600024218,8,6,75,-0.6973249826705362,optimal,0.1526878040021984,0.44415088900132105,-0.6973250259303425,-0.6973250259303426,-0.6973250259303426,-0.6973250259303426,2,0,True,ok,True,-6.479023317851329e-08,-0.6973250259303426,-0.6973250259303426,6.973250259303426e-05,0.43,False,False,False,False,-6.479023317851329e-08,-9.291253976135148e-08,1.592116994716979e-16,-2.1530426774774014e-08
stress|4|2|6,stress,4,2,6,2.0,0.3,0.05,-2.454630813228922,optimal,False,0.13736472799791954,8,6,75,-2.454630469227153,optimal,0.11307761799980653,0.4170406949997414,-2.454630867158425,-2.454630867158425,-2.454630867158425,-2.454630867158425,2,0,True,ok,True,-5.392947066695797e-08,-2.4546308671583925,-2.454630867158425,0.0002454630867158425,0.47,False,False,False,False,-5.392950308547029e-08,-2.1970514993466252e-08,0.0,3.44001768848301e-07
stress|4|3|6,stress,4,2,6,2.0,0.5,0.05,-2.187549296060671,optimal,False,0.1333591369984788,7,6,75,-2.1875491986625772,optimal,0.10705478599993512,0.42494603199884295,-2.187549297303759,-2.187549297303759,-2.187549297303759,-2.187549297303759,2,0,True,ok,True,-1.2430882989633574e-09,-2.187549297303759,-2.187549297303759,0.00021875492973037593,0.46,False,False,False,False,-1.2430882989633574e-09,-5.682561308226998e-10,0.0,9.739809359032847e-08
stress|4|4|6,stress,4,2,6,4.0,0.3,0.05,-5.435078925868421,optimal,False,0.09983649099740433,10,6,75,-5.435079415317836,optimal,0.07112241499999072,0.2602192499980447,-5.435079409905249,-5.435079409905258,-5.435079409905258,-5.435079409905258,2,0,True,ok,True,-4.840368372782677e-07,-5.435079409905258,-5.435079409905258,0.0005435079409905259,0.47,False,False,False,False,-4.840368372782677e-07,-8.905792241111346e-08,1.6341590484978904e-15,-4.894494152196671e-07
stress|4|5|6,stress,4,2,6,4.0,0.5,0.05,-5.167997320864603,optimal,False,0.13962175299820956,8,6,75,-5.167997558277277,optimal,0.11923736999597168,0.44545580499834614,-5.1679978400505915,-5.1679978400505915,-5.1679978400505915,-5.1679978400505915,2,0,True,ok,True,-5.191859884234873e-07,-5.1679978400505915,-5.1679978400505915,0.0005167997840050592,0.47,False,False,False,False,-5.191859884234873e-07,-1.0046173714668795e-07,0.0,-2.3741267352050954e-07
stress|4|0|7,stress,4,2,7,1.0,0.3,0.05,-0.8968616445579978,optimal,False,0.1327160470027593,7,6,75,-0.8968616387377646,optimal,0.11081541100429604,0.43882814399694325,-0.7800036654444557,-0.8968616653475037,-0.8968616653475037,-0.8968616653475037,4,0,True,ok,True,-2.0789504007190374e-08,-0.8968616653475018,-0.8968616653475037,8.968616653475037e-05,0.65,True,False,False,False,-2.0789505894569515e-08,-2.318028206548542e-08,0.13029657127531422,5.820233184294921e-09
stress|4|1|7,stress,4,2,7,1.0,0.5,0.05,-0.643173768726739,optimal,False,0.1350355809991015,7,6,75,-0.643173789375283,optimal,0.10901530700357398,0.4619179159999476,-0.4192558582235868,-0.6431738693271293,-0.6431738693271293,-0.6431738693271293,3,0,True,ok,True,-1.006003902404018e-07,-0.6431738693271293,-0.6431738693271293,6.431738693271294e-05,0.58,True,False,False,False,-1.006003902404018e-07,-1.564124582374615e-07,0.3481453799387082,-2.0648543985757328e-08
stress|4|2|7,stress,4,2,7,2.0,0.3,0.05,-2.306455132409467,optimal,False,0.08438843600015389,7,6,75,-2.3064551904455723,optimal,0.06556861200078856,0.34251417699852027,-2.2112096851334844,-2.3064551930671175,-2.3064551930671175,-2.3064551930671175,4,0,True,ok,True,-6.065765045804028e-08,-2.3064551930671175,-2.3064551930671175,0.00023064551930671175,0.68,True,False,False,False,-6.065765045804028e-08,-2.6299081046798215e-08,0.04129519108800721,-5.803610525489944e-08
stress|4|3|7,stress,4,2,7,2.0,0.5,0.05,-2.0527668784629984,optimal,False,0.13773458999639843,6,6,75,-2.0527673161020363,optimal,0.10469203499815194,0.4201183020049939,-1.850461877912609,-2.052767397046743,-2.052767397046743,-2.052767397046743,4,0,True,ok,True,-5.185837443910657e-07,-2.052767397046743,-2.052767397046743,0.00020527673970467428,0.66,True,False,False,False,-5.185837443910657e-07,-2.526267107248697e-07,0.09855257805886092,-4.376390378979522e-07
stress|4|4|7,stress,4,2,7,4.0,0.3,0.05,-5.1256423215348645,optimal,False,0.08302284900128143,7,6,75,-5.125642333534431,optimal,0.07321188400237588,1.110567796000396,-5.073621724511527,-5.125642248506344,-5.125642248506344,-5.125642248506344,4,0,True,ok,True,7.302852012003314e-08,-5.125642248506344,-5.125642248506344,0.0005125642248506345,0.69,True,False,False,False,7.302852012003314e-08,1.4247681663859227e-08,0.010149074296001885,-1.1999566673637219e-08
stress|4|5|7,stress,4,2,7,4.0,0.5,0.05,-4.871953957805182,optimal,False,0.11371073799818987,7,6,75,-4.871954697025958,optimal,0.10398438999982318,0.38324704299884615,-4.712873917290652,-4.87195445248597,-4.87195445248597,-4.87195445248597,4,0,True,ok,True,-4.946807878880577e-07,-4.87195445248597,-4.87195445248597,0.00048719544524859705,0.68,True,False,False,False,-4.946807878880577e-07,-1.015364250508869e-07,0.03265230345372894,-7.392207761469649e-07
stress|4|0|8,stress,4,2,8,1.0,0.3,0.05,-0.12536836711007188,optimal,False,0.14223956399655435,11,6,75,-0.12536842644159613,optimal,0.1289020820040605,0.7507958569985931,-0.12536850084097273,-0.12536850084097273,-0.12536850084097279,-0.12536850084097279,2,0,True,ok,True,-1.3373089874368915e-07,-0.12536850084097062,-0.12536850084097279,1.2536850084097278e-05,0.14,False,False,False,False,-1.3373090090862405e-07,-1.0667036987983577e-06,4.4278387999289006e-16,-5.933152424919541e-08
stress|4|1|8,stress,4,2,8,1.0,0.5,0.05,-0.02051869237470101,optimal,False,0.08294689300237224,9,6,75,-0.020518665658733004,optimal,0.07397373599815182,0.4862988890017732,-0.02051871514528683,-0.020518715145286914,-0.020518715145286914,-0.020518715145286928,1,0,True,ok,True,-2.2770583557596424e-08,-0.02051871514528457,-0.020518715145286928,2.051871514528693e-06,0.0,False,False,False,False,-2.2770585916820352e-08,-1.1097483943419251e-06,4.734434586515273e-15,2.671596800729592e-08
stress|4|2|8,stress,4,2,8,2.0,0.3,0.05,-0.8326894623010763,optimal,False,0.1348932659966522,7,6,75,-0.8326895482227638,optimal,0.11262227499537403,0.4497800110038952,-0.8326895820184808,-0.8326895820184808,-0.8326895820184808,-0.8326895820184808,2,0,True,ok,True,-1.1971740443428303e-07,-0.8326895820184808,-0.8326895820184808,8.326895820184808e-05,0.4,False,False,False,False,-1.1971740443428303e-07,-1.4377197004925793e-07,0.0,-8.592168743160045e-08
stress|4|3|8,stress,4,2,8,2.0,0.5,0.05,-0.4805103552972292,optimal,False,0.135796467999171,8,6,75,-0.480510435478279,optimal,0.10916681700473418,0.5858804989984492,-0.4805104668978948,-0.480510466897895,-0.480510466897895,-0.480510466897895,2,0,True,ok,True,-1.1160066581972217e-07,-0.480510466897895,-0.480510466897895,4.8051046689789504e-05,0.36,False,False,False,False,-1.1160066581972217e-07,-2.3225444486142108e-07,4.621014946011866e-16,-8.018104979967688e-08
stress|4|4|8,stress,4,2,8,4.0,0.3,0.05,-2.270291728379504,optimal,False,0.1346699499990791,6,6,75,-2.2702917021781612,optimal,0.10990831100207288,0.5705535719971522,-2.2702917036580756,-2.2702917036581365,-2.2702917036581365,-2.2702917036581365,2,0,True,ok,True,2.472136761966226e-08,-2.2702917036581365,-2.2702917036581365,0.00022702917036581367,0.43,False,False,False,False,2.472136761966226e-08,1.08890709113e-08,2.679841610284102e-14,2.6201342873122258e-08
stress|4|5|8,stress,4,2,8,4.0,0.5,0.05,-1.918112520120554,optimal,False,0.13975682599993888,6,6,75,-1.918112583450338,optimal,0.0943271670039394,0.3726269050021074,-1.918112588537551,-1.918112588537551,-1.918112588537551,-1.918112588537551,2,0,True,ok,True,-6.841699695669945e-08,-1.918112588537551,-1.918112588537551,0.0001918112588537551,0.42,False,False,False,False,-6.841699695669945e-08,-3.566891735444145e-08,0.0,-6.332978408352119e-08
stress|4|0|9,stress,4,2,9,1.0,0.3,0.05,-0.7128663140958102,optimal,False,0.13463942700036569,8,6,75,-0.712866403683496,optimal,0.10502778700174531,0.4719547540007625,-0.7128664436872781,-0.7128664436872784,-0.7128664436872784,-0.7128664436872784,2,0,True,ok,True,-1.295914681120891e-07,-0.7128664436872784,-0.7128664436872784,7.128664436872784e-05,0.05,False,False,False,False,-1.295914681120891e-07,-1.8178929983030708e-07,3.114813537533242e-16,-8.958768571432074e-08
stress|4|1|9,stress,4,2,9,1.0,0.5,0.05,-0.4632461393116063,optimal,False,0.1707304160008789,8,6,75,-0.46324620069517797,optimal,0.11303017800673842,0.45068268699833425,-0.46324621000456645,-0.46324621000456645,-0.46324621000456645,-0.46324621000456645,1,0,True,ok,True,-7.069295993034075e-08,-0.46324621000456623,-0.46324621000456645,4.632462100045665e-05,0.0,False,False,False,False,-7.069296015238535e-08,-1.5260345236214296e-07,0.0,-6.138357167007058e-08
stress|4|2|9,stress,4,2,9,2.0,0.3,0.05,-1.9119736129782154,optimal,False,0.13162674399791285,6,6,75,-1.9119738381891886,optimal,0.10653398599970387,0.4302039190006326,-1.9119738350860387,-1.9119738350860396,-1.9119738350860396,-1.9119738350860396,2,0,True,ok,True,-2.2210782413267793e-07,-1.9119738350860396,-1.9119738350860396,0.00019119738350860396,0.2,False,False,False,False,-2.2210782413267793e-07,-1.1616678317370093e-07,4.645348191494246e-16,-2.2521097320371553e-07
stress|4|3|9,stress,4,2,9,2.0,0.5,0.05,-1.6623532959349487,optimal,False,0.11278463800408645,6,6,75,-1.662353632470007,optimal,0.06901954599743476,0.307310698000947,-1.6623536014033276,-1.6623536014033276,-1.6623536014033276,-1.6623536014033276,2,0,True,ok,True,-3.054683788139556e-07,-1.6623536014033276,-1.6623536014033276,0.00016623536014033277,0.14,False,False,False,False,-3.054683788139556e-07,-1.837565934756081e-07,0.0,-3.3653505826514163e-07
stress|4|4|9,stress,4,2,9,4.0,0.3,0.05,-4.310189132448244,optimal,False,0.13844789099675836,6,6,75,-4.310188686043509,optimal,0.10430474399618106,0.4102225669994368,-4.310188617883559,-4.310188617883561,-4.310188617883561,-4.310188617883561,2,0,True,ok,True,5.145646824189498e-07,-4.310188617883561,-4.310188617883561,0.00043101886178835614,0.24,False,False,False,False,5.145646824189498e-07,1.193833185985206e-07,6.181945838854604e-16,4.464047345109634e-07
stress|4|5|9,stress,4,2,9,4.0,0.5,0.05,-4.060568772779733,optimal,False,0.13812844699714333,6,6,75,-4.060568534119922,optimal,0.1093533210005262,0.3897189170020283,-4.06056838420085,-4.06056838420085,-4.06056838420085,-4.06056838420085,2,0,True,ok,True,3.8857888284837827e-07,-4.06056838420085,-4.06056838420085,0.000406056838420085,0.21,False,False,False,False,3.8857888284837827e-07,9.569567826390239e-08,0.0,2.386598110248883e-07
stress|4|0|10,stress,4,2,10,1.0,0.3,0.05,-0.7232564856704694,optimal,False,0.0794641579996096,7,6,75,-0.7232565762206338,optimal,0.06414156100072432,0.2614774280009442,-0.7232565819281104,-0.7232565819281104,-0.7232565819281104,-0.7232565819281104,2,0,True,ok,True,-9.625763941478738e-08,-0.7232565819281088,-0.7232565819281104,7.232565819281104e-05,0.28,False,False,False,False,-9.625764096909961e-08,-1.330892192136616e-07,0.0,-9.055016436665397e-08
stress|4|1|10,stress,4,2,10,1.0,0.5,0.05,-0.33258484558070345,optimal,False,0.08557136700255796,15,6,75,-0.332585101198539,optimal,0.12116005600546487,0.6662341709961765,-0.3325853149555269,-0.33258531495552734,-0.33258531495552734,-0.33258531495552734,1,0,True,ok,True,-4.6937482323095026e-07,-0.3325853149555267,-0.33258531495552734,3.3258531495552734e-05,0.0,False,False,False,False,-4.6937482389708407e-07,-1.411293479345221e-06,1.3352640356638878e-15,-2.5561783556504736e-07
stress|4|2|10,stress,4,2,10,2.0,0.3,0.05,-2.1410306984161025,optimal,False,0.08348201499757124,7,6,75,-2.141030687093242,optimal,0.063280032001785,0.2563735169969732,-2.1410307044410537,-2.1410307044410537,-2.1410307044410537,-2.1410307044410537,2,0,True,ok,True,-6.024951204608442e-09,-2.1410307044410537,-2.1410307044410537,0.00021410307044410538,0.32,False,False,False,False,-6.024951204608442e-09,-2.8140424184789116e-09,0.0,1.1322860427043224e-08
stress|4|3|10,stress,4,2,10,2.0,0.5,0.05,-1.7503520317154142,optimal,False,0.1313189610009431,7,6,75,-1.750352066995539,optimal,0.10499642200011294,0.420256386998517,-1.7503520352020665,-1.7503520352020665,-1.7503520352020665,-1.7503520352020665,2,0,True,ok,True,-3.486652300210835e-09,-1.7503520352020665,-1.7503520352020665,0.00017503520352020666,0.31,False,False,False,False,-3.486652300210835e-09,-1.991972035930268e-09,0.0,-3.528012482156839e-08
stress|4|5|10,stress,4,2,10,4.0,0.5,0.05,-4.585900295419204,optimal,False,0.14801595400058432,7,6,75,-4.585900407615185,optimal,0.08628396200219868,0.5187832939991495,-4.585900280227953,-4.585900280227953,-4.585900280227953,-4.585900280227953,2,0,True,ok,True,1.5191250923862754e-08,-4.585900280227953,-4.585900280227953,0.00045859002802279533,0.32,False,False,False,False,1.5191250923862754e-08,3.3125994778031035e-09,0.0,-1.1219598050615787e-07
stress|4|4|10,stress,4,2,10,4.0,0.3,0.05,-4.976579394824396,optimal,False,0.13344618499831995,6,6,75,-4.976578952627985,optimal,0.1070515620012884,3.9485397550015477,-4.976578949466941,-4.976578949466941,-4.976578949466941,-4.976578949466941,2,0,True,ok,True,4.45357455802764e-07,-4.976578949466941,-4.976578949466941,0.0004976578949466941,0.32,False,False,False,False,4.45357455802764e-07,8.949067631995025e-08,0.0,4.4219641104348284e-07
stress|4|0|11,stress,4,2,11,1.0,0.3,0.05,-0.40925580633383096,optimal,False,0.08021037000435172,8,6,75,-0.4092556910510049,optimal,0.07193059699784499,0.3175380819957354,-0.4092558282309442,-0.40925582823094786,-0.40925582823094786,-0.40925582823094786,2,0,True,ok,True,-2.1897116897484636e-08,-0.40925582823094786,-0.40925582823094786,4.092558282309479e-05,0.06,False,False,False,False,-2.1897116897484636e-08,-5.3504718952290454e-08,8.952190118097787e-15,1.1528282606310114e-07
stress|4|1|11,stress,4,2,11,1.0,0.5,0.05,-0.10493134708585761,optimal,False,0.1334883669987903,9,6,75,-0.10493143273346978,optimal,0.11600742700102273,0.7576558099972317,-0.10493145563393352,-0.1049314556339368,-0.10493145563393697,-0.10493145563393702,1,0,True,ok,True,-1.0854807935833932e-07,-0.10493145563393697,-0.10493145563393702,1.0493145563393703e-05,0.0,False,False,False,False,-1.0854807941385047e-07,-1.0344676059960764e-06,3.3328447665584227e-14,-8.56476121691152e-08
stress|4|2|11,stress,4,2,11,2.0,0.3,0.05,-1.5415894007890194,optimal,False,0.08121226100047352,6,6,75,-1.541589840295324,optimal,0.06525149800290819,0.2871329730041907,-1.541589842054444,-1.541589842054444,-1.541589842054444,-1.541589842054444,2,0,True,ok,True,-4.412654246443992e-07,-1.541589842054444,-1.541589842054444,0.0001541589842054444,0.26,False,False,False,False,-4.412654246443992e-07,-2.862405673122492e-07,0.0,-4.395063046835901e-07
stress|4|3|11,stress,4,2,11,2.0,0.5,0.05,-1.153228393187274,optimal,False,0.08651927900064038,7,6,75,-1.1532285201582297,optimal,0.0639016410059412,0.3034647739987122,-1.1532285115857708,-1.1532285115857708,-1.1532285115857708,-1.1532285115857708,2,0,True,ok,True,-1.1839849678452197e-07,-1.1532285115857708,-1.1532285115857708,0.00011532285115857708,0.09,False,False,False,False,-1.1839849678452197e-07,-1.0266699769444118e-07,0.0,-1.2697095574942807e-07
stress|4|4|11,stress,4,2,11,4.0,0.3,0.05,-3.806257882063326,optimal,False,0.08239615699858405,7,6,75,-3.8062578485972205,optimal,0.06608536499697948,0.24763558999984525,-3.806257869701436,-3.806257869701436,-3.806257869701436,-3.806257869701436,2,0,True,ok,True,1.2361889734080478e-08,-3.806257869701436,-3.806257869701436,0.0003806257869701436,0.33,False,False,False,False,1.2361889734080478e-08,3.2477803966817003e-09,0.0,3.346610544241457e-08
stress|4|5|11,stress,4,2,11,4.0,0.5,0.05,-3.417896745678036,optimal,False,0.1396413609982119,6,6,75,-3.417896642956604,optimal,0.10743528199964203,0.3588296099987929,-3.417896539232763,-3.417896539232763,-3.417896539232763,-3.417896539232763,2,0,True,ok,True,2.0644527287672076e-07,-3.417896539232763,-3.417896539232763,0.0003417896539232763,0.28,False,False,False,False,2.0644527287672076e-07,6.040126084492541e-08,0.0,1.0272143224909769e-07
stress|4|0|12,stress,4,2,12,1.0,0.3,0.05,-0.609430173190367,optimal,False,0.13888343999860808,8,6,75,-0.609430017893063,optimal,0.10605897999630542,0.4549976409980445,-0.6094302727793468,-0.6094302727793468,-0.6094302727793468,-0.6094302727793468,2,0,True,ok,True,-9.958897984052584e-08,-0.6094302727793468,-0.6094302727793468,6.094302727793468e-05,0.46,False,False,False,False,-9.958897984052584e-08,-1.6341327394273493e-07,0.0,1.5529730401642183e-07
stress|4|1|12,stress,4,2,12,1.0,0.5,0.05,-0.38198835635453043,optimal,False,0.13730047900025966,8,6,75,-0.3819883911882873,optimal,0.11554286500177113,0.5873898920035572,-0.3819884085081292,-0.38198840850813154,-0.38198840850813154,-0.38198840850813154,2,0,True,ok,True,-5.2153601104443226e-08,-0.38198840850813154,-0.38198840850813154,3.8198840850813154e-05,0.36,False,False,False,False,-5.2153601104443226e-08,-1.3653191317705638e-07,6.103505498552838e-15,-3.483375687896029e-08
stress|4|2|12,stress,4,2,12,2.0,0.3,0.05,-1.6614676371131436,optimal,False,0.13635612800135277,6,6,75,-1.6614678822897537,optimal,0.10568446999968728,0.42150971999944886,-1.6614679060439133,-1.6614679060439133,-1.6614679060439133,-1.6614679060439133,2,0,True,ok,True,-2.6893076965350815e-07,-1.6614679060439133,-1.6614679060439133,0.00016614679060439133,0.48,False,False,False,False,-2.6893076965350815e-07,-1.6186338129389296e-07,0.0,-2.451766101252417e-07
stress|4|3|12,stress,4,2,12,2.0,0.5,0.05,-1.4340260383621066,optimal,False,0.1342507730005309,7,6,75,-1.4340260015763122,optimal,0.11077027799910866,0.4152565470067202,-1.434026041772698,-1.434026041772698,-1.434026041772698,-1.434026041772698,2,0,True,ok,True,-3.4105913648829755e-09,-1.434026041772698,-1.434026041772698,0.0001434026041772698,0.48,False,False,False,False,-3.4105913648829755e-09,-2.3783329407173325e-09,0.0,3.67857944105765e-08
stress|4|4|12,stress,4,2,12,4.0,0.3,0.05,-3.765542622854084,optimal,False,0.13835395000205608,11,6,75,-3.7655430722610577,optimal,0.10693476100277621,1.5531930619981722,-3.765543172573046,-3.765543172573046,-3.765543172573046,-3.765543172573046,2,0,True,ok,True,-5.497189623504539e-07,-3.765543172573046,-3.765543172573046,0.00037655431725730466,0.52,False,False,False,False,-5.497189623504539e-07,-1.4598665249838437e-07,0.0,-4.494069738569806e-07
stress|4|5|12,stress,4,2,12,4.0,0.5,0.05,-3.5381005095713,optimal,False,0.14322718099720078,11,6,75,-3.5381008719287745,optimal,0.1171982960004243,1.3678516149957431,-3.538101308301831,-3.538101308301831,-3.538101308301831,-3.538101308301831,2,0,True,ok,True,-7.987305310486192e-07,-3.538101308301831,-3.538101308301831,0.0003538101308301831,0.5,False,False,False,False,-7.987305310486192e-07,-2.2575122693317688e-07,0.0,-3.6235747469248736e-07
stress|4|0|13,stress,4,2,13,1.0,0.3,0.05,-0.43706033343895,optimal,False,0.13277663399640005,7,6,75,-0.43706038693388566,optimal,0.10856934799812734,0.5273987000036868,-0.4370604177222835,-0.4370604177222835,-0.4370604177222835,-0.4370604177222835,2,0,True,ok,True,-8.4283333479096e-08,-0.4370604177222835,-0.4370604177222835,4.3706041772228354e-05,0.25,False,False,False,False,-8.4283333479096e-08,-1.9284141577416558e-07,0.0,-5.349493564787977e-08
stress|4|1|13,stress,4,2,13,1.0,0.5,0.05,-0.23005286824674587,optimal,False,0.07943330600392073,9,6,75,-0.23005277567451754,optimal,0.0748300429986557,0.3051202279966674,-0.23005311290199604,-0.23005311290199604,-0.23005311290199615,-0.23005311290199615,1,0,True,ok,True,-2.4465525017003387e-07,-0.23005311290199604,-0.23005311290199615,2.3005311290199615e-05,0.0,False,False,False,False,-2.4465525028105617e-07,-1.0634740272772794e-06,4.82594219491443e-16,9.257222832737e-08
stress|4|2|13,stress,4,2,13,2.0,0.3,0.05,-1.2846416243005312,optimal,False,0.13414220300182933,7,6,75,-1.2846416140758852,optimal,0.10330594800325343,0.42670522600383265,-0.5137745478276436,-1.2846416328747754,-1.2846416328747754,-1.2846416328747754,2,0,True,ok,True,-8.574244203529702e-09,-1.2846416328747754,-1.2846416328747754,0.00012846416328747754,0.36,True,False,False,False,-8.574244203529702e-09,-6.674425023553361e-09,0.6000639130168021,1.0224646018741623e-08
stress|4|3|13,stress,4,2,13,2.0,0.5,0.05,-1.0776343142439655,optimal,False,0.13738987300166627,7,6,75,-1.0776342865542363,optimal,0.1037174290031544,0.3330464850005228,-0.2540846536498077,-1.077634328054488,-1.077634328054488,-1.077634328054488,2,0,True,ok,True,-1.3810522503376887e-08,-1.077634328054488,-1.077634328054488,0.0001077634328054488,0.33,True,False,False,False,-1.3810522503376887e-08,-1.2815592748701509e-08,0.7642199705084372,2.7689729176216815e-08
stress|4|4|13,stress,4,2,13,4.0,0.3,0.05,-2.979804061455966,optimal,False,0.0890678010036936,6,6,75,-2.9798040764746747,optimal,0.06421726500411751,0.2948913750005886,-1.5326000879895825,-2.9798040631797593,-2.9798040631797593,-2.9798040631797593,2,0,True,ok,True,-1.7237931082547675e-09,-2.9798040631797593,-2.9798040631797593,0.00029798040631797595,0.39,True,False,False,False,-1.7237931082547675e-09,-5.784920997162822e-10,0.48567085100416313,-1.50187084990705e-08
stress|4|5|13,stress,4,2,13,4.0,0.5,0.05,-2.7727966483113202,optimal,False,0.0938385300032678,6,6,75,-2.7727968367694227,optimal,0.07198651900398545,0.331100539995532,-1.2729101938117466,-2.7727967583594717,-2.7727967583594717,-2.7727967583594717,2,0,True,ok,True,-1.1004805422487607e-07,-2.7727967583593744,-2.7727967583594717,0.00027727967583594717,0.39,True,False,False,False,-1.1004815148041303e-07,-3.968850422097639e-08,0.5409291395144066,-1.8845810245693428e-07
stress|4|0|14,stress,4,2,14,1.0,0.3,0.05,0.07997391846198179,optimal,False,0.13545073400018737,8,6,75,0.07997389622023351,optimal,0.11380363300122553,0.7000204669966479,0.07997389122872121,0.07997389122872114,0.07997389122872108,0.07997389122872098,1,0,True,ok,True,-2.7233259203285343e-08,0.07997389122872259,0.07997389122872098,7.997389122872098e-06,0.0,False,False,False,False,-2.723326081310873e-08,-3.405267784403355e-07,2.949992667708522e-15,-2.2241748276474738e-08
stress|4|1|14,stress,4,2,14,1.0,0.5,0.05,0.08507226936796689,optimal,False,0.08346230300230673,8,6,75,0.08507231995196038,optimal,0.07045318499876885,0.43655555300210835,0.08507227013890431,0.08507227013890431,0.08507227013890417,0.08507227013890417,1,0,True,ok,True,7.709388127885575e-10,0.0850722701389057,0.08507227013890417,8.507227013890418e-06,0.0,False,False,False,False,7.709372862318986e-10,9.062145537664326e-09,1.6312939322243434e-15,5.05839934938912e-08
stress|4|2|14,stress,4,2,14,2.0,0.3,0.05,0.13423189614070685,optimal,False,0.0852749199984828,8,6,75,0.13423179024200102,optimal,0.07145074199797818,0.4441047410000465,0.1342317912451535,0.1342317912451535,0.1342317912451535,0.13423179124515328,1,0,True,ok,True,-1.0489555093973202e-07,0.1342317912451559,0.13423179124515328,1.3423179124515329e-05,0.0,False,False,False,False,-1.048955535765117e-07,-7.814502856054145e-07,1.654187900387187e-15,-1.0589870583221916e-07
stress|4|3|14,stress,4,2,14,2.0,0.5,0.05,0.13946685974096418,optimal,False,0.13020380799571285,8,6,75,0.13946679061504316,optimal,0.10719908100145403,0.6997744539985433,0.13946679854054042,0.13946679854054042,0.13946679854054028,0.13946679854053967,1,0,True,ok,True,-6.120042345125754e-08,0.13946679854054073,0.13946679854053967,1.3946679854053968e-05,0.0,False,False,False,False,-6.120042450596941e-08,-4.38816967841957e-07,5.373325762576731e-15,-6.912592101504522e-08
stress|4|4|14,stress,4,2,14,4.0,0.3,0.05,0.24236687812680902,optimal,False,0.1397927849975531,8,6,75,0.24236681978684782,optimal,0.11046084400004474,0.713178172998596,0.24236687841665347,0.2423668784166533,0.24236687841665303,0.24236687841665128,1,0,True,ok,True,2.8984564748313346e-10,0.24236687841665466,0.24236687841665128,2.423668784166513e-05,0.0,False,False,False,False,2.8984226130290835e-10,1.195882306786407e-09,9.04698896135983e-15,-5.8339961195308376e-08
stress|4|5|14,stress,4,2,14,4.0,0.5,0.05,0.24770379186380215,optimal,False,0.10762627300573513,8,6,75,0.24770373407998372,optimal,0.06959552899934351,0.5959203120000893,0.24770380612089488,0.2477038061208935,0.24770380612089227,0.24770380612089102,1,0,True,ok,True,1.4257095365399763e-08,0.2477038061208975,0.24770380612089102,2.4770380612089102e-05,0.0,False,False,False,False,1.425708887059507e-08,5.755700695302319e-08,1.557515433852285e-14,-5.77838184245838e-08
stress|4|0|15,stress,4,2,15,1.0,0.3,0.05,0.07080383021121214,optimal,False,0.08523257599881617,8,6,75,0.07080382263003203,optimal,0.11033989499992458,0.6947054130068864,0.07080381810956393,0.07080381810956002,0.07080381810955998,0.07080381810955998,1,0,True,ok,True,-1.2101651014617687e-08,0.07080381810956113,0.07080381810955998,7.080381810955998e-06,0.0,False,False,False,False,-1.2101652166474075e-08,-1.7091804398680283e-07,5.586096386930708e-14,-7.581180114235586e-09
stress|4|1|15,stress,4,2,15,1.0,0.5,0.05,0.07573217395898124,optimal,False,0.13534147099562688,8,6,75,0.07573221641796025,optimal,0.10681965499679791,0.6860044770000968,0.07573216760510126,0.07573216760510126,0.07573216760510096,0.07573216760510096,1,0,True,ok,True,-6.3538764527582e-09,0.07573216760510479,0.07573216760510096,7.573216760510096e-06,0.0,False,False,False,False,-6.353880283027635e-09,-8.389935150242858e-08,4.031461681698303e-15,4.2458979013226816e-08
stress|4|2|15,stress,4,2,15,2.0,0.3,0.05,0.12090709104868624,optimal,False,0.1339403790043434,8,6,75,0.12090707936770947,optimal,0.116134805000911,0.7050078320025932,0.12090708334689276,0.12090708334689276,0.12090708334689237,0.12090708334689237,1,0,True,ok,True,-7.701791621128606e-09,0.12090708334689462,0.12090708334689237,1.2090708334689238e-05,0.0,False,False,False,False,-7.701793869330231e-09,-6.370010065190397e-08,3.2138568548870074e-15,-1.1680976769179452e-08
stress|4|3|15,stress,4,2,15,2.0,0.5,0.05,0.12590498694669433,optimal,False,0.1720079469960183,8,6,75,0.12590497394988528,optimal,0.11115276700002141,0.705839044007007,0.12590497873060955,0.12590497873060952,0.12590497873060885,0.1259049787306088,1,0,True,ok,True,-8.216085034540299e-09,0.1259049787306093,0.1259049787306088,1.259049787306088e-05,0.0,False,False,False,False,-8.21608553414066e-09,-6.525623593940078e-08,5.952112054483781e-15,-1.2996809045651148e-08
stress|4|4|15,stress,4,2,15,4.0,0.3,0.05,0.22097402357187204,optimal,False,0.13710159100446617,8,6,75,0.2209739998821953,optimal,0.11213278899958823,0.7006309600037639,0.22097402115846657,0.22097402115846443,0.22097402115846332,0.2209740211584631,1,0,True,ok,True,-2.4134051701540926e-09,0.22097402115846687,0.2209740211584631,2.209740211584631e-05,0.0,False,False,False,False,-2.4134089449123763e-09,-1.092168620501863e-08,1.570070062428575e-14,-2.36896767480399e-08
stress|4|5|15,stress,4,2,15,4.0,0.5,0.05,0.22602565397130908,optimal,False,0.09006939800019609,7,6,75,0.22602558387969862,optimal,0.0790225550008472,0.5369254649995128,0.22602569858958696,0.2260256985895845,0.2260256985895845,0.22602569858958294,1,0,True,ok,True,4.461827723956091e-08,0.22602569858958632,0.22602569858958294,2.2602569858958295e-05,0.0,False,False,False,False,4.4618273853380686e-08,1.9740358259971842e-07,1.780575611260018e-14,-7.009161046012125e-08
stress|4|0|16,stress,4,2,16,1.0,0.3,0.05,-0.516925902228547,optimal,False,0.08619139199436177,8,6,75,-0.5169259109246377,optimal,0.06945307499699993,0.2789400000037858,-0.3710543621085303,-0.3710543621085303,-0.5169259117867747,-0.5169259117867747,3,0,True,ok,True,-9.55822776482762e-09,-0.5169259117867747,-0.5169259117867747,5.1692591178677476e-05,0.67,True,True,False,False,-9.55822776482762e-09,-1.8490518125751936e-08,0.2821904384209212,-8.696090736393103e-09
stress|4|1|16,stress,4,2,16,1.0,0.5,0.05,-0.1756253195081075,optimal,False,0.08671332499943674,16,6,75,-0.17127440514997494,optimal,0.08836423100001412,0.4676383429978159,-0.15939435543450042,-0.15939435543450042,-0.17127442240077717,-0.17127442240085555,6,0,False,ok,False,0.004350897107330554,-0.17127442240077695,-0.17127442240085555,1.7127442240085556e-05,0.78,True,True,False,False,0.00435089710725195,0.024773746288052144,0.06936276181711874,0.004350914358132563
stress|4|2|16,stress,4,2,16,2.0,0.3,0.05,-1.7135366086345916,optimal,False,0.13486194600409362,7,6,75,-1.713536291944724,optimal,0.10585756199725438,0.4065028120021452,-1.1645416182107278,-1.1645416182107278,-1.7135366259953697,-1.7135366259953697,4,0,True,ok,True,-1.7360778148400868e-08,-1.7135366259953697,-1.7135366259953697,0.000171353662599537,0.72,True,True,False,False,-1.7360778148400868e-08,-1.0131547853088805e-08,0.320387086833197,3.166898676632002e-07
stress|4|3|16,stress,4,2,16,2.0,0.5,0.05,-1.3253343782893199,optimal,False,0.1293171630022698,7,6,75,-1.3253344147593205,optimal,0.10421062200475717,0.3997516649978934,-0.9504766448496278,-0.9504766448496278,-1.3253344539462024,-1.3253344539462024,4,0,True,ok,True,-7.565688253663438e-08,-1.3253344539462024,-1.3253344539462024,0.00013253344539462025,0.7,True,True,False,False,-7.565688253663438e-08,-5.7085127931480036e-08,0.28284016006709106,-3.6470000575050676e-08
stress|4|4|16,stress,4,2,16,4.0,0.3,0.05,-4.10675772139046,optimal,False,0.07907515900296858,9,6,75,-4.1067579934407865,optimal,0.06730068700562697,0.24458282200066606,-2.7515161304151228,-2.7515161304151228,-4.106758054412559,-4.106758054412559,4,0,True,ok,True,-3.330220987862731e-07,-4.106758054412559,-4.106758054412559,0.00041067580544125595,0.74,True,True,False,False,-3.330220987862731e-07,-8.109124554674702e-08,0.33000286504370013,-2.7205032626653747e-07
stress|4|5|16,stress,4,2,16,4.0,0.5,0.05,-3.7185558652700434,optimal,False,0.13962290400377242,7,6,75,-3.7185558712107403,optimal,0.11110880799969891,0.41289035900263116,-2.537451157054023,-2.537451157054023,-3.7185558823633924,-3.7185558823633924,4,0,True,ok,True,-1.709334895849679e-08,-3.7185558823633924,-3.7185558823633924,0.00037185558823633923,0.74,True,True,False,False,-1.709334895849679e-08,-4.5967707835567135e-09,0.3176245732681306,-5.940696823358849e-09
stress|4|0|17,stress,4,2,17,1.0,0.3,0.05,0.08100008126781416,optimal,False,0.07815955699334154,8,6,75,0.08100006271780753,optimal,0.06508265899901744,0.4450355410008342,0.08100005452058448,0.08100005452058384,0.08100005452058351,0.08100005452058351,1,0,True,ok,True,-2.674723033335713e-08,0.08100005452058383,0.08100005452058351,8.10000545205835e-06,0.0,False,False,False,False,-2.674723065254625e-08,-3.3021239280131946e-07,1.1993141884863189e-14,-1.8550006627982008e-08
stress|4|1|17,stress,4,2,17,1.0,0.5,0.05,0.0866699878036554,optimal,False,0.13736362400231883,8,6,75,0.08666998768042539,optimal,0.11060631699365331,0.688114429001871,0.08666998261471232,0.08666998261471205,0.08666998261471198,0.08666998261471189,1,0,True,ok,True,-5.188940749301096e-09,0.08666998261471465,0.08666998261471189,8.66699826147119e-06,0.0,False,False,False,False,-5.18894351098087e-09,-5.987013085470887e-08,4.963788027450481e-15,-1.232300095299621e-10
stress|4|2|17,stress,4,2,17,2.0,0.3,0.05,0.13836340479288844,optimal,False,0.0828147389984224,8,6,75,0.1383633544909887,optimal,0.07313247700221837,0.46052658400003565,0.1383633452444552,0.1383633452444551,0.13836334524445507,0.13836334524445446,1,0,True,ok,True,-5.954843121380726e-08,0.13836334524445723,0.13836334524445446,1.3836334524445446e-05,0.0,False,False,False,False,-5.9548433989364824e-08,-4.303770500480303e-07,5.416178253698418e-15,-5.0301899756632906e-08
stress|4|3|17,stress,4,2,17,2.0,0.5,0.05,0.14404178971669745,optimal,False,0.0811664870052482,8,6,75,0.14404175354964838,optimal,0.07405121399642667,0.44753446099639405,0.14404175022249271,0.14404175022249216,0.14404175022249216,0.14404175022249216,1,0,True,ok,True,-3.949420390725322e-08,0.14404175022249355,0.14404175022249216,1.4404175022249216e-05,0.0,False,False,False,False,-3.9494205295032e-08,-2.7418574410044145e-07,3.85382371052235e-15,-3.616704907782875e-08
stress|4|4|17,stress,4,2,17,4.0,0.3,0.05,0.25295145463177937,optimal,False,0.07799081499979366,7,6,75,0.2529513729606735,optimal,0.06570949199522147,0.4595410609981627,0.2529515045686924,0.2529515045686914,0.25295150456868964,0.2529515045686892,1,0,True,ok,True,4.9936913382175874e-08,0.25295150456869275,0.2529515045686892,2.5295150456868922e-05,0.0,False,False,False,False,4.9936909829462195e-08,1.9741697039123652e-07,1.27283163502143e-14,-8.167110587820048e-08
stress|4|5|17,stress,4,2,17,4.0,0.5,0.05,0.25864194686902836,optimal,False,0.13837694200628903,7,6,75,0.2586418499882038,optimal,0.11127932499948656,0.7480899700021837,0.25864201227130157,0.25864201227130124,0.25864201227129835,0.2586420122712968,1,0,True,ok,True,6.540227309725921e-08,0.25864201227130146,0.2586420122712968,2.586420122712968e-05,0.0,False,False,False,False,6.540226843432251e-08,2.5286798690639705e-07,1.8457786358701212e-14,-9.688082458492175e-08
stress|4|0|18,stress,4,2,18,1.0,0.3,0.05,-0.7502206976614347,optimal,False,0.17698083899449557,7,6,75,-0.7502208491275635,optimal,0.10786889500013785,0.4628518789977534,-0.3004261167483136,-0.7502208576026637,-0.7502208576026637,-0.7502208576026637,2,0,True,ok,True,-1.599412289277069e-07,-0.7502208576026637,-0.7502208576026637,7.502208576026638e-05,0.47,True,False,False,False,-1.599412289277069e-07,-2.1319223719936128e-07,0.5995497676399887,-1.5146612875049925e-07
stress|4|1|18,stress,4,2,18,1.0,0.5,0.05,-0.5445592794818525,optimal,False,0.08126412799902027,7,6,75,-0.5445596564359994,optimal,0.06796587999997428,0.3743867789962678,-0.09418659999322948,-0.544559672548164,-0.544559672548164,-0.544559672548164,4,0,True,ok,True,-3.930663112772237e-07,-0.5445596725481637,-0.544559672548164,5.4455967254816396e-05,0.44,True,False,False,False,-3.930663114992683e-07,-7.218062868624155e-07,0.8270408097748019,-3.7695414689675744e-07
stress|4|2|18,stress,4,2,18,2.0,0.3,0.05,-1.937190846373373,optimal,False,0.17898455699469196,6,6,75,-1.9371910458813548,optimal,0.10560529699432664,0.4096303789992817,-1.0981498586041734,-1.9371910489425073,-1.9371910489425073,-1.9371910489425073,4,0,True,ok,True,-2.0256911326121951e-07,-1.9371910489424862,-1.9371910489425073,0.00019371910489425075,0.65,True,False,False,False,-2.0256913435545698e-07,-1.045684965602062e-07,0.4331225827191169,-1.995079819128165e-07
stress|4|3|18,stress,4,2,18,2.0,0.5,0.05,-1.7315295320221686,optimal,False,0.12915599300322356,6,6,75,-1.7315299766579733,optimal,0.10005351499421522,0.4539013229950797,-0.8467561740834048,-1.7315298638880074,-1.7315298638880074,-1.7315298638880074,2,0,True,ok,True,-3.318658388096196e-07,-1.7315298638880074,-1.7315298638880074,0.00017315298638880076,0.52,True,False,False,False,-3.318658388096196e-07,-1.9166051324694977e-07,0.5109780132916197,-4.446358046195087e-07
stress|4|4|18,stress,4,2,18,4.0,0.3,0.05,-4.311131277057597,optimal,False,0.13818198200169718,7,6,75,-4.311131658753389,optimal,0.11011607299587922,0.6980119360014214,-2.693597342315893,-4.311131431621914,-4.3111314316221945,-4.3111314316221945,4,0,True,ok,True,-1.5456459756535423e-07,-4.3111314316221945,-4.3111314316221945,0.00043111314316221944,0.68,True,False,False,False,-1.5456459756535423e-07,-3.585244513148915e-08,0.3751994377721059,-3.816957923064024e-07
stress|4|5|18,stress,4,2,18,4.0,0.5,0.05,-4.105470284554855,optimal,False,0.1399883600024623,7,6,75,-4.105470323616025,optimal,0.10646018700208515,0.8135819230010384,-2.4422036577951203,-4.105470246567695,-4.105470246567695,-4.105470246567695,4,0,True,ok,True,3.7987160084185234e-08,-4.105470246567695,-4.105470246567695,0.0004105470246567695,0.65,True,False,False,False,3.7987160084185234e-08,9.252815743691123e-09,0.4051342450144703,-3.906117029828238e-08
stress|4|0|19,stress,4,2,19,1.0,0.3,0.05,0.06035684544022457,optimal,False,0.0873033329989994,8,6,75,0.06035679769819684,optimal,0.096396150001965,0.47321648400247796,0.06035678947230601,0.06035678947230601,0.060356789472305994,0.06035678947230598,1,0,True,ok,True,-5.5967918431709673e-08,0.06035678947230614,0.06035678947230598,6.035678947230598e-06,0.0,False,False,False,False,-5.596791859130423e-08,-9.272836938890886e-07,4.59858383096474e-16,-4.774202773394354e-08
stress|4|1|19,stress,4,2,19,1.0,0.5,0.05,0.06617528920508484,optimal,False,0.13580477900541155,8,6,75,0.06617528212344818,optimal,0.11359217800054466,0.7051007539994316,0.06617528808906664,0.06617528808906523,0.06617528808906518,0.06617528808906512,1,0,True,ok,True,-1.116017805946612e-09,0.06617528808906703,0.06617528808906512,6.617528808906512e-06,0.0,False,False,False,False,-1.1160197210813294e-09,-1.686459907447712e-08,2.3068379495454594e-14,-7.081636652084278e-09
stress|4|2|19,stress,4,2,19,2.0,0.3,0.05,0.09950346586573464,optimal,False,0.08558060499490239,8,6,75,0.09950341523994446,optimal,0.09785321700474015,0.44317274499917403,0.09950341283065846,0.09950341283065467,0.09950341283065467,0.09950341283065445,1,0,True,ok,True,-5.303507968901222e-08,0.09950341283065495,0.09950341283065445,9.950341283065445e-06,0.0,False,False,False,False,-5.303508018861258e-08,-5.32997315492263e-07,4.0306965986022847e-14,-5.0625790171121565e-08
stress|4|3|19,stress,4,2,19,2.0,0.5,0.05,0.10534173822724488,optimal,False,0.0781442640000023,8,6,75,0.10534173506121239,optimal,0.06818119699892122,0.4165456910050125,0.10534173494632339,0.10534173494632285,0.10534173494632285,0.10534173494632285,1,0,True,ok,True,-3.280921673232129e-09,0.1053417349463232,0.10534173494632285,1.0534173494632285e-05,0.0,False,False,False,False,-3.280922034054612e-09,-3.114550879136772e-08,5.137885044142769e-15,-3.1660324917304195e-09
stress|4|4|19,stress,4,2,19,4.0,0.3,0.05,0.17774663811677582,optimal,False,0.1428254369966453,8,6,75,0.1777465924403131,optimal,0.16683323900360847,0.7112457309995079,0.17774661792684482,0.1777466179268446,0.17774661792684393,0.17774661792684315,1,0,True,ok,True,-2.0189929672564944e-08,0.17774661792684615,0.17774661792684315,1.7774661792684316e-05,0.0,False,False,False,False,-2.018993267016711e-08,-1.1358826745799123e-07,9.369148939999253e-15,-4.5676462723243105e-08
stress|4|5|19,stress,4,2,19,4.0,0.5,0.05,0.18360135846486803,optimal,False,0.11320262299705064,8,6,75,0.18360128530336786,optimal,0.08263460399757605,0.7246160779977799,0.18360132348374683,0.18360132348374683,0.18360132348374647,0.18360132348374647,1,0,True,ok,True,-3.4981116447951877e-08,0.18360132348375158,0.18360132348374647,1.8360132348374648e-05,0.0,False,False,False,False,-3.498112155497779e-08,-1.9052757478192297e-07,1.9652499021071498e-15,-7.316150016367651e-08
stress|6|0|0,stress,6,2,0,1.0,0.3,0.05,-0.982966759777064,optimal,False,0.11306780399900163,7,10,145,-0.9829668096225064,optimal,0.20451653400232317,0.33701098199526314,-0.9829668223608422,-0.9829668223608422,-0.9829668223608422,-0.9829668223608422,3,0,True,ok,True,-6.25837781598193e-08,-0.9829668223608422,-0.9829668223608422,9.829668223608423e-05,0.35,False,False,False,False,-6.25837781598193e-08,-6.366825483906826e-08,0.0,-4.984544232922161e-08
stress|6|1|0,stress,6,2,0,1.0,0.5,0.05,-0.7687594258935979,optimal,False,0.10704749599972274,8,10,145,-0.7687595108943722,optimal,0.213981815999432,0.4259455860010348,-0.7687596107212649,-0.7687596107212649,-0.7687596107212649,-0.7687596107212649,2,0,True,ok,True,-1.8482766694916108e-07,-0.7687596107212649,-0.7687596107212649,7.687596107212649e-05,0.27,False,False,False,False,-1.8482766694916108e-07,-2.4042328552176037e-07,0.0,-8.500077430806385e-08
stress|6|2|0,stress,6,2,0,2.0,0.3,0.05,-2.427635694838422,optimal,False,0.18005754700425314,7,10,145,-2.4276356935642434,optimal,0.32734250200155657,0.4941033499999321,-2.427635739410426,-2.427635739410426,-2.427635739410426,-2.427635739410426,3,0,True,ok,True,-4.45720038655395e-08,-2.4276357394104258,-2.427635739410426,0.00024276357394104262,0.44,False,False,False,False,-4.457200430962871e-08,-1.8360252489447485e-08,0.0,1.2741785404557504e-09
stress|6|3|0,stress,6,2,0,2.0,0.5,0.05,-2.2134285181942777,optimal,False,0.1233098480006447,7,10,145,-2.2134285208053566,optimal,0.22959439000260318,0.38069239600008586,-2.2134285277708483,-2.2134285277708488,-2.2134285277708488,-2.2134285277708488,3,0,True,ok,True,-9.576571091685082e-09,-2.2134285277708488,-2.2134285277708488,0.0002213428527770849,0.4,False,False,False,False,-9.576571091685082e-09,-4.326577982060917e-09,2.0063408611494962e-16,-2.611078908643094e-09
stress|6|4|0,stress,6,2,0,4.0,0.3,0.05,-5.316973079407073,optimal,False,0.18715665300260298,11,10,145,-5.316973469446029,optimal,0.3572038939964841,0.4693580790044507,-5.3169735735095935,-5.3169735735095935,-5.3169735735095935,-5.3169735735095935,3,0,True,ok,True,-4.941025206761651e-07,-5.3169735735095935,-5.3169735735095935,0.0005316973573509594,0.48,False,False,False,False,-4.941025206761651e-07,-9.292928764109248e-08,0.0,-3.9003895579980963e-07
stress|6|5|0,stress,6,2,0,4.0,0.5,0.05,-5.102765480132666,optimal,False,0.19187821099330904,11,10,145,-5.102766151211817,optimal,0.32965082499868004,0.46754910799791105,-5.1027663618700165,-5.1027663618700165,-5.1027663618700165,-5.1027663618700165,3,0,True,ok,True,-8.817373506886383e-07,-5.1027663618700165,-5.1027663618700165,0.0005102766361870017,0.46,False,False,False,False,-8.817373506886383e-07,-1.7279597781274365e-07,0.0,-6.710791513597769e-07
stress|6|0|1,stress,6,2,1,1.0,0.3,0.05,-1.026125785951316,optimal,False,0.10380857700511115,7,10,145,-1.0261258292184317,optimal,0.2111368960031541,0.32494041199970525,-1.0261258878406228,-1.0261258878406228,-1.0261258878406228,-1.0261258878406228,3,0,True,ok,True,-1.0188930632537563e-07,-1.0261258878406223,-1.0261258878406228,0.00010261258878406228,0.59,False,False,False,False,-1.0188930676946484e-07,-9.929514311445139e-08,0.0,-4.32671156680442e-08
stress|6|1|1,stress,6,2,1,1.0,0.5,0.05,-0.7865053210187309,optimal,False,0.18162566400133073,8,10,145,-0.7865054644055819,optimal,0.3459751279951888,0.8250764359981986,-0.7865055900236471,-0.7865055900236471,-0.7865055900236471,-0.7865055900236471,4,0,True,ok,True,-2.6900491523207393e-07,-0.7865055900236462,-0.7865055900236471,7.865055900236472e-05,0.51,False,False,False,False,-2.6900491612025235e-07,-3.42025551425158e-07,0.0,-1.433868509481684e-07
stress|6|2|1,stress,6,2,1,2.0,0.3,0.05,-2.48401516316695,optimal,False,0.1135216640032013,10,10,145,-2.4840153189183205,optimal,0.237074312994082,0.363227547997667,-2.4840154179911247,-2.4840154179911247,-2.4840154179911247,-2.4840154179911247,3,0,True,ok,True,-2.5482417465028107e-07,-2.4840154179911247,-2.4840154179911247,0.0002484015417991125,0.62,False,False,False,False,-2.5482417465028107e-07,-1.0258559546206538e-07,0.0,-1.557513704675273e-07
stress|6|3|1,stress,6,2,1,2.0,0.5,0.05,-2.244395090343975,optimal,False,0.1803021619998617,7,10,145,-2.244394650953987,optimal,0.3539399530054652,1.222413889998279,-2.2443951201741488,-2.2443951201741488,-2.2443951201741488,-2.2443951201741488,3,0,True,ok,True,-2.983017388658027e-08,-2.2443951201741488,-2.2443951201741488,0.0002244395120174149,0.61,False,False,False,False,-2.983017388658027e-08,-1.3290963794618047e-08,0.0,4.3938998794956774e-07
stress|6|4|1,stress,6,2,1,4.0,0.3,0.05,-5.399793672556284,optimal,False,0.17233429099724162,7,10,145,-5.399793845743078,optimal,0.3557576550010708,1.3986952060004114,-5.3997944782921286,-5.3997944782921286,-5.3997944782921286,-5.3997944782921286,3,0,True,ok,True,-8.057358442670193e-07,-5.3997944782921286,-5.3997944782921286,0.0005399794478292128,0.65,False,False,False,False,-8.057358442670193e-07,-1.4921604289476132e-07,0.0,-1.7318679379485502e-07
stress|6|5|1,stress,6,2,1,4.0,0.5,0.05,-5.16017388506339,optimal,False,0.18745678899722407,9,10,145,-5.160174037137908,optimal,0.3377585350026493,0.7164121120003983,-5.160174180475153,-5.160174180475153,-5.160174180475153,-5.160174180475153,3,0,True,ok,True,-2.9541176260750035e-07,-5.160174180475153,-5.160174180475153,0.0005160174180475152,0.65,False,False,False,False,-2.9541176260750035e-07,-5.724841239606238e-08,0.0,-1.5207451831145136e-07
stress|6|0|2,stress,6,2,2,1.0,0.3,0.05,-0.6641850920742302,optimal,False,0.18558875599410385,8,10,145,-0.6641850957260642,optimal,0.34449554300226737,0.571028769001714,-0.6641851032515419,-0.6641851032515419,-0.6641851032515419,-0.6641851032515419,7,0,True,ok,True,-1.1177311409760193e-08,-0.6641851032515416,-0.6641851032515419,6.641851032515419e-05,0.74,False,False,False,False,-1.11773117428271e-08,-1.6828609789961848e-08,0.0,-3.6518340573721275e-09
stress|6|1|2,stress,6,2,2,1.0,0.5,0.05,-0.43726900062149454,optimal,False,0.22788930899696425,8,10,145,-0.43726908597451225,optimal,0.36044153399416246,0.7230968829971971,-0.4372691141825552,-0.4372691141825552,-0.4372691141825552,-0.4372691141825552,8,0,True,ok,True,-1.1356106055515625e-07,-0.4372691141825551,-0.4372691141825552,4.3726911418255525e-05,0.61,False,False,False,False,-1.1356106066617855e-07,-2.597052626753169e-07,0.0,-8.535301770917769e-08
stress|6|2|2,stress,6,2,2,2.0,0.3,0.05,-1.7609304065475322,optimal,False,0.10837169799924595,7,10,145,-1.7609304088963815,optimal,0.22596312400128227,0.29367313100374304,-1.7609304122301377,-1.7609304122301377,-1.7609304122301377,-1.7609304122301377,6,0,True,ok,True,-5.682605497270288e-09,-1.7609304122301377,-1.7609304122301377,0.00017609304122301377,0.81,False,False,False,False,-5.682605497270288e-09,-3.227047176958892e-09,0.0,-2.3488493372525454e-09
stress|6|3|2,stress,6,2,2,2.0,0.5,0.05,-1.5340143592765894,optimal,False,0.18109186299989233,7,10,145,-1.5340144248878878,optimal,0.34259043900237884,0.46714588399481727,-1.534014423161151,-1.534014423161151,-1.534014423161151,-1.534014423161151,6,0,True,ok,True,-6.388456164074796e-08,-1.534014423161151,-1.534014423161151,0.0001534014423161151,0.81,False,False,False,False,-6.388456164074796e-08,-4.164534787723542e-08,0.0,-6.561129839433022e-08
stress|6|4|2,stress,6,2,2,4.0,0.3,0.05,-3.954420909960026,optimal,False,0.11300268599734409,9,10,145,-3.954421015674184,optimal,0.25560372800100595,0.2709061080022366,-3.9544210301873295,-3.9544210301873295,-3.9544210301873295,-3.9544210301873295,6,0,True,ok,True,-1.2022730366822998e-07,-3.9544210301873295,-3.9544210301873295,0.00039544210301873295,0.83,False,False,False,False,-1.2022730366822998e-07,-3.040326419613367e-08,0.0,-1.0571415831606146e-07
stress|6|5|2,stress,6,2,2,4.0,0.5,0.05,-3.72750454372955,optimal,False,0.11348452599486336,9,10,145,-3.7275045857895246,optimal,0.3013136739973561,0.2711717740021413,-3.727505041118343,-3.727505041118343,-3.727505041118343,-3.727505041118343,6,0,True,ok,True,-4.973887928194642e-07,-3.727505041118343,-3.727505041118343,0.0003727505041118343,0.82,False,False,False,False,-4.973887928194642e-07,-1.3343747458502157e-07,0.0,-4.2059974614261364e-08
stress|6|0|3,stress,6,2,3,1.0,0.3,0.05,-0.9142569534224998,optimal,False,0.17824170800304273,7,10,145,-0.914256978557554,optimal,0.34526633699715603,0.48952581000048667,-0.8770060560341981,-0.9142569923780505,-0.9142569923780505,-0.9142569923780505,3,0,True,ok,True,-3.8955550674124595e-08,-0.9142569923780505,-0.9142569923780505,9.142569923780505e-05,0.64,True,False,False,False,-3.8955550674124595e-08,-4.260897390858816e-08,0.04074449159744449,-2.513505414913908e-08
stress|6|1|3,stress,6,2,3,1.0,0.5,0.05,-0.6024861492282543,optimal,False,0.11353987899929052,8,10,145,-0.6024861461775781,optimal,0.2681828089989722,0.3166246079999837,-0.5939858166321843,-0.6024861747798741,-0.6024861747798741,-0.6024861747798741,3,0,True,ok,True,-2.5551619708963358e-08,-0.602486174779874,-0.6024861747798741,6.024861747798741e-05,0.62,True,False,False,False,-2.555161981998566e-08,-4.241030246540212e-08,0.014108801999972038,3.0506761561355233e-09
stress|6|2|3,stress,6,2,3,2.0,0.3,0.05,-2.390252400935784,optimal,False,0.17863750200194772,8,10,145,-2.3902524090364805,optimal,0.35777722700004233,0.7767413430046872,-2.2798401645725144,-2.390252414850984,-2.390252414850984,-2.390252414850984,3,0,True,ok,True,-1.3915200103298275e-08,-2.390252414850984,-2.390252414850984,0.0002390252414850984,0.65,True,False,False,False,-1.3915200103298275e-08,-5.821644650519114e-09,0.046192715711722496,-8.10069655798884e-09
stress|6|3|3,stress,6,2,3,2.0,0.5,0.05,-2.0784815332566686,optimal,False,0.2282480569992913,7,10,145,-2.078481392202883,optimal,0.35056321600131923,0.46999336600129027,-1.9968199251705825,-2.078481597252807,-2.0784815972528077,-2.0784815972528077,3,0,True,ok,True,-6.399613905472279e-08,-2.0784815972528077,-2.0784815972528077,0.00020784815972528078,0.65,True,False,False,False,-6.399613905472279e-08,-3.078985212558057e-08,0.039289100365459045,1.4105378554063464e-07
stress|6|4|3,stress,6,2,3,4.0,0.3,0.05,-5.342243223295889,optimal,False,0.12182870400283718,9,10,145,-5.342243289983352,optimal_inaccurate,0.21727018900128314,0.3181784249973134,-5.085508381649381,-5.342243259796851,-5.342243259796851,-5.342243259796851,3,0,True,ok,True,-3.650096225271682e-08,-5.342243259796851,-5.342243259796851,0.0005342243259796852,0.65,True,False,False,False,-3.650096225271682e-08,-6.832515991325008e-09,0.04805750424723881,-6.668746266313974e-08
stress|6|5|3,stress,6,2,3,4.0,0.5,0.05,-5.030472206330233,optimal,False,0.11170405900338665,9,10,145,-5.030472102272637,optimal_inaccurate,0.25453814399952535,0.5295334809998167,-4.8024881422443935,-5.0304724421986755,-5.0304724421986755,-5.0304724421986755,3,0,True,ok,True,-2.3586844211109792e-07,-5.0304724421986755,-5.0304724421986755,0.0005030472442198676,0.65,True,False,False,False,-2.3586844211109792e-07,-4.688793267047303e-08,0.04532065379025049,1.040575963173751e-07
stress|6|0|4,stress,6,2,4,1.0,0.3,0.05,-1.0198815854727705,optimal,False,0.1091671230024076,7,10,145,-1.019881398754878,optimal,0.2427142059968901,0.31223367799975676,-1.0198816464896838,-1.0198816464896838,-1.0198816464896838,-1.0198816464896838,3,0,True,ok,True,-6.101691329973846e-08,-1.0198816464896838,-1.0198816464896838,0.00010198816464896838,0.51,False,False,False,False,-6.101691329973846e-08,-5.982744876352857e-08,0.0,1.8671789248081438e-07
stress|6|1|4,stress,6,2,4,1.0,0.5,0.05,-0.8110493701749645,optimal,False,0.18280892800248694,8,10,145,-0.811049542701046,optimal,0.32562452199636027,0.642335924996587,-0.8110496349033838,-0.8110496349033838,-0.8110496349033838,-0.8110496349033838,3,0,True,ok,True,-2.6472841874181086e-07,-0.8110496349033832,-0.8110496349033838,8.110496349033838e-05,0.45,False,False,False,False,-2.6472841929692237e-07,-3.2640234865087627e-07,0.0,-1.7252608153217608e-07
stress|6|2|4,stress,6,2,4,2.0,0.3,0.05,-2.457452910969473,optimal,False,0.18706291499984218,7,10,145,-2.457453191963357,optimal,0.33447037400037516,0.31056598400027724,-2.457453230440626,-2.457453230440626,-2.457453230440626,-2.457453230440626,3,0,True,ok,True,-3.194711526433025e-07,-2.457453230440626,-2.457453230440626,0.0002457453230440626,0.57,False,False,False,False,-3.194711526433025e-07,-1.3000092543676457e-07,0.0,-2.809938837167181e-07
stress|6|3|4,stress,6,2,4,2.0,0.5,0.05,-2.2486212092814384,optimal,False,0.10737039899686351,7,10,145,-2.2486211929449773,optimal,0.2723344449987053,0.3031255460009561,-2.2486212188543258,-2.2486212188543258,-2.2486212188543258,-2.2486212188543258,3,0,True,ok,True,-9.572887371689376e-09,-2.2486212188543258,-2.2486212188543258,0.0002248621218854326,0.56,False,False,False,False,-9.572887371689376e-09,-4.257225419815574e-09,0.0,1.6336461072796737e-08
stress|6|4|4,stress,6,2,4,4.0,0.3,0.05,-5.332596220555561,optimal,False,0.18783388899464626,11,10,145,-5.332595995839348,optimal,0.3275110489994404,0.46788811100122984,-5.33259639834251,-5.33259639834251,-5.33259639834251,-5.33259639834251,3,0,True,ok,True,-1.7778694783032734e-07,-5.332596398342509,-5.33259639834251,0.000533259639834251,0.59,False,False,False,False,-1.7778694871850576e-07,-3.333966071407963e-08,0.0,2.2471621274888776e-07
stress|6|5|4,stress,6,2,4,4.0,0.5,0.05,-5.123764219031676,optimal,False,0.1875085029969341,11,10,145,-5.123763815939686,optimal,0.33704875499824993,0.5251894910034025,-5.12376438675621,-5.12376438675621,-5.12376438675621,-5.12376438675621,3,0,True,ok,True,-1.6772453292901446e-07,-5.123764386756209,-5.12376438675621,0.000512376438675621,0.58,False,False,False,False,-1.6772453381719288e-07,-3.273463154182583e-08,0.0,4.0309199000887475e-07
stress|6|0|5,stress,6,2,5,1.0,0.3,0.05,-0.993197803374953,optimal,False,0.1811151770016295,7,10,145,-0.9931974373206565,optimal,0.33136787099647336,0.5490924100013217,-0.9931978374604175,-0.993197837460418,-0.993197837460418,-0.993197837460418,3,0,True,ok,True,-3.408546167538162e-08,-0.9931978374604147,-0.993197837460418,9.931978374604181e-05,0.49,False,False,False,False,-3.40854650060507e-08,-3.431890897284105e-08,5.589133316399324e-16,3.6605429654112953e-07
stress|6|1|5,stress,6,2,5,1.0,0.5,0.05,-0.7383804858247578,optimal,False,0.18701285499992082,8,10,145,-0.7383804712520082,optimal,0.32980606899945997,0.5119212289937423,-0.738380545061973,-0.7383805450619731,-0.7383805450619731,-0.7383805450619731,2,0,True,ok,True,-5.923721457801179e-08,-0.7383805450619724,-0.7383805450619731,7.383805450619732e-05,0.44,False,False,False,False,-5.9237215355167905e-08,-8.022586795343189e-08,1.503591924313193e-16,1.4572749562624665e-08
stress|6|2|5,stress,6,2,5,2.0,0.3,0.05,-2.4534243816288743,optimal,False,0.1499476449971553,11,10,145,-2.4534244672370034,optimal,0.2080517219947069,0.3127950959969894,-2.453424552746112,-2.453424552746112,-2.453424552746112,-2.453424552746112,3,0,True,ok,True,-1.711172377127923e-07,-2.453424552746112,-2.453424552746112,0.0002453424552746112,0.58,False,False,False,False,-1.711172377127923e-07,-6.97462856381921e-08,0.0,-8.56081290301347e-08
stress|6|3|5,stress,6,2,5,2.0,0.5,0.05,-2.198606389002742,optimal,False,0.1838822279969463,10,10,145,-2.198607207312618,optimal,0.32946175200049765,0.5012633820006158,-2.198607260347667,-2.198607260347667,-2.198607260347667,-2.198607260347667,3,0,True,ok,True,-8.713449251018801e-07,-2.198607260347667,-2.198607260347667,0.0002198607260347667,0.56,False,False,False,False,-8.713449251018801e-07,-3.9631692578547923e-07,0.0,-8.183098763048235e-07
stress|6|4|5,stress,6,2,5,4.0,0.3,0.05,-5.3738772931809775,optimal,False,0.1448044810022111,9,10,145,-5.373877735294208,optimal_inaccurate,0.22620064600050682,0.36025786000391236,-5.3738779833175,-5.3738779833175,-5.3738779833175,-5.3738779833175,3,0,True,ok,True,-6.901365221523292e-07,-5.3738779833175,-5.3738779833175,0.00053738779833175,0.59,False,False,False,False,-6.901365221523292e-07,-1.2842431721097494e-07,0.0,-4.4211323046994266e-07
stress|6|5|5,stress,6,2,5,4.0,0.5,0.05,-5.1190604828191555,optimal,False,0.1906032309998409,10,10,145,-5.119059745181018,optimal_inaccurate,0.34288675599964336,0.47383073599485215,-5.119060690919055,-5.119060690919055,-5.119060690919055,-5.119060690919055,3,0,True,ok,True,-2.0809989909054138e-07,-5.119060690919055,-5.119060690919055,0.0005119060690919055,0.59,False,False,False,False,-2.0809989909054138e-07,-4.065197115544475e-08,0.0,7.376381372381502e-07
stress|6|0|6,stress,6,2,6,1.0,0.3,0.05,0.039346279943150105,optimal,False,0.17970807800156763,8,10,145,0.039346273330165146,optimal,0.37538295500417007,0.7801237270032289,0.03934623544115744,0.03934623544115744,0.03934623544115744,0.039346235441157416,1,0,True,ok,True,-4.450199249383946e-08,0.03934623544115761,0.039346235441157416,3.934623544115742e-06,0.0,False,False,False,False,-4.450199268812849e-08,-1.1310343125812065e-06,5.290641271857681e-16,-6.612984958243029e-09
stress|6|1|6,stress,6,2,6,1.0,0.5,0.05,0.04179089142326778,optimal,False,0.11254535199987004,9,10,145,0.0417908935478704,optimal,0.2489724050028599,0.4820878710015677,0.04179086402213444,0.04179086402213444,0.04179086402213443,0.041790864022134395,1,0,True,ok,True,-2.7401132723925414e-08,0.041790864022135055,0.041790864022134395,4.1790864022134395e-06,0.0,False,False,False,False,-2.7401133383120335e-08,-6.556723833812336e-07,9.96231219373507e-16,2.124602618835958e-09
stress|6|2|6,stress,6,2,6,2.0,0.3,0.05,0.0638706498961523,optimal,False,0.1811628360010218,8,10,145,0.06387049213237349,optimal,0.2741671480034711,0.6021905410016188,0.06387047230626769,0.06387047230626634,0.06387047230626625,0.06387047230626619,1,0,True,ok,True,-1.7758988316018964e-07,0.06387047230626915,0.06387047230626619,6.387047230626619e-06,0.0,False,False,False,False,-1.7758988611615845e-07,-2.780461548534467e-06,2.3466259589517977e-14,-1.5776377881859815e-07
stress|6|3|6,stress,6,2,6,2.0,0.5,0.05,0.06637095937695697,optimal,False,0.11115719199733576,9,10,145,0.06637087943058906,optimal,0.2389801509998506,0.6495165400046972,0.06637085227173566,0.06637085227173556,0.06637085227173556,0.06637085227173549,1,0,True,ok,True,-1.0710521368417769e-07,0.06637085227174329,0.06637085227173549,6.637085227173549e-06,0.0,False,False,False,False,-1.0710522148349444e-07,-1.6137362257367009e-06,2.509135380874007e-15,-7.99463679146406e-08
stress|6|4|6,stress,6,2,6,4.0,0.3,0.05,0.11264642183955809,optimal,False,0.1838456860059523,9,10,145,0.11264636583496739,optimal,0.36716122300276766,0.8963680099986959,0.11264633484714294,0.11264633484714294,0.11264633484714284,0.11264633484714263,1,0,True,ok,True,-8.699241417498005e-08,0.11264633484714391,0.11264633484714263,1.1264633484714264e-05,0.0,False,False,False,False,-8.699241545173653e-08,-7.722607964915169e-07,2.7103530015975705e-15,-5.6004590701097534e-08
stress|6|5|6,stress,6,2,6,4.0,0.5,0.05,0.11519008559292845,optimal,False,0.19132591899688123,9,10,145,0.11519013884108346,optimal,0.37019999000040116,0.9088318590002018,0.11519011931035937,0.11519011931035897,0.11519011931035847,0.11519011931035843,1,0,True,ok,True,3.371743129143567e-08,0.11519011931035975,0.11519011931035843,1.1519011931035843e-05,0.0,False,False,False,False,3.371742997304583e-08,2.927112155485346e-07,8.192452413290643e-15,5.324815501028812e-08
stress|6|0|7,stress,6,2,7,1.0,0.3,0.05,0.038808811642083635,optimal,False,0.10746619899873622,8,10,145,0.038808677684912966,optimal,0.251975165992917,0.4566661550052231,0.03880864099286468,0.038808640992864275,0.03880864099286422,0.03880864099286418,1,0,True,ok,True,-1.706492192901643e-07,0.038808640992864345,0.03880864099286418,3.880864099286418e-06,0.0,False,False,False,False,-1.7064921945669775e-07,-4.397177141895491e-06,1.2873430975673251e-14,-1.3395717066849722e-07
stress|6|1|7,stress,6,2,7,1.0,0.5,0.05,0.04093575697881582,optimal,False,0.11439611200330546,8,10,145,0.04093557659289474,optimal,0.2312482990018907,0.4673864490032429,0.04093556943006544,0.04093556943006544,0.04093556943006544,0.040935569430065405,1,0,True,ok,True,-1.8754874902410235e-07,0.04093556943006679,0.040935569430065405,4.093556943006541e-06,0.0,False,False,False,False,-1.8754875041188113e-07,-4.581538592505747e-06,8.475384611128569e-16,-1.8038592107527673e-07
stress|6|2|7,stress,6,2,7,2.0,0.3,0.05,0.06189855612179228,optimal,False,0.18167893599456875,8,10,145,0.06189856888255277,optimal,0.40006140900368337,0.8975151980048395,0.06189854510216253,0.06189854510216242,0.06189854510216227,0.06189854510216225,1,0,True,ok,True,-1.1019629243824713e-08,0.061898545102163034,0.06189854510216225,6.189854510216226e-06,0.0,False,False,False,False,-1.1019630027919725e-08,-1.7802725488842388e-07,4.48404329533415e-15,1.2760760489949341e-08
stress|6|3|7,stress,6,2,7,2.0,0.5,0.05,0.06404105750399294,optimal,False,0.11720652200165205,8,10,145,0.0640411209717828,optimal,0.22113191700191237,0.5549107690021629,0.06404103503874056,0.06404103503873908,0.06404103503873892,0.06404103503873892,1,0,True,ok,True,-2.2465253643466632e-08,0.0640410350387393,0.06404103503873892,6.404103503873893e-06,0.0,False,False,False,False,-2.2465254018166902e-08,-3.507945510857031e-07,2.557077599279152e-14,6.346778985699686e-08
stress|6|4|7,stress,6,2,7,4.0,0.3,0.05,0.10798787450251969,optimal,False,0.23179327999969246,10,10,145,0.10798791169578367,optimal_inaccurate,0.391710621996026,0.891990510004689,0.10798777515518605,0.10798777515518544,0.10798777515518523,0.1079877751551851,1,0,True,ok,True,-9.934732694838466e-08,0.10798777515519274,0.1079877751551851,1.079877751551851e-05,0.0,False,False,False,False,-9.934733459504574e-08,-9.199860174368713e-07,8.867368156841033e-15,3.719326398254896e-08
stress|6|5|7,stress,6,2,7,4.0,0.5,0.05,0.11014320154224297,optimal,False,0.1824003259971505,9,10,145,0.11014336470795508,optimal_inaccurate,0.36815300500165904,0.9195843580018845,0.1101432363957938,0.1101432363957938,0.11014323639579339,0.11014323639579324,1,0,True,ok,True,3.485355123955536e-08,0.11014323639579421,0.11014323639579324,1.1014323639579324e-05,0.0,False,False,False,False,3.485355026811021e-08,3.164385071442009e-07,5.165903225103747e-15,1.6316571210817088e-07
stress|6|0|8,stress,6,2,8,1.0,0.3,0.05,-0.990197442836937,optimal,False,0.10936184900492663,7,10,145,-0.990197529763632,optimal,0.2054394790029619,0.3161136609996902,-0.9901975489732631,-0.9901975489732631,-0.9901975489732631,-0.9901975489732631,2,0,True,ok,True,-1.06136326061268e-07,-0.9901975489732631,-0.9901975489732631,9.901975489732631e-05,0.32,False,False,False,False,-1.06136326061268e-07,-1.0718703308017554e-07,0.0,-8.692669495324878e-08
stress|6|1|8,stress,6,2,8,1.0,0.5,0.05,-0.7323824770328999,optimal,False,0.17835366600047564,8,10,145,-0.7323823199981316,optimal,0.3619310249996488,0.6519100639998214,-0.7323825433696455,-0.7323825433696455,-0.7323825433696455,-0.7323825433696455,2,0,True,ok,True,-6.6336745541129e-08,-0.7323825433696455,-0.7323825433696455,7.323825433696455e-05,0.25,False,False,False,False,-6.6336745541129e-08,-9.057664215271639e-08,0.0,1.5703476829997953e-07
stress|6|2|8,stress,6,2,8,2.0,0.3,0.05,-2.4749469841628113,optimal,False,0.1800104520007153,7,10,145,-2.4749469758889284,optimal,0.3394965490006143,0.43847272000130033,-2.4749469862585345,-2.4749469862585345,-2.4749469862585345,-2.4749469862585345,3,0,True,ok,True,-2.095723150574713e-09,-2.4749469862585345,-2.4749469862585345,0.00024749469862585347,0.42,False,False,False,False,-2.095723150574713e-09,-8.467749668923206e-10,0.0,8.273882912135377e-09
stress|6|3|8,stress,6,2,8,2.0,0.5,0.05,-2.2171319751962155,optimal,False,0.1797778649997781,7,10,145,-2.2171319763631065,optimal,0.3206965479985229,0.499043839998194,-2.217131980654917,-2.217131980654917,-2.217131980654917,-2.217131980654917,2,0,True,ok,True,-5.4582711683792695e-09,-2.2171319806544867,-2.217131980654917,0.00022171319806549172,0.34,False,False,False,False,-5.458701490823614e-09,-2.4620552821807196e-09,0.0,-1.1668910282480738e-09
stress|6|4|8,stress,6,2,8,4.0,0.3,0.05,-5.444445466776818,optimal,False,0.11662632699881215,11,10,145,-5.444445848758886,optimal,0.24127707199659199,0.29976538399932906,-5.444445860823357,-5.444445860829077,-5.444445860829077,-5.444445860829077,3,0,True,ok,True,-3.940323631823617e-07,-5.444445860809181,-5.444445860829077,0.0005444445860829077,0.43,False,False,False,False,-3.940522592671414e-07,-7.237693198907646e-08,1.0507510493303633e-12,-3.819820681982833e-07
stress|6|5|8,stress,6,2,8,4.0,0.5,0.05,-5.1866304852467735,optimal,False,0.1257464969967259,10,10,145,-5.186630861899358,optimal,0.2166787239984842,0.3029853109983378,-5.186630855225459,-5.186630855225459,-5.186630855225459,-5.186630855225459,3,0,True,ok,True,-3.6997868591015504e-07,-5.186630855225459,-5.186630855225459,0.000518663085522546,0.43,False,False,False,False,-3.6997868591015504e-07,-7.133314913459696e-08,0.0,-3.766525846771174e-07
stress|6|0|9,stress,6,2,9,1.0,0.3,0.05,-1.0387736505917056,optimal,False,0.1768544139995356,7,10,145,-1.0387736799139482,optimal,0.34389398499479285,0.5525378660022398,-1.0387737268350343,-1.0387737268350343,-1.0387737268350343,-1.0387737268350343,3,0,True,ok,True,-7.624332365452346e-08,-1.0387737268350292,-1.0387737268350343,0.00010387737268350344,0.49,False,False,False,False,-7.624332876154938e-08,-7.339744199144799e-08,0.0,-2.9322242633966766e-08
stress|6|1|9,stress,6,2,9,1.0,0.5,0.05,-0.8310236436334518,optimal,False,0.17937313899892615,8,10,145,-0.8310239235290923,optimal,0.3628087230026722,0.6573629190024803,-0.8310240516685673,-0.8310240516685703,-0.8310240516685703,-0.8310240516685703,2,0,True,ok,True,-4.0803511847098406e-07,-0.8310240516685703,-0.8310240516685703,8.310240516685703e-05,0.36,False,False,False,False,-4.0803511847098406e-07,-4.910030197058513e-07,3.607118422708936e-15,-2.7989564044261783e-07
stress|6|2|9,stress,6,2,9,2.0,0.3,0.05,-2.5221327702353467,optimal,False,0.19156457999633858,11,10,145,-2.5221325375264585,optimal,0.33839587799593573,0.49048739599675173,-2.5221329750593666,-2.522132975059367,-2.522132975059367,-2.522132975059367,3,0,True,ok,True,-2.0482402041110959e-07,-2.522132975059367,-2.522132975059367,0.0002522132975059367,0.53,False,False,False,False,-2.0482402041110959e-07,-8.12106415761756e-08,1.7607684219727132e-16,2.3270888815929425e-07
stress|6|3|9,stress,6,2,9,2.0,0.5,0.05,-2.314383293688555,optimal,False,0.1756945880042622,7,10,145,-2.314382946757328,optimal,0.3294908210009453,0.4771377500001108,-2.314383299892903,-2.314383299892903,-2.314383299892903,-2.314383299892903,3,0,True,ok,True,-6.2043477022655225e-09,-2.314383299892903,-2.314383299892903,0.0002314383299892903,0.52,False,False,False,False,-6.2043477022655225e-09,-2.6807779503011038e-09,0.0,3.469312273018943e-07
stress|6|4|9,stress,6,2,9,4.0,0.3,0.05,-5.488850659736427,optimal,False,0.11508133900497342,9,10,145,-5.488851196457727,optimal,0.20922159300243948,0.28221539499645587,-5.488851471508021,-5.488851471508025,-5.488851471508032,-5.488851471508032,3,0,True,ok,True,-8.117716054911739e-07,-5.488851471508032,-5.488851471508032,0.0005488851471508032,0.55,False,False,False,False,-8.117716054911739e-07,-1.478946423968028e-07,1.941779822559716e-15,-5.367213002926974e-07
stress|6|5|9,stress,6,2,9,4.0,0.5,0.05,-5.2811015457823,optimal,False,0.12124943399976473,11,10,145,-5.281101742522488,optimal,0.2146230860016658,0.2780063899990637,-5.281101796341568,-5.281101796341568,-5.281101796341568,-5.281101796341568,3,0,True,ok,True,-2.5055926844430587e-07,-5.281101796341568,-5.281101796341568,0.0005281101796341569,0.54,False,False,False,False,-2.5055926844430587e-07,-4.74445087397368e-08,0.0,-1.96740188584954e-07
stress|6|0|10,stress,6,2,10,1.0,0.3,0.05,0.04294948110671234,optimal,False,0.1801682970035472,9,10,145,0.04294940754641984,optimal,0.38371901199570857,0.7806932849998702,0.04294934449872889,0.04294934449872806,0.04294934449872798,0.04294934449872794,1,0,True,ok,True,-1.366079839457135e-07,0.04294934449872839,0.04294934449872794,4.294934449872795e-06,0.0,False,False,False,False,-1.366079843967416e-07,-3.180666701358399e-06,2.213371300377927e-14,-7.356029249616647e-08
stress|6|1|10,stress,6,2,10,1.0,0.5,0.05,0.04505371949999529,optimal,False,0.180645945998549,9,10,145,0.04505365451705,optimal,0.47572244600451086,0.8176079069962725,0.0450536272798999,0.0450536272798999,0.045053627279899686,0.04505362727989963,1,0,True,ok,True,-9.222009413056842e-08,0.04505362727990116,0.04505362727989963,4.505362727989963e-06,0.0,False,False,False,False,-9.222009565712508e-08,-2.0468919476700416e-06,6.006549940388835e-15,-6.498294528867188e-08
stress|6|2|10,stress,6,2,10,2.0,0.3,0.05,0.07051994157203145,optimal,False,0.1277422729981481,9,10,145,0.07052001858263403,optimal,0.26802309999766294,0.9217493280011695,0.07051990953198516,0.07051990953198493,0.07051990953198493,0.0705199095319849,1,0,True,ok,True,-3.204004599133281e-08,0.07051990953198546,0.0705199095319849,7.051990953198491e-06,0.0,False,False,False,False,-3.204004654644432e-08,-4.5434023103546587e-07,3.5422646199987142e-15,7.701060257547798e-08
stress|6|3|10,stress,6,2,10,2.0,0.5,0.05,0.07263405856372579,optimal,False,0.17590224200102966,9,10,145,0.07263409193625874,optimal,0.3590276830000221,0.9040861050016247,0.07263407426474136,0.07263407426474129,0.07263407426474129,0.07263407426474124,1,0,True,ok,True,1.570101580694594e-08,0.0726340742647416,0.07263407426474124,7.2634074264741236e-06,0.0,False,False,False,False,1.5701015446123456e-08,2.1616602123848147e-07,1.7195798464380012e-15,3.337253294544151e-08
stress|6|4|10,stress,6,2,10,4.0,0.3,0.05,0.12552789057566158,optimal,False,0.18241666000540135,9,10,145,0.1255278333160288,optimal,0.3448522149992641,0.9070919259975199,0.12552781343220065,0.12552781343220032,0.12552781343220024,0.1255278134321998,1,0,True,ok,True,-7.714345856557614e-08,0.125527813432203,0.1255278134321998,1.255278134321998e-05,0.0,False,False,False,False,-7.714346178522291e-08,-6.145523630760361e-07,6.85443982937876e-15,-5.725963278524482e-08
stress|6|5|10,stress,6,2,10,4.0,0.5,0.05,0.1276512071101141,optimal,False,0.18239661199913826,9,10,145,0.12765120380724218,optimal,0.38921603500057245,0.8897010430009686,0.12765121095777993,0.1276512109577798,0.12765121095777976,0.12765121095777957,1,0,True,ok,True,3.84766793426472e-09,0.12765121095778204,0.12765121095777957,1.2765121095777957e-05,0.0,False,False,False,False,3.84766546401849e-09,3.014202177265295e-08,2.8266279676932898e-15,-3.3028719204075685e-09
stress|6|0|11,stress,6,2,11,1.0,0.3,0.05,-0.8463315584284296,optimal,False,0.10986190500261728,7,10,145,-0.8463315975653842,optimal,0.2262685679961578,0.314537233003648,-0.46278775622164997,-0.846331622580485,-0.846331622580485,-0.846331622580485,3,0,True,ok,True,-6.41520524480299e-08,-0.846331622580482,-0.846331622580485,8.463316225804851e-05,0.6,True,False,False,False,-6.415205544563207e-08,-7.580014570738368e-08,0.45318390111597245,-3.91369546770548e-08
stress|6|1|11,stress,6,2,11,1.0,0.5,0.05,-0.583058122700571,optimal,False,0.10593292800331255,7,10,145,-0.5830579482714152,optimal,0.24968714099668432,0.32868966199748684,-0.23944030246564674,-0.583058160257977,-0.583058160257977,-0.583058160257977,3,0,True,ok,True,-3.755740596300683e-08,-0.583058160257977,-0.583058160257977,5.83058160257977e-05,0.59,True,False,False,False,-3.755740596300683e-08,-6.44145146097114e-08,0.5893371900331432,1.7442915578591567e-07
stress|6|2|11,stress,6,2,11,2.0,0.3,0.05,-2.194310339804516,optimal,False,0.18047210499935318,7,10,145,-2.194310203507109,optimal,0.3234047199948691,0.5055966030049603,-1.3644642368523021,-2.1943106201274594,-2.1943106201274594,-2.1943106201274594,3,0,True,ok,True,-2.8032294352442477e-07,-2.1943106201274594,-2.1943106201274594,0.00021943106201274595,0.6,True,False,False,False,-2.8032294352442477e-07,-1.2774990776801327e-07,0.3781809082375742,1.362974066942968e-07
stress|6|3|11,stress,6,2,11,2.0,0.5,0.05,-1.9310367059344415,optimal,False,0.18152232300053583,10,10,145,-1.9310371324222013,optimal,0.32814448499993887,0.49732108999887714,-1.141116783096299,-1.9310371578049514,-1.9310371578049514,-1.9310371578049514,3,0,True,ok,True,-4.518705098988107e-07,-1.9310371578049514,-1.9310371578049514,0.00019310371578049515,0.6,True,False,False,False,-4.518705098988107e-07,-2.3400410179160605e-07,0.40906534165638264,-4.2648775977482956e-07
stress|6|4|11,stress,6,2,11,4.0,0.3,0.05,-4.8902682898041885,optimal,False,0.11263140300434316,10,10,145,-4.890268579219141,optimal,0.22583689499879256,0.2863112679988262,-3.1678171981136023,-4.890268615221409,-4.890268615221409,-4.890268615221409,3,0,True,ok,True,-3.254172202815653e-07,-4.890268615221409,-4.890268615221409,0.0004890268615221409,0.6,True,False,False,False,-3.254172202815653e-07,-6.6543837883094e-08,0.35222020560312756,-2.894149524479417e-07
stress|6|5|11,stress,6,2,11,4.0,0.5,0.05,-4.626994899609396,optimal,False,0.18278232800366823,10,10,145,-4.626995127901604,optimal,0.36112642499938374,0.7044708489993354,-2.9444697443576016,-4.626995152898901,-4.626995152898901,-4.626995152898901,3,0,True,ok,True,-2.532895049256467e-07,-4.626995152898901,-4.626995152898901,0.0004626995152898901,0.6,True,False,False,False,-2.532895049256467e-07,-5.47416866500175e-08,0.3636324121686544,-2.2829220824860386e-07
stress|6|0|12,stress,6,2,12,1.0,0.3,0.05,-0.9535126227223827,optimal,False,0.17615738400490955,7,10,145,-0.9535126281166176,optimal,0.3328851550031686,0.46184093999909237,-0.8585215394270234,-0.9535126461720558,-0.9535126461720558,-0.9535126461720558,8,0,True,ok,True,-2.3449673092201806e-08,-0.9535126461720558,-0.9535126461720558,9.535126461720558e-05,0.77,True,False,False,False,-2.3449673092201806e-08,-2.4592934097978094e-08,0.0996222830671213,-5.3942349476088225e-09
stress|6|1|12,stress,6,2,12,1.0,0.5,0.05,-0.7264704459588722,optimal,False,0.17874047000077553,7,10,145,-0.7264706016149887,optimal,0.42153969000355573,0.5215698209940456,-0.6352669359466854,-0.7264706104982324,-0.7264706104982324,-0.7264706104982324,6,0,True,ok,True,-1.645393581384269e-07,-0.7264706104982304,-0.7264706104982324,7.264706104982323e-05,0.75,True,False,False,False,-1.6453936013682835e-07,-2.2649147126646283e-07,0.1255435157782875,-1.5565611644063893e-07
stress|6|2|12,stress,6,2,12,2.0,0.3,0.05,-2.4038261224950386,optimal,False,0.10619326100277249,7,10,145,-2.4038261819148694,optimal,0.24068244799855165,0.2869357919989852,-2.125997190047512,-2.4038261708715813,-2.4038261708715813,-2.4038261708715813,6,0,True,ok,True,-4.837654277167758e-08,-2.4038261708715813,-2.4038261708715813,0.00024038261708715815,0.78,True,False,False,False,-4.837654277167758e-08,-2.0124809493901912e-08,0.11557781681165989,-5.9419830833462584e-08
stress|6|3|12,stress,6,2,12,2.0,0.5,0.05,-2.1767841223727236,optimal,False,0.11145640700124204,7,10,145,-2.1767840935291813,optimal,0.24131247600598726,0.5469585609971546,-1.902742586567174,-2.1767841351977575,-2.1767841351977575,-2.1767841351977575,6,0,True,ok,True,-1.2824941997280348e-08,-2.1767841351976656,-2.1767841351977575,0.00021767841351977575,0.78,True,False,False,False,-1.2825033923746787e-08,-5.891734413133871e-09,0.12589284541330376,2.8843542221324014e-08
stress|6|4|12,stress,6,2,12,4.0,0.3,0.05,-5.304453150184279,optimal,False,0.14021518300432945,8,10,145,-5.304453191611948,optimal,0.24160329600272235,0.6790789799997583,-4.660948491288489,-5.304453220270632,-5.304453220270632,-5.304453220270632,6,0,False,ok,True,-7.008635272143238e-08,-5.304453220270632,-5.304453220270632,0.0005304453220270632,0.78,True,False,False,False,-7.008635272143238e-08,-1.321273856834753e-08,0.12131405486300262,-4.14276692950466e-08
stress|6|5|12,stress,6,2,12,4.0,0.5,0.05,-5.0774112052435365,optimal,False,0.10984760899737012,8,10,145,-5.0774112998923355,optimal,0.24339875499572372,0.42608793799445266,-4.437693887808151,-5.077411184596809,-5.077411184596809,-5.077411184596809,6,0,True,ok,True,2.0646727882933646e-08,-5.077411184596809,-5.077411184596809,0.0005077411184596809,0.78,True,False,False,False,2.0646727882933646e-08,4.066388765521175e-09,0.12599280884111752,-9.46487990205469e-08
stress|6|0|13,stress,6,2,13,1.0,0.3,0.05,-0.8090195637946799,optimal,False,0.12351638600375736,8,10,145,-0.8090195732114157,optimal,0.22771177899994655,0.33133809600258246,-0.8090196220298783,-0.8090196220298783,-0.8090196220298783,-0.8090196220298783,3,0,True,ok,True,-5.823519755310258e-08,-0.8090196220298774,-0.8090196220298783,8.090196220298784e-05,0.57,False,False,False,False,-5.8235198441281e-08,-7.198243534202152e-08,0.0,-9.416735835543477e-09
stress|6|1|13,stress,6,2,13,1.0,0.5,0.05,-0.5395031406572374,optimal,False,0.13112182300392305,7,10,145,-0.5395031499474227,optimal,0.23804804500105092,0.3503406739982893,-0.5395033789993686,-0.5395033789993798,-0.5395033789993798,-0.5395033789993798,3,0,True,ok,True,-2.383421424667631e-07,-0.5395033789993798,-0.5395033789993798,5.395033789993799e-05,0.57,False,False,False,False,-2.383421424667631e-07,-4.417808248093018e-07,2.078439725347294e-14,-9.29018528772474e-09
stress|6|2|13,stress,6,2,13,2.0,0.3,0.05,-2.1218607775509617,optimal,False,0.11134520400082693,7,10,145,-2.1218607716775337,optimal,0.22143013999448158,0.2922232279961463,-2.1218607930325017,-2.1218607930325017,-2.1218607930325017,-2.1218607930325017,3,0,True,ok,True,-1.5481540049933074e-08,-2.1218607930325017,-2.1218607930325017,0.0002121860793032502,0.61,False,False,False,False,-1.5481540049933074e-08,-7.296209164015826e-09,0.0,5.8734279662076005e-09
stress|6|3|13,stress,6,2,13,2.0,0.5,0.05,-1.8523443873292051,optimal,False,0.1708284390042536,7,10,145,-1.852344543427749,optimal,0.3306526450032834,0.4811993449984584,-1.852344550002003,-1.852344550002003,-1.852344550002003,-1.852344550002003,3,0,True,ok,True,-1.626727978987219e-07,-1.852344550002003,-1.852344550002003,0.0001852344550002003,0.6,False,False,False,False,-1.626727978987219e-07,-8.781995346625094e-08,0.0,-1.5609854386866573e-07
stress|6|4|13,stress,6,2,13,4.0,0.3,0.05,-4.7475430445531765,optimal,False,0.17896437899617013,7,10,145,-4.747543028147287,optimal,0.3635272219980834,0.48217356499662856,-4.747543135037748,-4.747543135037748,-4.747543135037748,-4.747543135037748,3,0,True,ok,True,-9.048457183524761e-08,-4.747543135037748,-4.747543135037748,0.00047475431350377484,0.63,False,False,False,False,-9.048457183524761e-08,-1.9059242009203043e-08,0.0,1.6405889979864696e-08
stress|6|5|13,stress,6,2,13,4.0,0.5,0.05,-4.4780268252839015,optimal,False,0.12255673800245859,7,10,145,-4.478026439364959,optimal,0.2180795670064981,0.8707528279992403,-4.47802689200725,-4.47802689200725,-4.47802689200725,-4.47802689200725,3,1,True,ok,True,-6.67233486240093e-08,-4.47802689200725,-4.47802689200725,0.00044780268920072505,0.63,False,False,False,False,-6.67233486240093e-08,-1.490016724492916e-08,0.0,3.85918942136243e-07
stress|6|0|14,stress,6,2,14,1.0,0.3,0.05,-0.8663017086832867,optimal,False,0.22114429200155428,7,10,145,-0.866301697869259,optimal,0.3997335890016984,0.5367660079937195,-0.6020696692109518,-0.8663018912801094,-0.8663018912801094,-0.8663018912801094,2,0,True,ok,True,-1.8259682266208443e-07,-0.8663018912801094,-0.8663018912801094,8.663018912801094e-05,0.51,True,False,False,False,-1.8259682266208443e-07,-2.1077740102766027e-07,0.30501171096222496,1.0814027673333726e-08
stress|6|1|14,stress,6,2,14,1.0,0.5,0.05,-0.5914527413772518,optimal,False,0.10648491000029026,7,10,145,-0.5914527143682851,optimal,0.26277278199995635,0.678567311995721,-0.25289837278600436,-0.591452941383811,-0.591452941383811,-0.591452941383811,2,0,True,ok,True,-2.0000655909235832e-07,-0.5914529413838109,-0.591452941383811,5.91452941383811e-05,0.48,True,False,False,False,-2.0000655920338062e-07,-3.381615219800099e-07,0.5724116745546942,2.7008966729802353e-08
stress|6|2|14,stress,6,2,14,2.0,0.3,0.05,-2.2538391133840086,optimal,False,0.19644323099782923,11,10,145,-2.253839089008569,optimal,0.34085400000185473,0.5881512750056572,-1.8486337893513598,-2.2538393482009376,-2.2538393482009376,-2.2538393482009376,3,0,True,ok,True,-2.3481692901228257e-07,-2.2538393482009376,-2.2538393482009376,0.00022538393482009376,0.6,True,False,False,False,-2.3481692901228257e-07,-1.0418531101792735e-07,0.17978457922168298,2.4375439444668245e-08
stress|6|3|14,stress,6,2,14,2.0,0.5,0.05,-1.9789903839676153,optimal,False,0.1744592350005405,7,10,145,-1.9789902350348179,optimal,0.33772414999839384,0.5207050180033548,-1.4960059889822552,-1.9789903983046393,-1.9789903983046393,-1.9789903983046393,3,0,True,ok,True,-1.4337024012434085e-08,-1.9789903983046393,-1.9789903983046393,0.00019789903983046393,0.58,True,False,False,False,-1.4337024012434085e-08,-7.244615299085101e-09,0.24405596395826223,1.4893279742800303e-07
stress|6|4|14,stress,6,2,14,4.0,0.3,0.05,-5.028912961280367,optimal,False,0.14797780299704755,10,10,145,-5.028913714195864,optimal,0.3099732939954265,0.4439859079939197,-4.341762029632173,-5.028914262042594,-5.028914262042594,-5.028914262042594,3,0,True,ok,True,-1.3007622268190744e-06,-5.028914262042594,-5.028914262042594,0.0005028914262042595,0.61,True,False,False,False,-1.3007622268190744e-06,-2.586567389084218e-07,0.1366402759333026,-7.529154970598029e-07
stress|6|5|14,stress,6,2,14,4.0,0.5,0.05,-4.754064940522434,optimal,False,0.19149195800127927,11,10,145,-4.754065282538283,optimal,0.31536210299964296,1.13361443499889,-3.9891342292630716,-4.7540653121462935,-4.754065312146296,-4.754065312146296,3,0,True,ok,True,-3.7162386234967926e-07,-4.754065312146296,-4.754065312146296,0.0004754065312146296,0.61,True,False,False,False,-3.7162386234967926e-07,-7.816970676652994e-08,0.16090041525699708,-3.42015849419397e-07
stress|6|0|15,stress,6,2,15,1.0,0.3,0.05,-0.8188213854095071,optimal,False,0.1302744389977306,7,10,145,-0.8188217016074767,optimal,0.3066827889997512,0.5403461499954574,-0.8188217469073468,-0.8188217469073468,-0.8188217469073468,-0.8188217469073468,3,0,True,ok,True,-3.614978375532374e-07,-0.8188217469073447,-0.8188217469073468,8.188217469073468e-05,0.32,False,False,False,False,-3.6149783966266114e-07,-4.414855866055204e-07,0.0,-3.161979695853745e-07
stress|6|1|15,stress,6,2,15,1.0,0.5,0.05,-0.47526686622028436,optimal,False,0.16542668000329286,8,10,145,-0.47526690587704823,optimal,0.39094561099773273,0.6005321080010617,-0.47526700941263555,-0.47526700941263555,-0.47526700941263555,-0.47526700941263555,2,0,True,ok,True,-1.431923511985289e-07,-0.47526700941263555,-0.47526700941263555,4.752670094126356e-05,0.09,False,False,False,False,-1.431923511985289e-07,-3.012883105807755e-07,0.0,-3.965676387274186e-08
stress|6|2|15,stress,6,2,15,2.0,0.3,0.05,-2.263860142593483,optimal,False,0.17828469000232872,7,10,145,-2.263860153877219,optimal,0.3583511710021412,0.4823985359980725,-2.263860164097789,-2.2638601640977893,-2.2638601640977893,-2.2638601640977893,3,0,True,ok,True,-2.1504306335629053e-08,-2.2638601640977893,-2.2638601640977893,0.00022638601640977894,0.49,False,False,False,False,-2.1504306335629053e-08,-9.498955315761545e-09,1.9616459395010574e-16,-1.1283736167655434e-08
stress|6|3|15,stress,6,2,15,2.0,0.5,0.05,-1.9203054109143591,optimal,False,0.10732385000301292,7,10,145,-1.920305421471429,optimal,0.22826946600252995,0.3390339789984864,-1.9203054266030763,-1.9203054266030781,-1.9203054266030781,-1.9203054266030781,3,0,True,ok,True,-1.568871899060298e-08,-1.9203054266030781,-1.9203054266030781,0.00019203054266030782,0.4,False,False,False,False,-1.568871899060298e-08,-8.169908235134717e-09,9.25038702068626e-16,-1.0557069884953307e-08
stress|6|4|15,stress,6,2,15,4.0,0.3,0.05,-5.15393675115957,optimal,False,0.18953966200206196,11,10,145,-5.1539369522140825,optimal,0.328652909003722,0.4442728440044448,-5.153936998478675,-5.153936998478675,-5.153936998478675,-5.153936998478675,3,0,True,ok,True,-2.4731910475139784e-07,-5.153936998478675,-5.153936998478675,0.0005153936998478675,0.5,False,False,False,False,-2.4731910475139784e-07,-4.7986445447890723e-08,0.0,-2.010545125941121e-07
stress|6|5|15,stress,6,2,15,4.0,0.5,0.05,-4.810382187941938,optimal,False,0.175535726993985,9,10,145,-4.810382253922171,optimal,0.3189623689977452,0.45313522599462885,-4.810382260983964,-4.810382260983964,-4.810382260983964,-4.810382260983964,3,0,True,ok,True,-7.30420257610831e-08,-4.810382260983964,-4.810382260983964,0.0004810382260983964,0.5,False,False,False,False,-7.30420257610831e-08,-1.5184245847279177e-08,0.0,-6.598023283288512e-08
stress|6|0|16,stress,6,2,16,1.0,0.3,0.05,-0.7656387577166651,optimal,False,0.11812657500558998,7,10,145,-0.7656389149351513,optimal,0.2257288900000276,0.3488659840004402,-0.6889595230945135,-0.7656390940122566,-0.7656390940122566,-0.7656390940122566,3,0,True,ok,True,-3.3629559126335806e-07,-0.7656390940122564,-0.7656390940122566,7.656390940122566e-05,0.55,True,False,False,False,-3.3629559148540267e-07,-4.3923532879699564e-07,0.10015106532231963,-1.5721848622973766e-07
stress|6|1|16,stress,6,2,16,1.0,0.5,0.05,-0.5069414593502074,optimal,False,0.17683432500052731,7,10,145,-0.5069415528891563,optimal,0.3665984139952343,0.5156256839982234,-0.3496373802527942,-0.5069416427918171,-0.5069416427918171,-0.5069416427918171,2,0,True,ok,True,-1.8344160956917932e-07,-0.506941642791817,-0.5069416427918171,5.069416427918171e-05,0.52,True,False,False,False,-1.8344160968020162e-07,-3.618595526105426e-07,0.3103005341457461,-9.353894891983572e-08
stress|6|2|16,stress,6,2,16,2.0,0.3,0.05,-2.0328292006256024,optimal,False,0.11520253399794456,7,10,145,-2.0328293452933637,optimal,0.25737066700094147,0.3236330319996341,-1.9794082893103004,-2.032829519726957,-2.032829519726957,-2.032829519726957,3,0,True,ok,True,-3.1910135467327905e-07,-2.032829519726957,-2.032829519726957,0.0002032829519726957,0.62,True,False,False,False,-3.1910135467327905e-07,-1.5697401167548937e-07,0.02627924766845768,-1.4466776132593395e-07
stress|6|3|16,stress,6,2,16,2.0,0.5,0.05,-1.774132047749936,optimal,False,0.17286849999800324,7,10,145,-1.7741320399656952,optimal,0.32486907800193876,0.5027854200016009,-1.6400861464685814,-1.7741320685065176,-1.7741320685065176,-1.7741320685065176,3,0,True,ok,True,-2.0756581564640442e-08,-1.7741320685065176,-1.7741320685065176,0.00017741320685065178,0.6,True,False,False,False,-2.0756581564640442e-08,-1.1699569708447138e-08,0.07555577423882395,7.784240807495735e-09
stress|6|4|16,stress,6,2,16,4.0,0.3,0.05,-4.567209848707938,optimal,False,0.1811532569990959,10,10,145,-4.567210370169416,optimal,0.3635413099982543,0.906516841998382,-4.560305821741874,-4.567210371156358,-4.567210371156358,-4.567210371156358,3,0,True,ok,True,-5.22448420525734e-07,-4.567210371156358,-4.567210371156358,0.00045672103711563586,0.65,True,False,False,False,-5.22448420525734e-07,-1.1439115736570206e-07,0.0015117651374434082,-5.214614784421201e-07
stress|6|5|16,stress,6,2,16,4.0,0.5,0.05,-4.308512787569625,optimal,False,0.11322468300204491,9,10,145,-4.308512824669854,optimal,0.22935400399728678,0.5504137690004427,-4.220983678900155,-4.308512919935919,-4.308512919935919,-4.308512919935919,3,0,True,ok,True,-1.3236629392565646e-07,-4.308512919935919,-4.308512919935919,0.0004308512919935919,0.64,True,False,False,False,-1.3236629392565646e-07,-3.0722038079483693e-08,0.020315418025267425,-3.710022866698637e-08
stress|6|0|17,stress,6,2,17,1.0,0.3,0.05,-0.6335550666409312,optimal,False,0.1722849740035599,8,10,145,-0.6335551169547934,optimal,0.35602880499936873,0.5126848740037531,-0.6335551286667997,-0.6335551286667997,-0.6335551286667997,-0.6335551286667997,3,0,True,ok,True,-6.202586855241776e-08,-0.6335551286667997,-0.6335551286667997,6.335551286667998e-05,0.35,False,False,False,False,-6.202586855241776e-08,-9.790130616628952e-08,0.0,-5.031386218767864e-08
stress|6|1|17,stress,6,2,17,1.0,0.5,0.05,-0.3030707214694571,optimal,False,0.12601112500124145,13,10,145,-0.30307090577694684,optimal_inaccurate,0.42755202899570577,0.40913171300053364,-0.30307140557366874,-0.30307140557366874,-0.30307140557366874,-0.30307140557366885,2,0,True,ok,True,-6.841042116123575e-07,-0.30307140557366874,-0.30307140557366885,3.0307140557366886e-05,0.11,False,False,False,False,-6.841042117233798e-07,-2.2572428257221887e-06,3.663239105397193e-16,-1.8430748971454136e-07
stress|6|2|17,stress,6,2,17,2.0,0.3,0.05,-1.8515923220457582,optimal,False,0.11807681600475917,7,10,145,-1.8515923074543799,optimal,0.2806764609995298,0.4582159290002892,-1.8515923223704456,-1.8515923223704456,-1.8515923223704456,-1.8515923223704456,3,0,True,ok,True,-3.2466518362639363e-10,-1.8515923223704234,-1.8515923223704456,0.00018515923223704457,0.41,False,False,False,False,-3.2468738808688613e-10,-1.7535576499266894e-10,0.0,1.4591378327821758e-08
stress|6|3|17,stress,6,2,17,2.0,0.5,0.05,-1.521108595347953,optimal,False,0.10531165399879683,7,10,145,-1.5211085749375013,optimal,0.21512168299523182,0.296638517997053,-1.5211085992773146,-1.5211085992773146,-1.5211085992773146,-1.5211085992773146,3,0,True,ok,True,-3.929361502841289e-09,-1.5211085992773146,-1.5211085992773146,0.00015211085992773146,0.39,False,False,False,False,-3.929361502841289e-09,-2.583222207052514e-09,0.0,2.0410451773145155e-08
stress|6|4|17,stress,6,2,17,4.0,0.3,0.05,-4.287666773953926,optimal,False,0.17370530399784911,7,10,145,-4.287666638264991,optimal,0.33885951699630823,0.5428584779947414,-4.287666709777737,-4.287666709777737,-4.287666709777737,-4.287666709777737,3,0,True,ok,True,6.417618880760756e-08,-4.287666709777737,-4.287666709777737,0.0004287666709777737,0.47,False,False,False,False,6.417618880760756e-08,1.4967625095647693e-08,0.0,1.3568893475479626e-07
stress|6|5|17,stress,6,2,17,4.0,0.5,0.05,-3.957182991460521,optimal,False,0.17469754999910947,7,10,145,-3.9571829689571265,optimal,0.3305419759999495,0.45987406199856196,-3.9571829866842965,-3.957182986684605,-3.9571829866846064,-3.9571829866846064,3,0,True,ok,True,4.775914774768353e-09,-3.9571829866846064,-3.9571829866846064,0.00039571829866846066,0.45,False,False,False,False,4.775914774768353e-09,1.206897630227015e-09,7.833205326070738e-14,2.2503394703221602e-08
stress|6|0|18,stress,6,2,18,1.0,0.3,0.05,-0.6925073160419232,optimal,False,0.1263282159998198,8,10,145,-0.6925074800813305,optimal,0.2722604219961795,0.3957141450009658,-0.6925074858858671,-0.6925074858858671,-0.6925074858858671,-0.6925074858858671,3,0,True,ok,True,-1.6984394390906488e-07,-0.6925074858858671,-0.6925074858858671,6.925074858858671e-05,0.5,False,False,False,False,-1.6984394390906488e-07,-2.452594217774052e-07,0.0,-1.640394072799367e-07
stress|6|1|18,stress,6,2,18,1.0,0.5,0.05,-0.3551134270337443,optimal,False,0.11195159100316232,9,10,145,-0.3551134157194197,optimal,0.29847963400243316,0.42913896100071725,-0.3551134476178983,-0.3551134476178983,-0.3551134476178983,-0.3551134476178983,3,0,True,ok,True,-2.0584153992420084e-08,-0.3551134476178983,-0.3551134476178983,3.5511344761789835e-05,0.33,False,False,False,False,-2.0584153992420084e-08,-5.7965011811462973e-08,0.0,1.1314324643851847e-08
stress|6|2|18,stress,6,2,18,2.0,0.3,0.05,-2.00003381016063,optimal,False,0.17988723799498985,7,10,145,-2.000033793855422,optimal,0.3446365970012266,0.7182823410039418,-2.0000338097353456,-2.0000338097353456,-2.0000338097353456,-2.0000338097353456,3,0,True,ok,True,4.252842522589617e-10,-2.0000338097353456,-2.0000338097353456,0.00020000338097353457,0.6,False,False,False,False,4.252842522589617e-10,2.126385314580285e-10,0.0,1.630520785056433e-08
stress|6|3|18,stress,6,2,18,2.0,0.5,0.05,-1.6626397678628932,optimal,False,0.11125130299478769,7,10,145,-1.6626397552879113,optimal,0.21103317200322635,0.3202133170052548,-1.6626397714673549,-1.6626397714673768,-1.6626397714673768,-1.6626397714673768,3,0,True,ok,True,-3.604483600483377e-09,-1.6626397714673768,-1.6626397714673768,0.0001662639771467377,0.56,False,False,False,False,-3.604483600483377e-09,-2.1679281767189237e-09,1.3221394233927973e-14,1.2574981944624142e-08
stress|6|4|18,stress,6,2,18,4.0,0.3,0.05,-4.6150865248362205,optimal,False,0.11074312900018413,7,10,145,-4.61508580329632,optimal,0.2665622269996675,0.4943834399964544,-4.615086457434303,-4.615086457434303,-4.615086457434303,-4.615086457434303,3,0,True,ok,True,6.740191782483862e-08,-4.615086457434303,-4.615086457434303,0.0004615086457434303,0.61,False,False,False,False,6.740191782483862e-08,1.4604692124863372e-08,0.0,7.215399007165502e-07
stress|6|5|18,stress,6,2,18,4.0,0.5,0.05,-4.277692235305699,optimal,False,0.17214767500263406,7,10,145,-4.277692411991655,optimal,0.3321739160019206,0.6899337229988305,-4.277692419166334,-4.277692419166334,-4.277692419166334,-4.277692419166334,3,0,True,ok,True,-1.8386063427300314e-07,-4.277692419166334,-4.277692419166334,0.00042776924191663336,0.62,False,False,False,False,-1.8386063427300314e-07,-4.298126750576384e-08,0.0,-1.7668595564401812e-07
stress|6|0|19,stress,6,2,19,1.0,0.3,0.05,-0.8090674952450041,optimal,False,0.1858539520035265,7,10,145,-0.8090674537819763,optimal,0.32397910299914656,0.49518406199786114,-0.28717180263647124,-0.5502845185456604,-0.8090675590807836,-0.8090675590807836,5,0,True,ok,True,-6.383577910717975e-08,-0.8090675590807832,-0.8090675590807836,8.090675590807837e-05,0.76,True,True,False,False,-6.383577955126896e-08,-7.890043775882755e-08,0.6450583150772484,4.146302778895716e-08
stress|6|1|19,stress,6,2,19,1.0,0.5,0.05,-0.5863223457264933,optimal,False,0.1929245460050879,8,10,145,-0.5863223554086144,optimal,0.34554445299727377,0.6546712990020751,-0.5458470918182372,-0.5458470918182372,-0.5863223904793678,-0.5863223904793678,6,0,True,ok,True,-4.475287451732868e-08,-0.5863223904793678,-0.5863223904793678,5.863223904793679e-05,0.73,True,True,False,False,-4.475287451732868e-08,-7.632810661834287e-08,0.06903249699885874,-9.68212110485922e-09
stress|6|2|19,stress,6,2,19,2.0,0.3,0.05,-2.059223321610634,optimal,False,0.15971911400265526,9,10,145,-2.059223689617882,optimal,0.24374546699982602,0.32564196399471257,-1.0556553097668058,-1.6932721198149838,-2.0592237076838193,-2.0592237076840103,6,0,True,ok,True,-3.860733763794144e-07,-2.0592237076840103,-2.0592237076840103,0.00020592237076840105,0.78,True,True,False,False,-3.860733763794144e-07,-1.8748494751771012e-07,0.487352779677303,-3.680072482303842e-07
stress|6|3|19,stress,6,2,19,2.0,0.5,0.05,-1.8364783623373402,optimal,False,0.22608888700051466,7,10,145,-1.8364785308352696,optimal,0.3690694929973688,0.46575391000078525,-0.8088400951374055,-1.3841601282131386,-1.8364785390825946,-1.8364785390825946,8,0,True,ok,True,-1.767452544321202e-07,-1.8364785390825946,-1.8364785390825946,0.00018364785390825948,0.78,True,True,False,False,-1.767452544321202e-07,-9.624140314246409e-08,0.5595700804968523,-1.6849792938700148e-07
stress|6|4|19,stress,6,2,19,4.0,0.3,0.05,-4.559536006600987,optimal,False,0.12899609799933387,8,10,145,-4.559536085974777,optimal,0.23170866500004195,0.45206770100048743,-2.592622324027475,-3.979247322353631,-4.559536004890464,-4.559536004890464,6,0,True,ok,True,1.7127712581554988e-09,-4.559536004888216,-4.559536004890464,0.0004559536004890464,0.79,True,True,False,False,1.7105232785752378e-09,3.7515292698617976e-10,0.43138461430139335,-7.937379020717117e-08
stress|6|5|19,stress,6,2,19,4.0,0.5,0.05,-4.336790646700104,optimal,False,0.10718989499582676,8,10,145,-4.336790896616744,optimal,0.24021948600420728,0.26232788599736523,-2.3458071093980672,-3.670135330751785,-4.3367908362890475,-4.3367908362890475,6,0,True,ok,True,-1.8958712466599081e-07,-4.3367908362872285,-4.3367908362890475,0.00043367908362890477,0.79,True,True,False,False,-1.8958894365539436e-07,-4.371641591683795e-08,0.4590914807859737,-2.4991664027140814e-07
stress|8|0|0,stress,8,2,0,1.0,0.3,0.05,-0.5309702041680447,optimal,False,0.23679432700009784,7,15,257,-0.530970273495053,optimal,2.1425620410009287,0.5328451780005707,-0.5309703294954888,-0.5309703294954888,-0.5309703294954888,-0.5309703294954888,4,0,True,ok,True,-1.2532744408932928e-07,-0.5309703294954888,-0.5309703294954888,5.309703294954889e-05,0.49,False,False,False,False,-1.2532744408932928e-07,-2.3603479650181062e-07,0.0,-6.932700824524574e-08
stress|8|1|0,stress,8,2,0,1.0,0.5,0.05,-0.1921817188456355,optimal,False,0.3004792559950147,13,15,257,-0.1921817260333274,optimal,3.5458008849964244,1.2005685070034815,-0.19218175060173404,-0.19218175060173404,-0.19218175060173404,-0.19218175060173437,3,0,True,ok,True,-3.1756080320910485e-08,-0.19218175060171583,-0.19218175060173437,1.9218175060173437e-05,0.41,False,False,False,False,-3.1756098861634996e-08,-1.652399564973304e-07,1.7330829089894925e-15,-7.1876918861235595e-09
stress|8|2|0,stress,8,2,0,2.0,0.3,0.05,-1.728601244478032,optimal,False,0.2991391219984507,7,15,257,-1.728601440691408,optimal,2.121820710002794,0.5128099440044025,-1.7286015254227538,-1.7286015254227538,-1.7286015254227538,-1.7286015254227538,4,0,True,ok,True,-2.8094472170892004e-07,-1.7286015254227538,-1.7286015254227538,0.00017286015254227538,0.56,False,False,False,False,-2.8094472170892004e-07,-1.6252720088359882e-07,0.0,-1.9621337599140531e-07
stress|8|3|0,stress,8,2,0,2.0,0.5,0.05,-1.3687697649964523,optimal,False,0.272305063001113,7,15,257,-1.3687697320922503,optimal,1.956755715997133,0.3677903770003468,-1.3687698125794077,-1.368769812579409,-1.368769812579409,-1.368769812579409,4,0,True,ok,True,-4.7582956685943145e-08,-1.368769812579409,-1.368769812579409,0.00013687698125794092,0.53,False,False,False,False,-4.7582956685943145e-08,-3.476330198312532e-08,9.733321244421414e-16,3.290420202972655e-08
stress|8|4|0,stress,8,2,0,4.0,0.3,0.05,-4.123863733154684,optimal,False,0.1677494100003969,8,15,257,-4.123863490341458,optimal_inaccurate,1.8307543640039512,0.6143839430005755,-4.1238639172772835,-4.1238639172772835,-4.1238639172772835,-4.1238639172772835,4,0,True,ok,True,-1.8412259894518002e-07,-4.123863917277283,-4.1238639172772835,0.00041238639172772837,0.59,False,False,False,False,-1.8412259983335844e-07,-4.4648080476826977e-08,0.0,2.428132255261062e-07
stress|8|5|0,stress,8,2,0,4.0,0.5,0.05,-3.764031615563378,optimal,False,0.29833236600097734,10,15,257,-3.7640301378429437,optimal_inaccurate,1.9421746289954172,0.5432857289997628,-3.764032204433939,-3.764032204433939,-3.764032204433939,-3.764032204433939,4,0,True,ok,True,-5.888705589818244e-07,-3.764032204433937,-3.764032204433939,0.00037640322044339393,0.59,False,False,False,False,-5.888705607581812e-07,-1.5644676264761993e-07,0.0,1.4777204344618156e-06
stress|8|0|1,stress,8,2,1,1.0,0.3,0.05,-0.7369341593833907,optimal,False,0.24684485099714948,7,15,257,-0.73693433047985,optimal,2.0505068540005595,0.44478747800167184,-0.7369343595768211,-0.7369343595768211,-0.7369343595768211,-0.7369343595768211,4,0,True,ok,True,-2.001934303885733e-07,-0.7369343595768211,-0.7369343595768211,7.36934359576821e-05,0.52,False,False,False,False,-2.001934303885733e-07,-2.7165714581080027e-07,0.0,-1.7109645933377493e-07
stress|8|1|1,stress,8,2,1,1.0,0.5,0.05,-0.3580128237547062,optimal,False,0.29946526500134496,11,15,257,-0.3580129854396925,optimal,3.072790714002622,0.5392104179991293,-0.3580130268760515,-0.3580130268760515,-0.3580130268760515,-0.35801302687605174,4,0,True,ok,True,-2.0312134529909542e-07,-0.3580130268760515,-0.35801302687605174,3.5801302687605176e-05,0.5,False,False,False,False,-2.0312134552114003e-07,-5.67357737052205e-07,6.202137583164137e-16,-1.6168498628843508e-07
stress|8|2|1,stress,8,2,1,2.0,0.3,0.05,-2.1455298423368667,optimal,False,0.1659462700044969,7,15,257,-2.1455294448052187,optimal_inaccurate,1.682703237995156,0.5516479329962749,-2.1455298626699166,-2.1455298626699166,-2.1455298626699166,-2.1455298626699166,4,0,True,ok,True,-2.0333049910448153e-08,-2.1455298626699166,-2.1455298626699166,0.00021455298626699168,0.58,False,False,False,False,-2.0333049910448153e-08,-9.476936423453246e-09,0.0,3.975316480442359e-07
stress|8|3|1,stress,8,2,1,2.0,0.5,0.05,-1.7666085305088615,optimal,False,0.27344420200097375,7,15,257,-1.7666081706521577,optimal_inaccurate,2.2057991179972305,0.5533957980005653,-1.7666085299691472,-1.7666085299691472,-1.7666085299691472,-1.7666085299691472,4,0,True,ok,True,5.397142732732618e-10,-1.7666085299691472,-1.7666085299691472,0.00017666085299691473,0.56,False,False,False,False,5.397142732732618e-10,3.0550869870293237e-10,0.0,3.5985670376881274e-07
stress|8|4|1,stress,8,2,1,4.0,0.3,0.05,-4.962720858096547,optimal,False,0.28512231999775395,7,15,257,-4.9627190107254995,optimal_inaccurate,2.0497888660029275,0.5486612599997898,-4.962720868856108,-4.962720868856108,-4.962720868856108,-4.962720868856108,4,0,True,ok,True,-1.075956124196864e-08,-4.962720868856108,-4.962720868856108,0.0004962720868856109,0.59,False,False,False,False,-1.075956124196864e-08,-2.168077058860706e-09,0.0,1.8473710472477478e-06
stress|8|5|1,stress,8,2,1,4.0,0.5,0.05,-4.583799514486108,optimal,False,0.29888764199858997,7,15,257,-4.583798555572759,optimal_inaccurate,2.0767042369989213,0.568756756001676,-4.583799536155325,-4.583799536155339,-4.583799536155339,-4.583799536155339,4,0,True,ok,True,-2.166923085411554e-08,-4.583799536155339,-4.583799536155339,0.0004583799536155339,0.59,False,False,False,False,-2.166923085411554e-08,-4.727351356802281e-09,2.9064700998412927e-15,9.58913348725332e-07
stress|8|0|2,stress,8,2,2,1.0,0.3,0.05,-0.9538410024341206,optimal,False,0.16493674500088673,7,15,257,-0.9538405709327689,optimal_inaccurate,2.182304911002575,0.621757303000777,-0.6221905119403237,-0.6221905119403237,-0.9538411262775874,-0.9538411262775877,8,0,True,ok,True,-1.2384346337324104e-07,-0.953841126277584,-0.9538411262775877,9.538411262775877e-05,0.87,True,True,False,False,-1.2384346703697702e-07,-1.2983659406645247e-07,0.3477000573791014,4.315013517608435e-07
stress|8|1|2,stress,8,2,2,1.0,0.5,0.05,-0.7407837134186094,optimal,False,0.16484212799696252,7,15,257,-0.7407836712073523,optimal,1.6847744439946837,0.5465058749978198,-0.4008013750783257,-0.40080137507832725,-0.7407838254002121,-0.7407838254002121,12,0,True,ok,True,-1.1198160210224017e-07,-0.7407838254002115,-0.7407838254002121,7.407838254002122e-05,0.82,True,True,False,False,-1.1198160276837399e-07,-1.5116639410388107e-07,0.4589496134560028,4.2211257045288164e-08
stress|8|2|2,stress,8,2,2,2.0,0.3,0.05,-2.343361035081246,optimal,False,0.2001788170018699,7,15,257,-2.3433611832530046,optimal,1.4788308360002702,0.5081764779970399,-1.6577946854379646,-1.6577946854379801,-2.3433611902237326,-2.3433611902237326,8,0,True,ok,True,-1.5514234785740655e-07,-2.343361190223594,-2.3433611902237326,0.00023433611902237326,0.87,True,True,False,False,-1.5514248641324002e-07,-6.620511482894957e-08,0.29255690827597663,-1.481717584184139e-07
stress|8|3|2,stress,8,2,2,2.0,0.5,0.05,-2.1303035280194558,optimal,False,0.2697084890023689,7,15,257,-2.130303785899714,optimal,2.272868184998515,0.3592809980036691,-1.4364055485759837,-1.4364055485759837,-2.130303889346357,-2.130303889346357,8,0,True,ok,True,-3.6132690128809486e-07,-2.130303889346357,-2.130303889346357,0.0002130303889346357,0.87,True,True,False,False,-3.6132690128809486e-07,-1.696128727834482e-07,0.32572739703502246,-2.578802580366357e-07
stress|8|4|2,stress,8,2,2,4.0,0.3,0.05,-5.122401283903614,optimal,False,0.19844022300094366,10,15,257,-5.122400758248685,optimal,1.5785127519993694,0.5709556960064219,-3.729003032433293,-3.729003032433293,-5.122401318116019,-5.122401318116022,8,0,True,ok,True,-3.42124062413518e-08,-5.122401318116021,-5.122401318116022,0.0005122401318116023,0.87,True,True,False,False,-3.421240801770864e-08,-6.678978494952368e-09,0.27202052302204427,5.256549293619628e-07
stress|8|5|2,stress,8,2,2,4.0,0.5,0.05,-4.909343258009243,optimal,False,0.17181841999990866,9,15,257,-4.909344259189663,optimal,1.285135521000484,0.4793689509970136,-3.5076138955712963,-3.5076138955712963,-4.909344017238647,-4.909344017238647,8,0,True,ok,True,-7.592294037905845e-07,-4.909344017238647,-4.909344017238647,0.0004909344017238647,0.87,True,True,False,False,-7.592294037905845e-07,-1.546498918265607e-07,0.28552289608251574,-1.0011804203458041e-06
stress|8|0|3,stress,8,2,3,1.0,0.3,0.05,-0.800824506244923,optimal,False,0.17074507199868094,7,15,257,-0.8008244127661173,optimal,1.5627601239975775,0.35577203999855556,-0.29278635510511314,-0.4857177756553921,-0.8008245103335319,-0.8008245103335319,7,0,True,ok,True,-4.088608895891355e-09,-0.8008245103335319,-0.8008245103335319,8.008245103335319e-05,0.72,True,True,False,False,-4.088608895891355e-09,-5.1054992248712485e-09,0.6343938636653719,9.347880569610112e-08
stress|8|1|3,stress,8,2,3,1.0,0.5,0.05,-0.4918946878503013,optimal,False,0.3040905199959525,9,15,257,-0.491894679413717,optimal,2.5521982249993016,0.5348692319967085,-0.2543442279603991,-0.49189470672716296,-0.49189470672716307,-0.49189470672716307,11,0,True,ok,True,-1.8876861407335355e-08,-0.49189470672716273,-0.49189470672716307,4.918947067271631e-05,0.65,True,False,False,False,-1.8876861740402262e-08,-3.837581947245397e-08,0.48292952844992687,8.436584320037355e-09
stress|8|2|3,stress,8,2,3,2.0,0.3,0.05,-2.1613584253302163,optimal,False,0.2891601760056801,7,15,257,-2.1613576794861817,optimal,2.53095864700299,0.47347794900269946,-1.0707638617287079,-1.5528204443932117,-2.1613584232804586,-2.1613584232804586,8,0,True,ok,True,2.0497581409983923e-09,-2.161358423280458,-2.1613584232804586,0.00021613584232804586,0.74,True,True,False,False,2.0497576969091824e-09,9.483654690896615e-10,0.5045875546622536,7.458440345331496e-07
stress|8|3|3,stress,8,2,3,2.0,0.5,0.05,-1.8524286138698463,optimal,False,0.21433063600125024,7,15,257,-1.8524284245986113,optimal,1.4624020339979324,0.42845222799951443,-0.8263722849422781,-1.1967574914909382,-1.8524286196740896,-1.8524286196740896,9,0,True,ok,True,-5.8042428641158494e-09,-1.8524286196740891,-1.8524286196740896,0.00018524286196740897,0.74,True,True,False,False,-5.804243308205059e-09,-3.1333155106471875e-09,0.5538979066909108,1.8927123490719566e-07
stress|8|4|3,stress,8,2,3,4.0,0.3,0.05,-4.8824257999865415,optimal,False,0.2765978509996785,8,15,257,-4.882426329694189,optimal,2.0628651220031315,0.863588731001073,-2.626718874975917,-3.7253262533288547,-4.882426249174311,-4.882426249174311,8,0,True,ok,True,-4.4918776964664175e-07,-4.882426249174311,-4.882426249174311,0.0004882426249174311,0.75,True,True,False,False,-4.4918776964664175e-07,-9.200094134515673e-08,0.46200541679044654,-5.297076475230256e-07
stress|8|5|3,stress,8,2,3,4.0,0.5,0.05,-4.573496339323,optimal,False,0.1808306979946792,8,15,257,-4.573496448753859,optimal,1.3478436150035122,0.3950709659984568,-2.3823272981894807,-3.3692633004265815,-4.573496445567942,-4.573496445567942,8,0,True,ok,True,-1.0624494173328003e-07,-4.573496445567942,-4.573496445567942,0.00045734964455679424,0.74,True,True,False,False,-1.0624494173328003e-07,-2.323057325306772e-08,0.47910153062475147,-1.0943085904102645e-07
stress|8|0|4,stress,8,2,4,1.0,0.3,0.05,-0.8668728868913517,optimal,False,0.18466847100353334,7,15,257,-0.8668729260696844,optimal,1.5231920989972423,0.29902578099427046,-0.3055474513758307,-0.8668729350727779,-0.8668729350727779,-0.8668729350727779,4,0,True,ok,True,-4.818142296247885e-08,-0.8668729350727746,-0.8668729350727779,8.668729350727779e-05,0.53,True,False,False,False,-4.818142618212562e-08,-5.558072805219062e-08,0.64752913718528,-3.917833268918258e-08
stress|8|1|4,stress,8,2,4,1.0,0.5,0.05,-0.5851841122952256,optimal,False,0.18584372899931623,7,15,257,-0.5851841251656065,optimal,1.7372097260013106,0.7413835579936858,-0.08274968995971899,-0.585184163042375,-0.585184163042375,-0.585184163042375,5,0,True,ok,True,-5.074714937158831e-08,-0.585184163042375,-0.585184163042375,5.85184163042375e-05,0.49,True,False,False,False,-5.074714937158831e-08,-8.671997121136185e-08,0.8585920549703482,-1.2870380872165299e-08
stress|8|2|4,stress,8,2,4,2.0,0.3,0.05,-2.2623738885184306,optimal,False,0.229435574998206,7,15,257,-2.2623732155644243,optimal_inaccurate,1.5612315039979876,0.4812469559983583,-1.1684010398089573,-2.262374101128924,-2.262374101128924,-2.262374101128924,4,0,True,ok,True,-2.1261049321097403e-07,-2.262374101128924,-2.262374101128924,0.00022623741011289239,0.58,True,False,False,False,-2.1261049321097403e-07,-9.397672696364395e-08,0.4835509126338011,6.729540062977435e-07
stress|8|3|4,stress,8,2,4,2.0,0.5,0.05,-1.9806852935592478,optimal,False,0.18545219500083476,7,15,257,-1.9806851996209809,optimal,1.9421209580032155,0.6168511719952221,-0.862819275125373,-1.9806853290985211,-1.9806853290985211,-1.9806853290985211,4,0,True,ok,True,-3.5539273302021e-08,-1.9806853290985211,-1.9806853290985211,0.00019806853290985213,0.55,True,False,False,False,-3.5539273302021e-08,-1.7942917745482783e-08,0.5643834674546349,9.393826694292784e-08
stress|8|4|4,stress,8,2,4,4.0,0.3,0.05,-5.053375976302627,optimal,False,0.2679884579993086,12,15,257,-5.053376240148556,optimal,1.4941096080001444,0.37613616699673,-2.89410821667521,-5.053376433241216,-5.053376433241216,-5.053376433241216,4,0,True,ok,True,-4.569385891883826e-07,-5.053376433241216,-5.053376433241216,0.0005053376433241216,0.59,True,False,False,False,-4.569385891883826e-07,-9.042244062803894e-08,0.427292176842852,-2.638459291048889e-07
stress|8|5|4,stress,8,2,4,4.0,0.5,0.05,-4.771687663959369,optimal,False,0.27889788100583246,8,15,257,-4.771687608498055,optimal,2.219872180998209,0.4490121039998485,-2.588526451991626,-4.771687661208427,-4.771687661210813,-4.771687661210813,4,0,True,ok,True,2.748556049425588e-09,-4.771687661210813,-4.771687661210813,0.0004771687661210813,0.59,True,False,False,False,2.748556049425588e-09,5.760134030115748e-10,0.4575239127586174,5.546131465195003e-08
stress|8|0|5,stress,8,2,5,1.0,0.3,0.05,0.027622416540594046,optimal,False,0.35486655499698827,10,15,257,0.027622423198801614,optimal,2.5444214310045936,0.6897022510020179,0.027622399231176577,0.027622399231176577,0.027622399231176563,0.027622399231176546,1,0,True,ok,True,-1.730941737512759e-08,0.02762239923117667,0.027622399231176546,2.7622399231176547e-06,0.0,False,False,False,False,-1.730941750002768e-08,-6.266438519088172e-07,1.1304239833135065e-15,6.658207568621677e-09
stress|8|1|5,stress,8,2,5,1.0,0.5,0.05,0.0286807199578158,optimal,False,0.3499313249994884,9,15,257,0.02868068869852817,optimal,2.586522421996051,0.7724343970039627,0.028680669030980974,0.028680669030980974,0.028680669030980974,0.028680669030980974,1,0,True,ok,True,-5.092683475274584e-08,0.028680669030981047,0.028680669030980974,2.8680669030980974e-06,0.0,False,False,False,False,-5.092683482560423e-08,-1.7756470165500893e-06,0.0,-3.1259287630591714e-08
stress|8|2|5,stress,8,2,5,2.0,0.3,0.05,0.04159225224007601,optimal,False,0.2861218999969424,9,15,257,0.04159207119172468,optimal,2.5133518729999196,0.894391515001189,0.04159199072616801,0.041591990726167496,0.041591990726167406,0.041591990726167406,1,0,True,ok,True,-2.615139084449769e-07,0.041591990726167566,0.041591990726167406,4.159199072616741e-06,0.0,False,False,False,False,-2.6151390860457147e-07,-6.287563056097044e-06,1.4514423548861872e-14,-1.8104835133175845e-07
stress|8|3|5,stress,8,2,5,2.0,0.5,0.05,0.042651913999115006,optimal,False,0.3058400689988048,10,15,257,0.042651893388373385,optimal,2.219218334001198,0.7737565529969288,0.04265186234898577,0.04265186234898527,0.04265186234898527,0.042651862348985235,1,0,True,ok,True,-5.165012913199707e-08,0.042651862348985874,0.042651862348985235,4.265186234898523e-06,0.0,False,False,False,False,-5.165012977037531e-08,-1.2109686278427507e-06,1.252688162193622e-14,-2.06107416203527e-08
stress|8|4|5,stress,8,2,5,4.0,0.3,0.05,0.06931321867068857,optimal,False,0.28928900299797533,9,15,257,0.06931386462360642,optimal_inaccurate,2.502735049005423,1.0630276669980958,0.06931317089773709,0.06931317089773709,0.06931317089773709,0.06931317089773709,1,0,True,ok,True,-4.777294823621325e-08,0.06931317089774033,0.06931317089773709,6.931317089773709e-06,0.0,False,False,False,False,-4.77729514836156e-08,-6.892329111217281e-07,0.0,6.459529178493018e-07
stress|8|5|5,stress,8,2,5,4.0,0.5,0.05,0.07037866606115306,optimal,False,0.2906946680013789,9,15,257,0.070378827037131,optimal_inaccurate,2.612339477003843,0.9924026989974664,0.07037865233750004,0.07037865233749688,0.07037865233749668,0.07037865233749668,1,0,True,ok,True,-1.3723649439079111e-08,0.07037865233750362,0.07037865233749668,7.037865233749669e-06,0.0,False,False,False,False,-1.3723656377973015e-08,-1.9499739261963743e-07,4.771936571598403e-14,1.6097597793640617e-07
stress|8|0|6,stress,8,2,6,1.0,0.3,0.05,-0.7920048696032054,optimal,False,0.14101260600000387,7,15,257,-0.7920047996201446,optimal,1.604216303996509,0.41065762499783887,-0.717631916855909,-0.7920048831724154,-0.7920048831724154,-0.7920048831724154,4,0,True,ok,True,-1.3569209977859487e-08,-0.7920048831724154,-0.7920048831724154,7.920048831724154e-05,0.64,True,False,False,False,-1.3569209977859487e-08,-1.713273554070149e-08,0.0939046815198938,6.998306079086802e-08
stress|8|1|6,stress,8,2,6,1.0,0.5,0.05,-0.5486145930954909,optimal,False,0.19231414000387304,7,15,257,-0.5486144200232416,optimal,1.6352419989998452,0.45135623699752614,-0.4369806571089251,-0.5486146511077027,-0.5486146511077032,-0.5486146511077032,4,0,True,ok,True,-5.8012212367231086e-08,-0.5486146511077032,-0.5486146511077032,5.486146511077033e-05,0.51,True,False,False,False,-5.8012212367231086e-08,-1.0574310836302086e-07,0.20348343554693427,1.7307224930984688e-07
stress|8|2|6,stress,8,2,6,2.0,0.3,0.05,-2.0567554781365995,optimal,False,0.27357196399680106,7,15,257,-2.0567551337844168,optimal_inaccurate,2.3511525409994647,0.504708988002676,-1.9885128831637888,-2.0567558666728822,-2.0567558666728822,-2.0567558666728822,4,0,True,ok,True,-3.88536282702745e-07,-2.0567558666728822,-2.0567558666728822,0.00020567558666728823,0.71,True,False,False,False,-3.88536282702745e-07,-1.889073770960635e-07,0.033179914356820044,3.4435218276840374e-07
stress|8|3|6,stress,8,2,6,2.0,0.5,0.05,-1.8133654498868421,optimal,False,0.2800913760002004,7,15,257,-1.8133645049510736,optimal_inaccurate,2.266826603001391,0.41933391700149514,-1.7078616234168047,-1.8133656346081704,-1.8133656346081704,-1.8133656346081704,4,0,True,ok,True,-1.8472132823355025e-07,-1.8133656346081704,-1.8133656346081704,0.00018133656346081705,0.68,True,False,False,False,-1.8472132823355025e-07,-1.018665753475546e-07,0.05818132271717106,9.449357685209492e-07
stress|8|4|6,stress,8,2,6,4.0,0.3,0.05,-4.5862574361257415,optimal,False,0.28254043299966725,8,15,257,-4.58625777464775,optimal,2.5448313700035214,0.5415197100010118,-4.530274815779236,-4.586257833673811,-4.586257833673817,-4.586257833673817,4,0,True,ok,True,-3.9754807534819747e-07,-4.586257833673817,-4.586257833673817,0.0004586257833673817,0.72,True,False,False,False,-3.9754807534819747e-07,-8.668245969289236e-08,0.012206687876014186,-3.385220086471463e-07
stress|8|5|6,stress,8,2,6,4.0,0.5,0.05,-4.342866573332805,optimal,False,0.28136775200255215,9,15,257,-4.3428669212888975,optimal,2.596653160995629,0.539325101999566,-4.249623556032565,-4.342867601609105,-4.342867601609105,-4.342867601609105,4,0,True,ok,True,-1.0282753457602212e-06,-4.342867601608151,-4.342867601609105,0.0004342867601609105,0.72,True,False,False,False,-1.028276299663844e-06,-2.367736337970714e-07,0.021470616682394767,-3.479560923835834e-07
stress|8|0|7,stress,8,2,7,1.0,0.3,0.05,0.02524700503443858,optimal,False,0.27056723600253463,9,15,257,0.02524699376067968,optimal,2.665776972004096,0.7896256099993479,0.025246964332271034,0.025246964332270885,0.02524696433227088,0.02524696433227084,1,0,True,ok,True,-4.070216749058053e-08,0.02524696433227109,0.02524696433227084,2.5246964332270843e-06,0.0,False,False,False,False,-4.070216774038071e-08,-1.6121582613407123e-06,7.695540214356023e-15,-1.127375889864446e-08
stress|8|1|7,stress,8,2,7,1.0,0.5,0.05,0.02631241198195421,optimal,False,0.21546175199910067,9,15,257,0.026312288988005132,optimal,2.1426333149938728,0.46236199700069847,0.026312283323087646,0.026312283323085987,0.02631228332308598,0.026312283323085973,1,0,True,ok,True,-1.2865886565849305e-07,0.02631228332308855,0.026312283323085973,2.6312283323085976e-06,0.0,False,False,False,False,-1.2865886823629213e-07,-4.889664555439843e-06,6.355485802231448e-14,-1.229939490775267e-07
stress|8|2|7,stress,8,2,7,2.0,0.3,0.05,0.03863655227154756,optimal,False,0.3000906640008907,10,15,257,0.038636579906472956,optimal,2.1695617929945,0.535128846000589,0.03863654408631684,0.03863654408631684,0.0386365440863167,0.0386365440863167,1,0,True,ok,True,-8.185228883572648e-09,0.038636544086318676,0.0386365440863167,3.86365440863167e-06,0.0,False,False,False,False,-8.185230861157411e-09,-2.1185199972372063e-07,3.591881245074747e-15,2.7634925396646803e-08
stress|8|3|7,stress,8,2,7,2.0,0.5,0.05,0.03969415568638588,optimal,False,0.3164790360024199,10,15,257,0.039694217817179994,optimal,2.4474617220039363,0.9138162500021281,0.0396941506979723,0.039694150697971664,0.03969415069797162,0.0396941506979716,1,0,True,ok,True,-4.98841302987163e-09,0.03969415069797285,0.0396941506979716,3.9694150697971605e-06,0.0,False,False,False,False,-4.988414278872533e-09,-1.2567125292410329e-07,1.7655706747000456e-14,6.21307941137128e-08
stress|8|4|7,stress,8,2,7,4.0,0.3,0.05,0.06524372995469344,optimal,False,0.2945437289963593,9,15,257,0.06524418272480001,optimal_inaccurate,2.4640627469998435,0.8570735410030466,0.06524370050755375,0.06524370050755375,0.06524370050755354,0.0652437005075535,1,0,True,ok,True,-2.9447135507787436e-08,0.06524370050755793,0.0652437005075535,6.52437005075535e-06,0.0,False,False,False,False,-2.9447139934801747e-08,-4.5134053425900753e-07,3.828724897536122e-15,4.5277010657374106e-07
stress|8|5|7,stress,8,2,7,4.0,0.5,0.05,0.06629954788184664,optimal,False,0.3044217150018085,9,15,257,0.06630020906758559,optimal_inaccurate,2.5918903349956963,1.1062172729943995,0.06629950771318849,0.0662995077131883,0.06629950771318828,0.06629950771318818,1,0,True,ok,True,-4.016865531863978e-08,0.06629950771319132,0.06629950771318818,6.629950771318818e-06,0.0,False,False,False,False,-4.0168658455019823e-08,-6.05866250047511e-07,4.605031655630017e-15,6.611857389510201e-07
stress|8|0|8,stress,8,2,8,1.0,0.3,0.05,-0.9795553726158963,optimal,False,0.16090316199552035,7,15,257,-0.9795552798258612,optimal,1.5227699629976996,0.32306758299819194,-0.97955542141405,-0.97955542141405,-0.97955542141405,-0.97955542141405,6,0,True,ok,True,-4.879814663460991e-08,-0.979555421414043,-0.97955542141405,9.7955542141405e-05,0.77,False,False,False,False,-4.8798153740037264e-08,-4.9816636306860434e-08,0.0,9.279003509998773e-08
stress|8|1|8,stress,8,2,8,1.0,0.5,0.05,-0.7346013184785353,optimal,False,0.1574361399980262,7,15,257,-0.7346012104374087,optimal,1.7676397320028627,0.600923452002462,-0.7346014336204411,-0.7346014336204411,-0.7346014336204411,-0.7346014336204411,8,0,True,ok,True,-1.1514190501049626e-07,-0.7346014336204403,-0.7346014336204411,7.346014336204411e-05,0.73,False,False,False,False,-1.1514190578765238e-07,-1.5674067401094213e-07,0.0,1.0804112660078857e-07
stress|8|2|8,stress,8,2,8,2.0,0.3,0.05,-2.4681517512287945,optimal,False,0.18639133500255411,7,15,257,-2.468151451645495,optimal_inaccurate,2.2524897569965106,0.504265903000487,-2.4681519395277793,-2.4681519395277793,-2.4681519395277793,-2.4681519395277793,8,0,True,ok,True,-1.882989844048666e-07,-2.468151939527779,-2.4681519395277793,0.00024681519395277794,0.8,False,False,False,False,-1.882989848489558e-07,-7.629149413329598e-08,0.0,2.995832995011938e-07
stress|8|3|8,stress,8,2,8,2.0,0.5,0.05,-2.2231979046887735,optimal,False,0.2940886299984413,7,15,257,-2.223197926627008,optimal,1.943758909997996,0.5660153549979441,-2.2231979517341705,-2.2231979517341705,-2.2231979517341705,-2.2231979517341705,6,0,True,ok,True,-4.704539691147147e-08,-2.2231979517341705,-2.2231979517341705,0.00022231979517341706,0.77,False,False,False,False,-4.704539691147147e-08,-2.1161137662216976e-08,0.0,-2.1938234340268536e-08
stress|8|4|8,stress,8,2,8,4.0,0.3,0.05,-5.4453446382770405,optimal,False,0.21286507100012386,10,15,257,-5.445343339743066,optimal_inaccurate,2.038334245997248,0.3148154619993875,-5.445344975755222,-5.445344975755222,-5.445344975755238,-5.445344975755238,8,0,True,ok,True,-3.374781973874974e-07,-5.445344975755238,-5.445344975755238,0.0005445344975755238,0.8,False,False,False,False,-3.374781973874974e-07,-6.197554421353922e-08,2.9359409965362056e-15,1.2985339745696933e-06
stress|8|5|8,stress,8,2,8,4.0,0.5,0.05,-5.200390890920833,optimal,False,0.23225305700179888,11,15,257,-5.200390755759345,optimal,2.1131803110038163,0.4473701169990818,-5.200390987961629,-5.200390987961629,-5.200390987961629,-5.200390987961629,8,0,True,ok,True,-9.704079584338388e-08,-5.200390987961629,-5.200390987961629,0.0005200390987961629,0.8,False,False,False,False,-9.704079584338388e-08,-1.8660288789599212e-08,0.0,1.3516148733572209e-07
stress|8|0|9,stress,8,2,9,1.0,0.3,0.05,-0.9537967691261515,optimal,False,0.25778752699989127,7,15,257,-0.9537968168679858,optimal,2.1716839440050535,0.6168418849993031,-0.5346357174342443,-0.817880110914179,-0.953796857016614,-0.953796857016614,7,0,True,ok,True,-8.78904624634913e-08,-0.953796857016614,-0.953796857016614,9.537968570166141e-05,0.8,True,True,False,False,-8.78904624634913e-08,-9.214799767461436e-08,0.4394658427513233,-4.774183426370371e-08
stress|8|1|9,stress,8,2,9,1.0,0.5,0.05,-0.7198694072605508,optimal,False,0.26219379900430795,7,15,257,-0.7198693028159454,optimal,2.1710813289973885,0.5978248800020083,-0.1822002494994357,-0.5247464158407258,-0.7198696054998606,-0.7198696054998606,14,0,True,ok,True,-1.9823930974549597e-07,-0.7198696054998606,-0.7198696054998606,7.198696054998607e-05,0.74,True,True,False,False,-1.9823930974549597e-07,-2.7538232316315795e-07,0.7468982603135187,1.044446054088155e-07
stress|8|2|9,stress,8,2,9,2.0,0.3,0.05,-2.3789965349600024,optimal,False,0.16726092700264417,7,15,257,-2.3789964838532587,optimal,1.4703023649999523,0.34833114700450096,-1.3308418800350097,-2.18828840734071,-2.3789969342877217,-2.3789969342877217,8,0,True,ok,True,-3.9932771933592903e-07,-2.3789969342877217,-2.3789969342877217,0.0002378996934287722,0.82,True,True,False,False,-3.9932771933592903e-07,-1.6785552793696812e-07,0.4405869714021017,5.110674372588164e-08
stress|8|3|9,stress,8,2,9,2.0,0.5,0.05,-2.1450696624814722,optimal,False,0.2049100570002338,7,15,257,-2.1450695760715712,optimal,1.617527358001098,0.33651186500355834,-0.9919541444821182,-1.895154712267257,-2.145069682770968,-2.145069682770968,9,0,True,ok,True,-2.028949586119211e-08,-2.145069682770968,-2.145069682770968,0.00021450696827709682,0.82,True,True,False,False,-2.028949586119211e-08,-9.458665243403187e-09,0.537565538103766,8.64099010122743e-08
stress|8|4|9,stress,8,2,9,4.0,0.3,0.05,-5.22939701845923,optimal,False,0.20860673299466725,11,15,257,-5.229396744276024,optimal,1.8417361989995698,0.3201163310004631,-3.286789907111703,-4.929105000193773,-5.229397088829937,-5.229397088829937,8,0,True,ok,True,-7.037070659521305e-08,-5.229397088829937,-5.229397088829937,0.0005229397088829937,0.84,True,True,False,False,-7.037070659521305e-08,-1.3456753493148777e-08,0.3714782313754045,2.741832059172111e-07
stress|8|5|9,stress,8,2,9,4.0,0.5,0.05,-4.99546980309162,optimal,False,0.23784231299941894,11,15,257,-4.995470130239456,optimal_inaccurate,1.690251628999249,0.30665273500198964,-2.947902171558812,-4.63597130512032,-4.995469837313183,-4.995469837313183,8,0,True,ok,True,-3.422156336085891e-08,-4.995469837313183,-4.995469837313183,0.0004995469837313183,0.84,True,True,False,False,-3.422156336085891e-08,-6.850519512635169e-09,0.40988490220884943,-3.2714783593235097e-07
stress|8|0|10,stress,8,2,10,1.0,0.3,0.05,-0.7425423171220663,optimal,False,0.32597269200050505,7,15,257,-0.7425424921105725,optimal,1.9408157079960802,0.7139651370016509,-0.7425425022369073,-0.7425425022369073,-0.7425425022369073,-0.7425425022369073,4,0,True,ok,True,-1.851148410114689e-07,-0.7425425022369073,-0.7425425022369073,7.425425022369074e-05,0.49,False,False,False,False,-1.851148410114689e-07,-2.4929870896642506e-07,0.0,-1.7498850624075857e-07
stress|8|1|10,stress,8,2,10,1.0,0.5,0.05,-0.43821301754306874,optimal,False,0.2884623880017898,9,15,257,-0.43821296913432106,optimal,2.4047090110034333,0.73396798199974,-0.4382130717581805,-0.4382130717581805,-0.4382130717581805,-0.4382130717581805,2,0,True,ok,True,-5.421511173331339e-08,-0.4382130717581805,-0.4382130717581805,4.382130717581805e-05,0.32,False,False,False,False,-5.421511173331339e-08,-1.2371862441988044e-07,0.0,4.8408747677086694e-08
stress|8|2|10,stress,8,2,10,2.0,0.3,0.05,-2.063648204953335,optimal,False,0.3222918409956037,7,15,257,-2.063647864443614,optimal,1.8182568669944885,0.6821728299983079,-2.0636481600738357,-2.0636481600738357,-2.0636481600738357,-2.0636481600738357,4,0,True,ok,True,4.487949922804546e-08,-2.0636481600738357,-2.0636481600738357,0.00020636481600738358,0.6,False,False,False,False,4.487949922804546e-08,2.1747650166497403e-08,0.0,3.405097208641905e-07
stress|8|3|10,stress,8,2,10,2.0,0.5,0.05,-1.7593187446008518,optimal,False,0.293134359002579,7,15,257,-1.7593184602591978,optimal_inaccurate,1.9850785640010145,0.5697585660018376,-1.7593187295950998,-1.759318729595109,-1.759318729595109,-1.759318729595109,4,0,True,ok,True,1.5005742870499716e-08,-1.759318729595109,-1.759318729595109,0.0001759318729595109,0.53,False,False,False,False,1.5005742870499716e-08,8.52929175941007e-09,5.1746330262859455e-15,2.8434165399993105e-07
stress|8|4|10,stress,8,2,10,4.0,0.3,0.05,-4.705859527020987,optimal,False,0.3305011789998389,7,15,257,-4.705858262202638,optimal_inaccurate,1.8778576370023075,1.0296203190009692,-4.705859475747693,-4.705859475747693,-4.705859475747693,-4.705859475747693,4,0,True,ok,True,5.127329405496539e-08,-4.705859475747693,-4.705859475747693,0.00047058594757476934,0.62,False,False,False,False,5.127329405496539e-08,1.0895627836010568e-08,0.0,1.2648183487229403e-06
stress|8|5|10,stress,8,2,10,4.0,0.5,0.05,-4.401530167075466,optimal,False,0.20947531599813374,7,15,257,-4.401529400403904,optimal,1.0422560210063239,0.6146386479958892,-4.401530045268966,-4.401530045268966,-4.401530045268966,-4.401530045268966,4,0,True,ok,True,1.2180823105722993e-07,-4.401530045267235,-4.401530045268966,0.0004401530045268966,0.61,False,False,False,False,1.2180649999748994e-07,2.7673671512837214e-08,0.0,7.666715617915543e-07
stress|8|0|11,stress,8,2,11,1.0,0.3,0.05,-0.8437907215706513,optimal,False,0.17029497300245566,7,15,257,-0.8437903573052863,optimal_inaccurate,1.6565166729997145,0.6074883160035824,-0.757187840001497,-0.8075424531263956,-0.8437907791573207,-0.8437907791573207,4,0,True,ok,True,-5.758666943300739e-08,-0.8437907791573207,-0.8437907791573207,8.437907791573208e-05,0.67,True,True,False,False,-5.758666943300739e-08,-6.824757367065408e-08,0.10263556001680013,3.6426536498268547e-07
stress|8|1|11,stress,8,2,11,1.0,0.5,0.05,-0.6270000759771449,optimal,False,0.22581758899468696,7,15,257,-0.6270000288455513,optimal,1.6028165399984573,0.6610862520028604,-0.43727916074996465,-0.464997265988627,-0.6270001504929092,-0.6270001504929092,4,0,True,ok,True,-7.451576433670226e-08,-0.6270001504929092,-0.6270001504929092,6.270001504929092e-05,0.66,True,True,False,False,-7.451576433670226e-08,-1.1884490479618135e-07,0.302585237968121,4.7131593627902646e-08
stress|8|2|11,stress,8,2,11,2.0,0.3,0.05,-2.2129426713641016,optimal,False,0.26111706600204343,8,15,257,-2.21294239849117,optimal_inaccurate,2.2200812730006874,0.5972212890046649,-2.049809225081423,-2.2129427739264673,-2.2129427739264673,-2.2129427739264673,4,0,True,ok,True,-1.025623639350215e-07,-2.2129427739264655,-2.2129427739264673,0.00022129427739264675,0.73,True,False,False,False,-1.0256236571137833e-07,-4.634659859857864e-08,0.07371792473223031,2.7287293180577876e-07
stress|8|3|11,stress,8,2,11,2.0,0.5,0.05,-1.9171011242089004,optimal,False,0.19055834699975094,10,15,257,-1.917100800638551,optimal_inaccurate,1.631099076999817,0.3075524369996856,-1.7299005458298922,-1.8703975867886347,-1.9171012739266986,-1.9171012739266986,4,0,True,ok,True,-1.4971779815908803e-07,-1.9171012739266986,-1.9171012739266986,0.00019171012739266986,0.66,True,True,False,False,-1.4971779815908803e-07,-7.809593154397095e-08,0.09764780329699169,3.235703494031128e-07
stress|8|4|11,stress,8,2,11,4.0,0.3,0.05,-5.023743489241234,optimal,False,0.17793294900184264,8,15,257,-5.023743502139378,optimal_inaccurate,2.087509992001287,0.5468602730034036,-4.635051995241276,-5.023743415526611,-5.023743415526611,-5.023743415526611,4,0,True,ok,True,7.372006205486059e-08,-5.023743415521172,-5.023743415526611,0.0005023743415526611,0.73,True,False,False,False,7.371462285021835e-08,1.4673245759478836e-08,0.07737087429346563,-1.2898143886275193e-08
stress|8|5|11,stress,8,2,11,4.0,0.5,0.05,-4.681198307556998,optimal,False,0.2520242969985702,8,15,257,-4.68119840975214,optimal_inaccurate,2.210387150000315,0.5398727220017463,-4.3151433159897445,-4.681198228388841,-4.681198228388842,-4.681198228388842,4,0,True,ok,True,7.916815558672852e-08,-4.681198228388842,-4.681198228388842,0.00046811982283888424,0.73,True,False,False,False,7.916815558672852e-08,1.6911942281728377e-08,0.07819684075311742,-1.0219514212650438e-07
stress|8|0|12,stress,8,2,12,1.0,0.3,0.05,-0.14526033393565585,optimal,False,0.33464034300413914,14,15,257,-0.1452603813735427,optimal,3.561557155997434,1.5353956289982307,-0.14526040418738284,-0.14526040418738284,-0.145260404187383,-0.145260404187383,3,0,True,ok,True,-7.025171694374777e-08,-0.1452604041873728,-0.145260404187383,1.4526040418738302e-05,0.38,False,False,False,False,-7.025172715779959e-08,-4.836263641588358e-07,1.1464476821842562e-15,-4.743788684091754e-08
stress|8|1|12,stress,8,2,12,1.0,0.5,0.05,-0.028181005944274515,optimal,False,0.2668367660007789,10,15,257,-0.028181119611950342,optimal,2.7497663120011566,1.0398288369979127,-0.028181166853661954,-0.02818116685366212,-0.02818116685366212,-0.028181166853662162,2,0,True,ok,True,-1.6090938045887349e-07,-0.028181166853654974,-0.028181166853662162,2.8181166853662164e-06,0.23,False,False,False,False,-1.6090938764756757e-07,-5.709852514340754e-06,7.386735197948889e-15,-1.1366767582732251e-07
stress|8|2|12,stress,8,2,12,2.0,0.3,0.05,-0.9360485650999698,optimal,False,0.26547728099831147,7,15,257,-0.9360483837378573,optimal,2.4517673410009593,0.48183691899612313,-0.9360486127899627,-0.9360486127899627,-0.9360486127899627,-0.9360486127899627,4,0,True,ok,True,-4.768998973503358e-08,-0.9360486127899595,-0.9360486127899627,9.360486127899626e-05,0.64,False,False,False,False,-4.768999284365805e-08,-5.0948203567370206e-08,0.0,1.813621125501541e-07
stress|8|3|12,stress,8,2,12,2.0,0.5,0.05,-0.5404364386358567,optimal,False,0.174144876000355,8,15,257,-0.5404369664059794,optimal,1.6340909930004273,0.33971347900660476,-0.5404369969866589,-0.5404369969866589,-0.5404369969866589,-0.5404369969866589,4,0,True,ok,True,-5.583508020379213e-07,-0.5404369969866587,-0.5404369969866589,5.4043699698665893e-05,0.61,False,False,False,False,-5.583508022599659e-07,-1.0331479566206302e-06,0.0,-5.27770122715765e-07
stress|8|4|12,stress,8,2,12,4.0,0.3,0.05,-2.5363887493070987,optimal,False,0.26161326700093923,7,15,257,-2.5363871779060165,optimal_inaccurate,1.7282397110029706,0.4269502379975165,-2.5363887324379357,-2.5363887324379357,-2.5363887324379357,-2.5363887324379357,4,0,True,ok,True,1.6869162955401862e-08,-2.5363887324379357,-2.5363887324379357,0.00025363887324379356,0.69,False,False,False,False,1.6869162955401862e-08,6.650858611484636e-09,0.0,1.571401082145485e-06
stress|8|5|12,stress,8,2,12,4.0,0.5,0.05,-2.140777019280769,optimal,False,0.2456852989998879,7,15,257,-2.1407754803187755,optimal_inaccurate,2.190495726004883,0.5109999580017757,-2.140777116634632,-2.140777116634632,-2.140777116634632,-2.140777116634632,4,0,True,ok,True,-9.735386319320583e-08,-2.140777116634632,-2.140777116634632,0.00021407771166346323,0.69,False,False,False,False,-9.735386319320583e-08,-4.547594743235498e-08,0.0,1.5389619933969811e-06
stress|8|0|13,stress,8,2,13,1.0,0.3,0.05,-0.44798320951259757,optimal,False,0.18024104399955831,7,15,257,-0.44798332473872976,optimal,1.5249490030037123,0.5816461260037613,-0.44798339235555484,-0.44798339235555484,-0.4479833923555559,-0.4479833923555559,4,0,True,ok,True,-1.8284295832948771e-07,-0.4479833923555559,-0.4479833923555559,4.4798339235555595e-05,0.7,False,False,False,False,-1.8284295832948771e-07,-4.08146900256417e-07,2.3543548519691416e-15,-1.1522613219128175e-07
stress|8|1|13,stress,8,2,13,1.0,0.5,0.05,-0.23496646586606618,optimal,False,0.2004077520032297,11,15,257,-0.23496638577198947,optimal,1.864587408999796,0.9552177029981976,-0.23496648494705286,-0.23496648494705286,-0.23496648494705286,-0.23496648494705297,4,0,True,ok,True,-1.908098667957603e-08,-0.23496648494705286,-0.23496648494705297,2.34966484947053e-05,0.69,False,False,False,False,-1.908098679059833e-08,-8.120727662250634e-08,4.725027166641799e-16,8.009407670428459e-08
stress|8|2|13,stress,8,2,13,2.0,0.3,0.05,-1.327316462954757,optimal,False,0.16719043099874398,7,15,257,-1.3273166591497598,optimal,1.6994877189936233,0.3437351579996175,-1.3273166838386177,-1.3273166838386177,-1.3273166838386221,-1.3273166838386221,4,0,True,ok,True,-2.2088386519847347e-07,-1.3273166838386221,-1.3273166838386221,0.00013273166838386223,0.72,False,False,False,False,-2.2088386519847347e-07,-1.664138668986e-07,3.3457668034861823e-15,-1.961950029105708e-07
stress|8|3|13,stress,8,2,13,2.0,0.5,0.05,-1.1142997172445113,optimal,False,0.2618415739998454,7,15,257,-1.1142996059361385,optimal,2.261040823002986,0.5813522289972752,-1.114299776430119,-1.114299776430119,-1.114299776430119,-1.114299776430119,4,0,True,ok,True,-5.918560774809123e-08,-1.114299776430119,-1.114299776430119,0.00011142997764301191,0.71,False,False,False,False,-5.918560774809123e-08,-5.311462152610787e-08,0.0,1.113083727410924e-07
stress|8|4|13,stress,8,2,13,4.0,0.3,0.05,-3.1436163966959882,optimal,False,0.2662767489964608,8,15,257,-3.143616434656655,optimal,1.8911850410004263,0.5629429679975146,-3.0859832668047544,-3.0859832668047544,-3.143616513711777,-3.143616513711777,4,0,True,ok,True,-1.1701578861433859e-07,-3.143616513711777,-3.143616513711777,0.0003143616513711777,0.75,True,True,False,False,-1.1701578861433859e-07,-3.722330394297626e-08,0.018333421603951575,-3.7960666610104e-08
stress|8|5|13,stress,8,2,13,4.0,0.5,0.05,-2.872966266491076,optimal,False,0.1688955950012314,9,15,257,-2.872966344768387,optimal,1.5368441399987205,0.44596871500107227,-2.8729663593962513,-2.8729663593962513,-2.8729663593962513,-2.8729663593962513,4,0,True,ok,True,-9.290517555271549e-08,-2.8729663593962513,-2.8729663593962513,0.00028729663593962516,0.72,False,False,False,False,-9.290517555271549e-08,-3.23377189061764e-08,0.0,-7.827731129950166e-08
stress|8|0|14,stress,8,2,14,1.0,0.3,0.05,-0.9983501455975057,optimal,False,0.25307032099954085,7,15,257,-0.9983500769705611,optimal,1.8305913009971846,0.7209719990059966,-0.6397195498032702,-0.8929343360523705,-0.9983502158830595,-0.9983502158830595,7,0,True,ok,True,-7.028554960264444e-08,-0.9983502158830553,-0.9983502158830595,9.983502158830595e-05,0.79,True,True,False,False,-7.028555382149193e-08,-7.040170638671717e-08,0.35922330698608984,6.862694457154817e-08
stress|8|1|14,stress,8,2,14,1.0,0.5,0.05,-0.761948501797949,optimal,False,0.2690963560016826,7,15,257,-0.7619484823231393,optimal,2.012826377998863,0.4846837169970968,-0.3083195379284177,-0.5583469922190564,-0.7619486643406808,-0.7619486643406808,8,0,True,ok,True,-1.625427317186734e-07,-0.7619486643406808,-0.7619486643406808,7.619486643406808e-05,0.71,True,True,False,False,-1.625427317186734e-07,-2.1332508868398028e-07,0.5953539229638145,1.947480976483007e-08
stress|8|2|14,stress,8,2,14,2.0,0.3,0.05,-2.4420291398996334,optimal,False,0.27986594200046966,8,15,257,-2.442029130055627,optimal,2.395372699997097,0.43530228400049964,-1.8749876607872433,-2.3917389476173545,-2.4420291666284193,-2.4420291666284193,8,0,True,ok,True,-2.6728785851304337e-08,-2.4420291666284193,-2.4420291666284193,0.00024420291666284194,0.8,True,True,False,False,-2.6728785851304337e-08,-1.0945318143256424e-08,0.23220095549639164,9.844006498838098e-09
stress|8|3|14,stress,8,2,14,2.0,0.5,0.05,-2.2056275963493976,optimal,False,0.369527126000321,7,15,257,-2.205627583009941,optimal,2.2864935809993767,0.40921287600212963,-1.543587648912391,-2.057151603784037,-2.2056276150860405,-2.2056276150860405,8,0,True,ok,True,-1.8736642903860456e-08,-2.2056276150860405,-2.2056276150860405,0.00022056276150860405,0.79,True,True,False,False,-1.8736642903860456e-08,-8.494925859139618e-09,0.30015944742686024,1.3339456650385273e-08
stress|8|4|14,stress,8,2,14,4.0,0.3,0.05,-5.389348276944091,optimal,False,0.3005438780019176,8,15,257,-5.389348097350093,optimal,2.202525680004328,0.4881489929975942,-4.34552388275519,-5.389348170744265,-5.389348170747316,-5.389348170747316,8,0,True,ok,True,1.0619677492940127e-07,-5.389348170747316,-5.389348170747316,0.0005389348170747316,0.82,True,False,False,False,1.0619677492940127e-07,1.9704938235986073e-08,0.19368284529432875,1.7959399745137716e-07
stress|8|5|14,stress,8,2,14,4.0,0.5,0.05,-5.092985551986859,optimal,False,0.2937890549947042,8,15,257,-5.092985474209424,optimal,2.2557069419999607,0.47985328800132265,-4.014123870880337,-5.054760826913999,-5.09298551657676,-5.09298551657676,8,0,True,ok,True,3.541037862930807e-08,-5.092985516576481,-5.09298551657676,0.000509298551657676,0.81,True,True,False,False,3.5410099741284284e-08,6.952719456953929e-09,0.2118328517104398,7.777743515902102e-08
stress|8|0|15,stress,8,2,15,1.0,0.3,0.05,-0.5891687117071112,optimal,False,0.3056237630007672,8,15,257,-0.5891686737634496,optimal,2.265482859998883,0.621575852004753,-0.06187758250436019,-0.5891687340746812,-0.5891687340746812,-0.5891687340746812,13,0,True,ok,True,-2.236756957429975e-08,-0.5891687340746807,-0.5891687340746812,5.891687340746812e-05,0.67,True,False,False,False,-2.236757001838896e-08,-3.796462638618253e-08,0.8949747688129751,3.794366154608042e-08
stress|8|1|15,stress,8,2,15,1.0,0.5,0.05,-0.2961497766647678,optimal,False,0.30675902999792015,14,15,257,-0.2961496735876997,optimal_inaccurate,2.275232125997718,0.9011526270041941,-0.29615010192171387,-0.296150101921714,-0.296150101921714,-0.2961501019217141,15,0,False,ok,True,-3.2525694615426204e-07,-0.296150101921714,-0.2961501019217141,2.961501019217141e-05,0.62,False,False,False,False,-3.2525694626528434e-07,-1.0982852998517197e-06,7.497704828875182e-16,1.0307706810319672e-07
stress|8|2|15,stress,8,2,15,2.0,0.3,0.05,-1.7597706418798869,optimal,False,0.21542715300165582,8,15,257,-1.7597715471515287,optimal,2.076236966000579,0.38139173600211507,-0.407802171559948,-1.7597716444813016,-1.7597716444813016,-1.7597716444813016,8,0,True,ok,True,-1.0026014147790363e-06,-1.7597716444813016,-1.7597716444813016,0.00017597716444813017,0.8,True,False,False,False,-1.0026014147790363e-06,-5.697341408696309e-07,0.7682641535685449,-9.052716418711526e-07
stress|8|3|15,stress,8,2,15,2.0,0.5,0.05,-1.4356395179224428,optimal,False,0.30515720800030977,8,15,257,-1.4356394697188466,optimal,2.231303091997688,0.5334073839985649,-0.23052844167196607,-1.4356395302355933,-1.4356395302355933,-1.4356395302355933,14,0,True,ok,True,-1.2313140507203002e-08,-1.4356395302355833,-1.4356395302355933,0.00014356395302355933,0.73,True,False,False,False,-1.2313150499210224e-08,-8.5767703838558e-09,0.8394245652777925,4.820359622570436e-08
stress|8|4|15,stress,8,2,15,4.0,0.3,0.05,-4.151127247917616,optimal,False,0.18256833499617642,8,15,257,-4.15112695258698,optimal,1.8859924069984118,0.6048539289986365,-1.5214645743841155,-4.151127265759557,-4.151127265759557,-4.151127265759557,8,0,True,ok,True,-1.7841938593221585e-08,-4.151127265759555,-4.151127265759557,0.00041511272657595574,0.79,True,False,False,False,-1.7841941257756844e-08,-4.298095479175477e-09,0.6334815877764414,2.9533063639064494e-07
stress|8|5|15,stress,8,2,15,4.0,0.5,0.05,-3.799025188629356,optimal,False,0.2959896620013751,8,15,257,-3.799024857565991,optimal,2.222189143001742,0.520827904001635,-1.1217558938386811,-3.7990252109737668,-3.7990252109737668,-3.7990252109737668,8,0,True,ok,True,-2.234440810156002e-08,-3.799025210973764,-3.7990252109737668,0.00037990252109737667,0.8,True,False,False,False,-2.234441076609528e-08,-5.881616903455405e-09,0.7047253356996932,3.3106336516652846e-07
stress|8|0|16,stress,8,2,16,1.0,0.3,0.05,0.02127141953853208,optimal,False,0.23450796299584908,9,15,257,0.021271272316961215,optimal,2.332785876998969,0.76122514900635,0.02127126296556577,0.021271262965561994,0.0212712629655619,0.0212712629655619,1,0,True,ok,True,-1.5657296980123303e-07,0.02127126296556228,0.0212712629655619,2.1271262965561902e-06,0.0,False,False,False,False,-1.5657297017940275e-07,-7.360720326905258e-06,1.818619495086521e-13,-1.4722157086477505e-07
stress|8|1|16,stress,8,2,16,1.0,0.5,0.05,0.02236465521262917,optimal,False,0.3131797949972679,9,15,257,0.02236461991337603,optimal,2.5925644939998165,0.4846783159955521,0.022364571345640467,0.022364571345638615,0.022364571345638476,0.02236457134563847,1,0,True,ok,True,-8.38669905814382e-08,0.022364571345638587,0.02236457134563847,2.236457134563847e-06,0.0,False,False,False,False,-8.38669906993994e-08,-3.749979147992422e-06,8.935567838258654e-14,-3.529925313855431e-08
stress|8|2|16,stress,8,2,16,2.0,0.3,0.05,0.03314001639654768,optimal,False,0.3014787849970162,9,15,257,0.033140061780722666,optimal_inaccurate,2.168941164003627,0.6015178310044575,0.03313982324990972,0.0331398232499097,0.0331398232499097,0.0331398232499097,1,0,True,ok,True,-1.9314663796121678e-07,0.03313982324990972,0.0331398232499097,3.3139823249909703e-06,0.0,False,False,False,False,-1.9314663797509457e-07,-5.82819983140429e-06,4.187646899369709e-16,4.538417498756164e-08
stress|8|3|16,stress,8,2,16,2.0,0.5,0.05,0.034228619814181446,optimal,False,0.18042619699554052,10,15,257,0.03422859741930644,optimal,1.9806166519992985,0.5691198490021634,0.034228458960899356,0.03422845896089928,0.03422845896089928,0.03422845896089928,1,0,True,ok,True,-1.608532802996332e-07,0.03422845896090115,0.03422845896089928,3.4228458960899283e-06,0.0,False,False,False,False,-1.6085328216619565e-07,-4.699379730746597e-06,2.2299523630372098e-15,-2.239487500305115e-08
stress|8|4|16,stress,8,2,16,4.0,0.3,0.05,0.0568657445224969,optimal,False,0.3224112960015191,8,15,257,0.056866227203765274,optimal_inaccurate,1.8784475590000511,0.9186021910063573,0.05686567765690875,0.05686567765690738,0.056865677656907365,0.0568656776569073,1,0,True,ok,True,-6.686558778890017e-08,0.056865677656909114,0.0568656776569073,5.6865677656907306e-06,0.0,False,False,False,False,-6.686558959995148e-08,-1.1758500686383962e-06,2.5502708939237547e-14,4.826812683711434e-07
stress|8|5|16,stress,8,2,16,4.0,0.5,0.05,0.0579517338542091,optimal,False,0.21838881299481727,9,15,257,0.057952096057562935,optimal_inaccurate,1.777115855999,0.718448706997151,0.057951698308831026,0.057951698308831026,0.057951698308831026,0.057951698308831005,1,0,True,ok,True,-3.554537782168854e-08,0.057951698308831276,0.057951698308831005,5.7951698308831005e-06,0.0,False,False,False,False,-3.55453780923054e-08,-6.13361770706084e-07,3.5920744894804096e-16,3.622033538375202e-07
stress|8|0|17,stress,8,2,17,1.0,0.3,0.05,0.029752658002688608,optimal,False,0.30667972499941243,9,15,257,0.029752648110103065,optimal,2.5661314120006864,0.7686918679974042,0.029752628963249872,0.0297526289632494,0.02975262896324938,0.029752628963249372,1,0,True,ok,True,-2.9039436060668278e-08,0.029752628963252547,0.029752628963249372,2.9752628963249373e-06,0.0,False,False,False,False,-2.903943923521224e-08,-9.760284016503024e-07,1.67918055812288e-14,-9.892585542403687e-09
stress|8|1|17,stress,8,2,17,1.0,0.5,0.05,0.030735771561847626,optimal,False,0.19646302199544152,9,15,257,0.030735787755024335,optimal,2.2753021700045792,0.81387789099972,0.030735765612033693,0.030735765612033693,0.030735765612033693,0.030735765612033675,1,0,True,ok,True,-5.949813947081495e-09,0.03073576561203368,0.030735765612033675,3.0735765612033676e-06,0.0,False,False,False,False,-5.949813950550942e-09,-1.9357945638613665e-07,5.643989799615167e-16,1.619317670925602e-08
stress|8|2|17,stress,8,2,17,2.0,0.3,0.05,0.0453535355052339,optimal,False,0.22424502699868754,9,15,257,0.045353622505147226,optimal,1.8259527660047752,0.7679661029978888,0.04535352538058577,0.045353525380584264,0.045353525380582835,0.045353525380582765,1,0,True,ok,True,-1.0124650534626412e-08,0.04535352538058336,0.045353525380582765,4.535352538058277e-06,0.0,False,False,False,False,-1.0124651131371287e-08,-2.2323840949958313e-07,6.62471337162726e-14,8.699991332905554e-08
stress|8|3|17,stress,8,2,17,2.0,0.5,0.05,0.04634110320441725,optimal,False,0.1851832180036581,9,15,257,0.046341195087009776,optimal,2.0007768619980197,0.7267557970044436,0.04634103235578377,0.04634103235578377,0.046341032355783754,0.046341032355783754,1,0,True,ok,True,-7.08486298101052e-08,0.04634103235578744,0.046341032355783754,4.6341032355783755e-06,0.0,False,False,False,False,-7.084863349465786e-08,-1.528850816997912e-06,2.9947083831166294e-16,9.188259252751463e-08
stress|8|4|17,stress,8,2,17,4.0,0.3,0.05,0.07632420275172822,optimal,False,0.2033551290005562,9,15,257,0.07632399137308966,optimal,2.2785339190013474,1.0695551629978581,0.07632403500122348,0.07632403500122348,0.07632403500122333,0.07632403500122328,1,0,True,ok,True,-1.6775049974104839e-07,0.07632403500122847,0.07632403500122328,7.632403500122328e-06,0.0,False,False,False,False,-1.6775050493134103e-07,-2.19786776518334e-06,2.5455812091995452e-15,-2.1137863855102967e-07
stress|8|5|17,stress,8,2,17,4.0,0.5,0.05,0.07731961164307327,optimal,False,0.2045471129968064,9,15,257,0.07732033920493034,optimal_inaccurate,1.4267843940033345,0.7098782630055211,0.07731959272311956,0.07731959272311931,0.07731959272311928,0.07731959272311924,1,0,True,ok,True,-1.891995211888986e-08,0.07731959272312115,0.07731959272311924,7.731959272311924e-06,0.0,False,False,False,False,-1.8919954034024578e-08,-2.4469799617416384e-07,4.128179007910011e-15,7.275618570667941e-07
stress|8|0|18,stress,8,2,18,1.0,0.3,0.05,0.026057430242032383,optimal,False,0.2658200619989657,10,15,257,0.026057422335306026,optimal,2.044611443998292,0.5209559859940782,0.026057404933411726,0.02605740493341127,0.026057404933411264,0.026057404933411257,1,0,True,ok,True,-2.5308620695690953e-08,0.026057404933411688,0.026057404933411257,2.6057404933411257e-06,0.0,False,False,False,False,-2.5308621125902375e-08,-9.712631249829798e-07,1.7974749968795968e-14,-7.906726356976534e-09
stress|8|1|18,stress,8,2,18,1.0,0.5,0.05,0.02715165867760378,optimal,False,0.1957963259992539,9,15,257,0.02715161152767176,optimal,2.5214535659979447,0.48053720500320196,0.02715157420145883,0.02715157420145608,0.027151574201456075,0.02715157420145605,1,0,True,ok,True,-8.44761452803433e-08,0.0271515742014585,0.02715157420145605,2.7151574201456054e-06,0.0,False,False,False,False,-8.447614772977285e-08,-3.111270244401442e-06,1.0235233463427747e-13,-4.714993202120654e-08
stress|8|2|18,stress,8,2,18,2.0,0.3,0.05,0.03679598129051248,optimal,False,0.24736579400632763,10,15,257,0.03679594129326266,optimal_inaccurate,2.543316578005033,0.9005340989970136,0.03679571702391264,0.03679571702391264,0.036795717023912496,0.03679571702391245,1,0,True,ok,True,-2.642665987498405e-07,0.03679571702391373,0.03679571702391245,3.679571702391245e-06,0.0,False,False,False,False,-2.6426660003353586e-07,-7.181941906837383e-06,5.280207725892111e-15,-3.999724981773589e-08
stress|8|3|18,stress,8,2,18,2.0,0.5,0.05,0.03788498909885234,optimal,False,0.29600555599608924,10,15,257,0.037884967589293356,optimal,2.5792690480011515,0.5782653429996572,0.03788492944186174,0.03788492944186086,0.03788492944186072,0.03788492944186072,1,0,True,ok,True,-5.965698991750035e-08,0.03788492944186242,0.03788492944186072,3.788492944186072e-06,0.0,False,False,False,False,-5.965699161752935e-08,-1.5746867832499011e-06,2.6924094063305834e-14,-2.1509558981169796e-08
stress|8|4|18,stress,8,2,18,4.0,0.3,0.05,0.058232534974259884,optimal,False,0.274774019002507,8,15,257,0.058232869488993325,optimal_inaccurate,1.909697299997788,0.6642034449978382,0.058232456374603135,0.058232456374603135,0.058232456374602996,0.05823245637460277,1,0,True,ok,True,-7.859965384104939e-08,0.05823245637460604,0.05823245637460277,5.823245637460277e-06,0.0,False,False,False,False,-7.859965711620731e-08,-1.3497550321474097e-06,6.315402093659179e-15,3.345147334410381e-07
stress|8|5|18,stress,8,2,18,4.0,0.5,0.05,0.05931971110314085,optimal,False,0.28196848399966257,9,15,257,0.05932013085033642,optimal_inaccurate,2.063298906003183,1.0853720379964216,0.059319535854778366,0.059319535854778366,0.059319535854778234,0.0593195358547782,1,0,True,ok,True,-1.75248361336533e-07,0.05931953585477951,0.0593195358547782,5.93195358547782e-06,0.0,False,False,False,False,-1.7524836264798394e-07,-2.9543023623846496e-06,2.807396438526907e-15,4.1974719557080764e-07
stress|8|0|19,stress,8,2,19,1.0,0.3,0.05,-0.8460340886200874,optimal,False,0.20351360899803694,7,15,257,-0.846034140725309,optimal,1.1998486529992078,0.41832718499790644,-0.846034210086,-0.846034210086,-0.846034210086,-0.846034210086,3,0,True,ok,True,-1.2146591255035588e-07,-0.846034210086,-0.846034210086,8.46034210086e-05,0.45,False,False,False,False,-1.2146591255035588e-07,-1.4357094375295354e-07,0.0,-5.210522158183295e-08
stress|8|1|19,stress,8,2,19,1.0,0.5,0.05,-0.49056257605028364,optimal,False,0.24411429400061024,9,15,257,-0.49056227691925525,optimal,2.1944776290038135,0.9052348129989696,-0.49056262646465854,-0.49056262646465876,-0.49056262646465876,-0.49056262646465876,2,0,True,ok,True,-5.0414374896945446e-08,-0.49056262646465854,-0.49056262646465876,4.9056262646465875e-05,0.42,False,False,False,False,-5.041437511899005e-08,-1.0276848985280622e-07,4.526325344538408e-16,2.9913102839174144e-07
stress|8|2|19,stress,8,2,19,2.0,0.3,0.05,-2.3403390676847624,optimal,False,0.1763605079977424,7,15,257,-2.340338444602763,optimal_inaccurate,1.9787793599971337,0.556651070000953,-0.34657629701943415,-2.3403390323439424,-2.3403390323439424,-2.3403390323439424,4,0,True,ok,True,3.5340820492280045e-08,-2.340339032343942,-2.3403390323439424,0.00023403390323439423,0.55,True,False,False,False,3.5340820048190835e-08,1.5100726444374835e-08,0.8519119271910257,6.230819993291448e-07
stress|8|3|19,stress,8,2,19,2.0,0.5,0.05,-1.9848674678740865,optimal,False,0.23740542500308948,7,15,257,-1.984866389185313,optimal_inaccurate,2.085110974003328,0.6248379909957293,-1.9848674487226008,-1.9848674487226008,-1.9848674487226008,-1.9848674487226008,4,0,True,ok,True,1.9151485730617424e-08,-1.9848674487226008,-1.9848674487226008,0.0001984867448722601,0.5,False,False,False,False,1.9151485730617424e-08,9.648747858782646e-09,0.0,1.078688773414882e-06
stress|8|4|19,stress,8,2,19,4.0,0.3,0.05,-5.328948746121928,optimal,False,0.26165271499485243,7,15,257,-5.3289478673311015,optimal,2.0676114880043315,0.5526896789961029,-1.3672640872399255,-5.328948676859826,-5.328948676859826,-5.328948676859826,4,0,True,ok,True,6.926210183166859e-08,-5.328948676859826,-5.328948676859826,0.0005328948676859826,0.58,True,False,False,False,6.926210183166859e-08,1.29973293291802e-08,0.7434270490956184,8.78790826774889e-07
stress|8|5|19,stress,8,2,19,4.0,0.5,0.05,-4.97347721119098,optimal,False,0.25911876999452943,7,15,257,-4.97347636826469,optimal,1.793743563001044,0.48859224000625545,-0.9780320782472474,-4.973477093238485,-4.973477093238485,-4.973477093238485,4,0,True,ok,True,1.1795249488244508e-07,-4.973477093238485,-4.973477093238485,0.0004973477093238486,0.57,True,False,False,False,1.1795249488244508e-07,2.3716303478185525e-08,0.8033504407656976,8.429262905451651e-07
stress|10|0|0,stress,10,2,0,1.0,0.3,0.05,0.023018628181073354,optimal,False,0.5887145930028055,10,21,425,0.023018574383100614,optimal,13.233856981001736,0.9968905950008775,0.023018559917918287,0.023018559917917885,0.023018559917917843,0.0230185599179176,1,0,True,ok,True,-6.826315200950117e-08,0.023018559917921344,0.0230185599179176,2.3018559917917603e-06,0.0,False,False,False,False,-6.826315575303443e-08,-2.96556142338502e-06,2.9843330726875524e-14,-5.379797273982745e-08
stress|10|1|0,stress,10,2,0,1.0,0.5,0.05,0.02367302486300688,optimal,False,0.35440844199911226,10,21,425,0.02367304327577129,optimal,14.55705000400485,0.7643163959946833,0.02367299938546775,0.02367299938546483,0.02367299938546466,0.02367299938546466,1,0,True,ok,True,-2.5477539994378517e-08,0.023672999385466884,0.02367299938546466,2.367299938546466e-06,0.0,False,False,False,False,-2.5477542218294014e-08,-1.0762267334119605e-06,1.3058240672657348e-13,1.8412764410391524e-08
stress|10|2|0,stress,10,2,0,2.0,0.3,0.05,0.030609554066074247,optimal,False,0.5938213289991836,9,21,425,0.03060964625875674,optimal_inaccurate,16.276170441997238,0.6130636930029141,0.03060946414707864,0.03060946414707829,0.03060946414707829,0.030609464147078286,1,0,True,ok,True,-8.991899342822296e-08,0.03060946414708082,0.030609464147078286,3.060946414707829e-06,0.0,False,False,False,False,-8.991899596091923e-08,-2.9376120856520393e-06,1.1561247442910473e-14,9.219268249163748e-08
stress|10|3|0,stress,10,2,0,2.0,0.5,0.05,0.03124850488275428,optimal,False,0.5235753879969707,10,21,425,0.03124850833898425,optimal,14.902714402000129,0.6987001329980558,0.03124844385941075,0.03124844385941075,0.03124844385941075,0.031248443859410707,1,0,True,ok,True,-6.102334289617706e-08,0.031248443859411383,0.031248443859410707,3.1248443859410706e-06,0.0,False,False,False,False,-6.102334357271921e-08,-1.9528404255397626e-06,1.4433618063772456e-15,3.4562299723595036e-09
stress|10|4|0,stress,10,2,0,4.0,0.3,0.05,0.045348719607507575,optimal,False,0.3773663120009587,9,21,425,0.045348956108954994,optimal,14.255975375999697,1.0495010980012012,0.04534864426227354,0.04534864426227254,0.04534864426227166,0.04534864426227157,1,0,True,ok,True,-7.53452355367612e-08,0.04534864426227204,0.04534864426227157,4.534864426227157e-06,0.0,False,False,False,False,-7.534523600166709e-08,-1.6614633589168312e-06,4.330244060767829e-14,2.3650144741899082e-07
stress|10|5|0,stress,10,2,0,4.0,0.5,0.05,0.045983871026556156,optimal,False,0.61772228400514,9,21,425,0.04598422135909135,optimal_inaccurate,16.170354481997492,0.7965229990004445,0.04598383424844209,0.04598383424844186,0.045983834248441775,0.04598383424844176,1,0,True,ok,True,-3.677811311747492e-08,0.04598383424844304,0.04598383424844176,4.598383424844177e-06,0.0,False,False,False,False,-3.67781143942314e-08,-7.998046613559711e-07,7.092231842208572e-15,3.5033253519695107e-07
stress|10|0|1,stress,10,2,1,1.0,0.3,0.05,-0.7852476555362926,optimal,False,0.535565766003856,8,21,425,-0.7852476234098641,optimal,11.974591870006407,0.6478836660025991,-0.6440640403970584,-0.785247667547588,-0.785247667547588,-0.785247667547588,5,0,True,ok,True,-1.2011294514557846e-08,-0.7852476675475871,-0.785247667547588,7.85247667547588e-05,0.71,True,False,False,False,-1.2011295402736266e-08,-1.529618753784503e-08,0.1797950289893392,3.2126428517464944e-08
stress|10|1|1,stress,10,2,1,1.0,0.5,0.05,-0.4319302073205655,optimal,False,0.6255255920041236,8,21,425,-0.4319305021237854,optimal,13.497719995000807,0.49555281399807427,-0.3809609141958519,-0.4319305240636476,-0.4319305240636476,-0.4319305240636476,5,0,True,ok,True,-3.1674308181850463e-07,-0.4319305240636473,-0.4319305240636476,4.319305240636476e-05,0.76,True,False,False,False,-3.1674308215157154e-07,-7.333200521363268e-07,0.1180041859238572,-2.9480321994679315e-07
stress|10|2|1,stress,10,2,1,2.0,0.3,0.05,-2.2298420259297096,optimal,False,0.37260316800529836,8,21,425,-2.229842404958539,optimal,10.689232220996928,0.3845078199956333,-1.807858685616854,-2.2298424235384013,-2.2298424235384013,-2.2298424235384013,5,0,True,ok,True,-3.9760869174898517e-07,-2.2298424235384013,-2.2298424235384013,0.00022298424235384014,0.71,True,False,False,False,-3.9760869174898517e-07,-1.783124934974738e-07,0.18924374810840988,-3.7902882921159176e-07
stress|10|3|1,stress,10,2,1,2.0,0.5,0.05,-1.8629172870257673,optimal,False,0.4361564630016801,8,21,425,-1.8629171849158968,optimal,14.485452469998563,0.5265407010010676,-1.5447555594156412,-1.862917289158927,-1.862917289158927,-1.862917289158927,5,0,True,ok,True,-2.1331596489204685e-09,-1.862917289158927,-1.862917289158927,0.0001862917289158927,0.71,True,False,False,False,-2.1331596489204685e-09,-1.1450640690151926e-09,0.17078682537050793,1.0210987055891962e-07
stress|10|4|1,stress,10,2,1,4.0,0.3,0.05,-5.119031814871551,optimal,False,0.3888106880040141,8,21,425,-5.119031899280925,optimal,11.762381972002913,0.38255850999848917,-4.135447976056431,-5.119031935520028,-5.119031935520028,-5.119031935520028,5,0,True,ok,True,-1.2064762522356887e-07,-5.1190319355191765,-5.119031935520028,0.0005119031935520028,0.73,True,False,False,False,-1.2064847698667336e-07,-2.3568612454443343e-08,0.1921425714574444,-8.440937371290147e-08
stress|10|5|1,stress,10,2,1,4.0,0.5,0.05,-4.752106709309537,optimal,False,0.5084799280011794,11,21,425,-4.752106791834708,optimal,10.544096003999584,0.444746392997331,-3.8723448498552173,-4.752106801140554,-4.752106801140554,-4.752106801140554,5,0,True,ok,True,-9.183101745691147e-08,-4.752106801140554,-4.752106801140554,0.00047521068011405546,0.73,True,False,False,False,-9.183101745691147e-08,-1.932427512139225e-08,0.1851309299433643,-8.252517158524597e-08
stress|10|0|2,stress,10,2,2,1.0,0.3,0.05,-0.8025669646288468,optimal,False,0.5231729279985302,7,21,425,-0.8025668224860738,optimal,13.946780043006584,0.4593122169972048,-0.5632047493437168,-0.5632047493437168,-0.8025670765897465,-0.8025670765897465,5,0,True,ok,True,-1.1196089966247769e-07,-0.8025670765897465,-0.8025670765897465,8.025670765897464e-05,0.77,True,True,False,False,-1.1196089966247769e-07,-1.3950349889402047e-07,0.2982458840239544,1.4214277299640088e-07
stress|10|1|2,stress,10,2,2,1.0,0.5,0.05,-0.5622183076724496,optimal,False,0.4536808100019698,8,21,425,-0.5622175571540363,optimal_inaccurate,15.370498431999295,1.093578289001016,-0.26964725242725673,-0.26964725242725673,-0.5622184313367534,-0.5622184313367534,5,0,True,ok,True,-1.236643034641105e-07,-0.5622184313367531,-0.5622184313367534,5.622184313367535e-05,0.73,True,True,False,False,-1.236643037971774e-07,-2.1995780306255104e-07,0.5203870286035759,7.505184133060894e-07
stress|10|2|2,stress,10,2,2,2.0,0.3,0.05,-2.0675269421961167,optimal,False,0.49953902500419645,8,21,425,-2.0675267065735667,optimal,13.155366765000508,0.5061451250003302,-1.6650218707491842,-1.6650218707491842,-2.067526937041428,-2.067526937041428,5,0,True,ok,True,5.154688675901298e-09,-2.067526937041428,-2.067526937041428,0.0002067526937041428,0.8,True,True,False,False,5.154688675901298e-09,2.493166386710305e-09,0.19467947869555552,2.3562254991560394e-07
stress|10|3|2,stress,10,2,2,2.0,0.5,0.05,-1.8271783003921955,optimal,False,0.5871111040032702,7,21,425,-1.82717814974409,optimal,12.97387050499674,0.4460383740006364,-1.3714643738327243,-1.3714643738327243,-1.8271782917884352,-1.8271782917884352,5,0,True,ok,True,8.603760370817781e-09,-1.8271782917884352,-1.8271782917884352,0.00018271782917884353,0.79,True,True,False,False,8.603760370817781e-09,4.708768908305787e-09,0.24940856620492122,1.506481055457698e-07
stress|10|4|2,stress,10,2,2,4.0,0.3,0.05,-4.597446614543996,optimal,False,0.4982761240025866,8,21,425,-4.597446616425831,optimal,10.861451347002003,0.7289555019960972,-2.1067508620216953,-3.545686816089825,-4.597446657944792,-4.597446657944792,5,0,True,ok,True,-4.3400795846082474e-08,-4.597446657944792,-4.597446657944792,0.00045974466579447917,0.8,True,True,False,False,-4.3400795846082474e-08,-9.440195718376436e-09,0.5417563228534594,-1.881835132166998e-09
stress|10|5|2,stress,10,2,2,4.0,0.5,0.05,-4.357098076568656,optimal,False,0.6117619469951023,8,21,425,-4.357097964255979,optimal,11.505006833998777,0.6458420389972162,-3.5750986166436594,-3.5750986166436594,-4.357098012691798,-4.357098012691798,5,0,True,ok,True,6.387685758113548e-08,-4.357098012691798,-4.357098012691798,0.00043570980126917986,0.8,True,True,False,False,6.387685758113548e-08,1.4660413068195243e-08,0.17947711843301473,1.1231267738054385e-07
stress|10|0|3,stress,10,2,3,1.0,0.3,0.05,-0.9134375981930202,optimal,False,0.5101775430011912,7,21,425,-0.9134376370798498,optimal,13.006882412999403,0.6548472779977601,-0.9134378723585551,-0.9134378723585551,-0.9134378723585551,-0.9134378723585551,5,0,True,ok,True,-2.741655349414174e-07,-0.9134378723585551,-0.9134378723585551,9.134378723585552e-05,0.71,False,False,False,False,-2.741655349414174e-07,-3.0014697827610436e-07,0.0,-3.888682964525714e-08
stress|10|1|3,stress,10,2,3,1.0,0.5,0.05,-0.6018696551733231,optimal,False,0.5031959959960659,9,21,425,-0.601869408163525,optimal,10.992590690002544,0.4315307299984852,-0.6018697198808649,-0.6018697198808649,-0.6018697198808649,-0.6018697198808649,5,0,True,ok,True,-6.470754176923776e-08,-0.6018697198808649,-0.6018697198808649,6.01869719880865e-05,0.68,False,False,False,False,-6.470754176923776e-08,-1.0751088913197267e-07,0.0,2.470097981710495e-07
stress|10|2|3,stress,10,2,3,2.0,0.3,0.05,-2.3850401265977426,optimal,False,0.6902521049996722,12,21,425,-2.3850403527259187,optimal,11.958169575002103,1.299275427001703,-2.385040478532123,-2.385040478532123,-2.385040478532123,-2.385040478532123,5,0,True,ok,True,-3.519343803048969e-07,-2.385040478532123,-2.385040478532123,0.0002385040478532123,0.74,False,False,False,False,-3.519343803048969e-07,-1.4755910241515767e-07,0.0,-2.2612817618394843e-07
stress|10|3|3,stress,10,2,3,2.0,0.5,0.05,-2.0734720349615756,optimal,False,0.437694216001546,8,21,425,-2.073472135078116,optimal,11.651654487999622,0.6189372009976069,-2.0734723260544325,-2.0734723260544325,-2.0734723260544325,-2.0734723260544325,5,0,True,ok,True,-2.9109285692996423e-07,-2.0734723260544325,-2.0734723260544325,0.00020734723260544327,0.73,False,False,False,False,-2.9109285692996423e-07,-1.4038909231556556e-07,0.0,-1.0011654039132623e-07
stress|10|4|3,stress,10,2,3,4.0,0.3,0.05,-5.328245392101323,optimal,False,0.2960605739936,8,21,425,-5.328245652504646,optimal,11.963980236003408,0.45287555899994913,-5.328245690879255,-5.328245690879255,-5.328245690879258,-5.328245690879258,5,0,True,ok,True,-2.987779348373465e-07,-5.328245690879258,-5.328245690879258,0.0005328245690879258,0.75,False,False,False,False,-2.987779348373465e-07,-5.6074357100793395e-08,5.000774013971339e-16,-2.6040332290477863e-07
stress|10|5|3,stress,10,2,3,4.0,0.5,0.05,-5.0166774544226955,optimal,False,0.48431306699785637,9,21,425,-5.016677537089652,optimal,10.975704338998185,0.6429761580002378,-5.016677538401568,-5.016677538401568,-5.016677538401568,-5.016677538401568,5,0,True,ok,True,-8.39788727446944e-08,-5.016677538401568,-5.016677538401568,0.0005016677538401569,0.75,False,False,False,False,-8.39788727446944e-08,-1.6739938636210056e-08,0.0,-8.266695683545322e-08
stress|10|0|4,stress,10,2,4,1.0,0.3,0.05,-0.8880185507414882,optimal,False,0.33714522200170904,7,21,425,-0.888018911964997,optimal,11.88848084899655,0.5526713369981735,-0.4695146605809849,-0.8880189755367232,-0.8880189755367232,-0.8880189755367232,8,0,True,ok,True,-4.2479523498784033e-07,-0.8880189755367232,-0.8880189755367232,8.880189755367231e-05,0.79,True,False,False,False,-4.2479523498784033e-07,-4.783630191431697e-07,0.4712785722881565,-3.612235088823468e-07
stress|10|1|4,stress,10,2,4,1.0,0.5,0.05,-0.6086387305588054,optimal,False,0.49763200300367316,11,21,425,-0.608638933681206,optimal,12.444650905003073,0.6002705170030822,-0.15866904747138882,-0.6086389749563765,-0.6086389749563765,-0.6086389749563765,17,0,True,ok,True,-2.4439757118077665e-07,-0.6086389749563765,-0.6086389749563765,6.086389749563765e-05,0.72,True,False,False,False,-2.4439757118077665e-07,-4.0154784588944834e-07,0.7393051480432037,-2.0312240067710263e-07
stress|10|2|4,stress,10,2,4,2.0,0.3,0.05,-2.282670205814329,optimal,False,0.44743511500564637,11,21,425,-2.2826702009454403,optimal,13.941301167003985,0.6209373730016523,-1.5730781709411912,-2.282670267853462,-2.282670267853462,-2.282670267853462,10,0,True,ok,True,-6.203913294200447e-08,-2.282670267853462,-2.282670267853462,0.00022826702678534623,0.83,True,False,False,False,-6.203913294200447e-08,-2.717831633495754e-08,0.3108605333434972,4.868888847653352e-09
stress|10|3|4,stress,10,2,4,2.0,0.5,0.05,-2.0032901778933105,optimal,False,0.5856219629931729,11,21,425,-2.003290057567048,optimal,13.207585455995286,0.6314852069990593,-1.2195971775231662,-2.0032902672731154,-2.0032902672731154,-2.0032902672731154,10,0,True,ok,True,-8.937980489065467e-08,-2.0032902672731154,-2.0032902672731154,0.00020032902672731157,0.81,True,False,False,False,-8.937980489065467e-08,-4.4616504327220225e-08,0.39120296372063673,1.2032626273139613e-07
stress|10|4|4,stress,10,2,4,4.0,0.3,0.05,-5.071972787726679,optimal,False,0.5685696649961756,12,21,425,-5.071972759904522,optimal,13.45121478800138,1.7767084930019337,-3.780205191661604,-5.07197285248694,-5.07197285248694,-5.07197285248694,10,0,True,ok,True,-6.475467895228348e-08,-5.071972852481358,-5.07197285248694,0.000507197285248694,0.84,True,False,False,False,-6.47602611536513e-08,-1.2768258794755412e-08,0.25468741619781027,2.7822157022683314e-08
stress|10|5|4,stress,10,2,4,4.0,0.5,0.05,-4.792592742348566,optimal,False,0.6011951120017329,11,21,425,-4.792592839396362,optimal,15.443805953997071,0.8202733270009048,-3.426724198243579,-4.792592851902421,-4.792592851906593,-4.792592851906593,10,0,True,ok,True,-1.095580275389807e-07,-4.792592851906593,-4.792592851906593,0.00047925928519065934,0.83,True,False,False,False,-1.095580275389807e-07,-2.2859865928289328e-08,0.28499576239188423,-9.704779646568795e-08
stress|10|0|5,stress,10,2,5,1.0,0.3,0.05,-0.7911478781967505,optimal,False,0.5030722610026714,8,21,425,-0.79114734086793,optimal_inaccurate,12.297283123996749,0.6678854119963944,-0.6675456865201608,-0.7911478821422625,-0.7911478821422625,-0.7911478821422625,5,0,True,ok,True,-3.945509030600647e-09,-0.7911478821422595,-0.7911478821422625,7.911478821422626e-05,0.62,True,False,False,False,-3.945512028202813e-09,-4.987072754585085e-09,0.15623146874565716,5.373288204379989e-07
stress|10|1|5,stress,10,2,5,1.0,0.5,0.05,-0.4511790645877531,optimal,False,0.5853864169985172,9,21,425,-0.4511791118166894,optimal,12.464853566001693,0.8319928290002281,-0.3116582442711704,-0.45117915931695096,-0.45117915931695096,-0.45117915931695096,5,0,True,ok,True,-9.472919787478773e-08,-0.45117915931695096,-0.45117915931695096,4.51179159316951e-05,0.56,True,False,False,False,-9.472919787478773e-08,-2.099592053575065e-07,0.30923616963381917,-4.722893631736724e-08
stress|10|2|5,stress,10,2,5,2.0,0.3,0.05,-2.203774455075967,optimal,False,0.4544308179974905,7,21,425,-2.203774601603377,optimal,9.033827548999398,0.5980391140037682,-1.9923564069586863,-2.2037746458460457,-2.2037746458460457,-2.2037746458460457,5,0,True,ok,True,-1.9077007884504837e-07,-2.2037746458460457,-2.2037746458460457,0.00022037746458460457,0.64,True,False,False,False,-1.9077007884504837e-07,-8.656515570622325e-08,0.09593459988564043,-1.4652741020526605e-07
stress|10|3|5,stress,10,2,5,2.0,0.5,0.05,-1.8638057319483199,optimal,False,0.5566593019975699,7,21,425,-1.863805824368145,optimal,12.067101491003996,0.5948515119962394,-1.6364534898475804,-1.8638059230207342,-1.8638059230207342,-1.8638059230207342,5,0,True,ok,True,-1.910724143350251e-07,-1.8638059230207342,-1.8638059230207342,0.00018638059230207342,0.63,True,False,False,False,-1.910724143350251e-07,-1.025173445170643e-07,0.12198289015235873,-9.241982512619984e-08
stress|10|4|5,stress,10,2,5,4.0,0.3,0.05,-5.02902804626282,optimal,False,0.38749052999628475,8,21,425,-5.02902811412233,optimal,10.680634029995417,0.6535121369961416,-4.641977847835737,-5.029028173253613,-5.029028173253613,-5.029028173253613,5,0,True,ok,True,-1.2699079299238747e-07,-5.029028173253613,-5.029028173253613,0.0005029028173253613,0.64,True,False,False,False,-1.2699079299238747e-07,-2.5251557920174475e-08,0.07696324460387077,-6.785951001120338e-08
stress|10|5|5,stress,10,2,5,4.0,0.5,0.05,-4.689059258513375,optimal,False,0.3970345570050995,8,21,425,-4.689056351041684,optimal_inaccurate,10.666490935000184,0.6011831180003355,-4.286074930724632,-4.689059450428301,-4.689059450428301,-4.689059450428301,5,0,True,ok,True,-1.9191492661718712e-07,-4.689059450428301,-4.689059450428301,0.00046890594504283016,0.64,True,False,False,False,-1.9191492661718712e-07,-4.092823656872105e-08,0.08594143963494867,2.907471690960506e-06
stress|10|0|6,stress,10,2,6,1.0,0.3,0.05,-0.8018658066591595,optimal,False,0.5991891710000345,8,21,425,-0.8018658080946597,optimal,13.1925210469999,0.6903933720022906,-0.21049978649024376,-0.8018658197917253,-0.8018658197917253,-0.8018658197917253,9,0,True,ok,True,-1.3132565812590258e-08,-0.8018658197917253,-0.8018658197917253,8.018658197917254e-05,0.82,True,False,False,False,-1.3132565812590258e-08,-1.6377510680128522e-08,0.7374875181175344,-1.4355001631827236e-09
stress|10|1|6,stress,10,2,6,1.0,0.5,0.05,-0.5315037203598181,optimal,False,0.3073050550010521,8,21,425,-0.5315038141649758,optimal,13.512887620003312,1.0456440409980132,-0.5315038660837845,-0.531503866083785,-0.531503866083785,-0.531503866083785,20,0,True,ok,True,-1.4572396689338518e-07,-0.531503866083785,-0.531503866083785,5.31503866083785e-05,0.74,False,False,False,False,-1.4572396689338518e-07,-2.741729950539815e-07,8.355333576822139e-16,-9.380515775259113e-08
stress|10|2|6,stress,10,2,6,2.0,0.3,0.05,-2.1277983591407614,optimal,False,0.49038564300280996,10,21,425,-2.127799071231756,optimal,13.328694326999539,0.6756873699996504,-0.8913244125761842,-2.127799108960909,-2.127799108960909,-2.127799108960909,9,0,True,ok,True,-7.498201477496025e-07,-2.127799108960909,-2.127799108960909,0.00021277991089609094,0.82,True,False,False,False,-7.498201477496025e-07,-3.523924833048521e-07,0.5811049977309868,-7.120909946145559e-07
stress|10|3|6,stress,10,2,6,2.0,0.5,0.05,-1.8574370369996303,optimal,False,0.6252310340059921,11,21,425,-1.8574371424638907,optimal,12.47021585299808,0.40753114099788945,-0.6402016014560172,-1.8574371552529687,-1.8574371552529687,-1.8574371552529687,9,0,True,ok,True,-1.182533384547213e-07,-1.8574371552529687,-1.8574371552529687,0.00018574371552529688,0.82,True,False,False,False,-1.182533384547213e-07,-6.366478976091659e-08,0.6553306798857339,-1.0546426043589463e-07
stress|10|4|6,stress,10,2,6,4.0,0.3,0.05,-4.779666164987178,optimal,False,0.5431916639936389,8,21,425,-4.779665514611164,optimal,17.907488331999048,0.5976976669990108,-2.2529736647480627,-4.779665687299277,-4.779665687299277,-4.779665687299277,9,0,True,ok,True,4.776879016787916e-07,-4.779665687299277,-4.779665687299277,0.0004779665687299277,0.83,True,False,False,False,4.776879016787916e-07,9.994168738771592e-08,0.5286336300183595,6.503760143772297e-07
stress|10|5|6,stress,10,2,6,4.0,0.5,0.05,-4.509304161213741,optimal,False,0.37585715600289404,8,21,425,-4.5093036690380055,optimal,12.221177546001854,0.8175610239995876,-2.0018508536278956,-4.509303733591336,-4.509303733591336,-4.509303733591336,9,0,True,ok,True,4.276224050414612e-07,-4.509303733591336,-4.509303733591336,0.00045093037335913364,0.83,True,False,False,False,4.276224050414612e-07,9.483112909517302e-08,0.5560620947496998,4.921757357223555e-07
stress|10|0|7,stress,10,2,7,1.0,0.3,0.05,0.02045470139674213,optimal,False,0.5561741199999233,10,21,425,0.0204546733359385,optimal,13.61297210900375,0.8142668549990049,0.020454661668405486,0.020454661668405486,0.020454661668405386,0.02045466166840533,1,0,True,ok,True,-3.972833494125805e-08,0.02045466166840719,0.02045466166840533,2.0454661668405333e-06,0.0,False,False,False,False,-3.9728336800881614e-08,-1.942259436122066e-06,7.632739928378602e-15,-2.8060803632101727e-08
stress|10|1|7,stress,10,2,7,1.0,0.5,0.05,0.021111412801967374,optimal,False,0.6098472740050056,10,21,425,0.021111457824234972,optimal,14.252574074002041,0.5038809129982837,0.02111140346608329,0.02111140346608329,0.021111403466082326,0.021111403466082295,1,0,True,ok,True,-9.335884017247498e-09,0.021111403466083357,0.021111403466082295,2.1111403466082294e-06,0.0,False,False,False,False,-9.335885078898265e-09,-4.422198157211086e-07,4.716556513215405e-14,4.502226759808825e-08
stress|10|2|7,stress,10,2,7,2.0,0.3,0.05,0.029187823316016916,optimal,False,0.4474394780045259,9,21,425,0.029187924574350398,optimal_inaccurate,16.301784541996312,0.45605296100256965,0.02918764307110044,0.029187643071097984,0.0291876430710977,0.029187643071097658,1,0,True,ok,True,-1.8024491845250457e-07,0.029187643071098463,0.029187643071097658,2.918764307109766e-06,0.0,False,False,False,False,-1.8024491925741626e-07,-6.17534638694713e-06,9.533131704704506e-14,1.0125833348195723e-07
stress|10|3|7,stress,10,2,7,2.0,0.5,0.05,0.029852550900752707,optimal,False,0.5366538390007918,10,21,425,0.029852565671113097,optimal,13.672366373997647,0.7010176140029216,0.02985254448919107,0.029852544489189867,0.029852544489189614,0.029852544489189555,1,0,True,ok,True,-6.4115626974281525e-09,0.02985254448919001,0.029852544489189555,2.9852544489189557e-06,0.0,False,False,False,False,-6.411563151925703e-09,-2.147743813666537e-07,5.078790916977845e-14,1.4770360389632087e-08
stress|10|4|7,stress,10,2,7,4.0,0.3,0.05,0.04642225555993355,optimal,False,0.6495785670049372,9,21,425,0.046422228494326714,optimal,14.533124146000773,1.392203994000738,0.04642218295294831,0.04642218295294831,0.04642218295294813,0.046422182952947935,1,0,True,ok,True,-7.260698538930077e-08,0.046422182952948164,0.046422182952947935,4.642218295294794e-06,0.0,False,False,False,False,-7.260698561828427e-08,-1.5640555320399042e-06,8.071578003791307e-15,-2.7065606839071776e-08
stress|10|5|7,stress,10,2,7,4.0,0.5,0.05,0.04709611131582966,optimal,False,0.5121148789985455,9,21,425,0.0470959410512132,optimal,14.965519263001624,1.0274629949999508,0.04709591967563496,0.04709591967563429,0.04709591967563403,0.04709591967563401,1,0,True,ok,True,-1.9164019423451029e-07,0.04709591967563542,0.04709591967563401,4.7095919675634005e-06,0.0,False,False,False,False,-1.9164019565004464e-07,-4.069129919557323e-06,2.0184943226135077e-14,-1.702646164544741e-07
stress|10|0|8,stress,10,2,8,1.0,0.3,0.05,0.02033840119608085,optimal,False,0.4125260559958406,10,21,425,0.02033841949015083,optimal,13.738717981999798,0.8570537690029596,0.020338387813021896,0.020338387813016525,0.02033838781301616,0.020338387813016078,1,0,True,ok,True,-1.338305965353781e-08,0.020338387813021195,0.020338387813016078,2.033838781301608e-06,0.0,False,False,False,False,-1.3383064770972064e-08,-6.580195091023646e-07,2.8607294697678365e-13,1.8294069981106276e-08
stress|10|1|8,stress,10,2,8,1.0,0.5,0.05,0.021132402997891528,optimal,False,0.3888943990023108,10,21,425,0.021132486752265655,optimal,11.888863266001863,1.1251498199999332,0.021132379798704255,0.021132379798700272,0.021132379798700116,0.02113237979869993,1,0,True,ok,True,-2.3199191095946148e-08,0.021132379798700432,0.02113237979869993,2.113237979869993e-06,0.0,False,False,False,False,-2.3199191599015956e-08,-1.0978018733283972e-06,2.0472849675701543e-13,8.375437412708187e-08
stress|10|2|8,stress,10,2,8,2.0,0.3,0.05,0.028536263043865587,optimal,False,0.4741239630020573,10,21,425,0.028536387190698738,optimal,15.628065423996304,0.4634077599985176,0.028536249575735622,0.028536249575735622,0.028536249575735622,0.02853624957573558,1,0,True,ok,True,-1.3468129989729904e-08,0.028536249575735598,0.02853624957573558,2.853624957573558e-06,0.0,False,False,False,False,-1.346813000707714e-08,-4.7196544222956233e-07,1.4589640910221184e-15,1.2414683315045694e-07
stress|10|3|8,stress,10,2,8,2.0,0.5,0.05,0.02928698265867307,optimal,False,0.6573022650045459,10,21,425,0.029287012715165293,optimal,14.5786342470019,0.8989700919992174,0.02928696078440767,0.02928696078440696,0.029286960784406905,0.02928696078440688,1,0,True,ok,True,-2.1874265725141395e-08,0.029286960784407345,0.02928696078440688,2.9286960784406883e-06,0.0,False,False,False,False,-2.1874266190047287e-08,-7.468938143946838e-07,2.700976420423216e-14,3.005649222218021e-08
stress|10|4|8,stress,10,2,8,4.0,0.3,0.05,0.04441056431857649,optimal,False,0.5081246580011793,9,21,425,0.04441044785698457,optimal,14.139294040003733,0.7957568690035259,0.04441040472068302,0.04441040472068154,0.0444104047206813,0.04441040472068118,1,0,True,ok,True,-1.5959789318592543e-07,0.044410404720683305,0.04441040472068118,4.441040472068118e-06,0.0,False,False,False,False,-1.5959789530922697e-07,-3.5936921261428055e-06,4.140486663205557e-14,-1.1646159191885941e-07
stress|10|5|8,stress,10,2,8,4.0,0.5,0.05,0.045139026718753104,optimal,False,0.6342941479961155,9,21,425,0.04513955722484941,optimal_inaccurate,16.126045676996,1.1692080339998938,0.045138959260721506,0.04513895926071906,0.04513895926071903,0.04513895926071895,1,0,True,ok,True,-6.745803334679001e-08,0.04513895926071976,0.04513895926071895,4.513895926071895e-06,0.0,False,False,False,False,-6.745803415170171e-08,-1.4944503471909403e-06,5.6570045000128985e-14,5.305060963023411e-07
stress|10|0|9,stress,10,2,9,1.0,0.3,0.05,-0.9524555615914025,optimal,False,0.5617318540025735,8,21,425,-0.9524554224561339,optimal,11.842905363999307,0.3151429839999764,-0.6477753485486393,-0.9524555870369495,-0.9524555870369495,-0.9524555870369495,10,0,True,ok,True,-2.5445547002789226e-08,-0.9524555870369495,-0.9524555870369495,9.524555870369496e-05,0.78,True,False,False,False,-2.5445547002789226e-08,-2.6715731451316998e-08,0.31988918185272874,1.3913526863973402e-07
stress|10|1|9,stress,10,2,9,1.0,0.5,0.05,-0.7153470513208569,optimal,False,0.6023489289946156,8,21,425,-0.715347225334449,optimal,14.255169119998754,0.6777576169988606,-0.2777272432563266,-0.7153472496500575,-0.7153472496500575,-0.7153472496500575,21,0,True,ok,True,-1.9832919917472935e-07,-0.715347249650056,-0.7153472496500575,7.153472496500575e-05,0.72,True,False,False,False,-1.9832920061801929e-07,-2.7724892449310186e-07,0.6117588438451553,-1.7401359220237111e-07
stress|10|2|9,stress,10,2,9,2.0,0.3,0.05,-2.361930897471113,optimal,False,0.5705331270000897,10,21,425,-2.361931651431606,optimal,12.68738454800041,0.3849685140012298,-1.9489317802443173,-2.3619317962952,-2.3619317962952,-2.3619317962952,10,0,True,ok,True,-8.988240867147113e-07,-2.3619317962952,-2.3619317962952,0.00023619317962952,0.82,True,False,False,False,-8.988240867147113e-07,-3.805463096642962e-07,0.17485687634955938,-7.539604931494637e-07
stress|10|3|9,stress,10,2,9,2.0,0.5,0.05,-2.124823174782852,optimal,False,0.7219436220038915,11,21,425,-2.124823378107171,optimal,13.031186608001008,0.6629793340034666,-1.576765395599186,-2.124823458908308,-2.124823458908308,-2.124823458908308,10,0,True,ok,True,-2.841254560514983e-07,-2.124823458908308,-2.124823458908308,0.0002124823458908308,0.8,True,False,False,False,-2.841254560514983e-07,-1.3371722382524125e-07,0.25793110529319135,-2.0332431915903726e-07
stress|10|4|9,stress,10,2,9,4.0,0.3,0.05,-5.180884137254965,optimal,False,0.4712485280033434,10,21,425,-5.1808840186927245,optimal,12.258576446998632,0.41180365000036545,-4.551244643635697,-5.1808842148117,-5.1808842148117,-5.1808842148117,10,0,True,ok,True,-7.7556734368045e-08,-5.1808842148117,-5.1808842148117,0.00051808842148117,0.85,True,False,False,False,-7.7556734368045e-08,-1.4969787455841e-08,0.12153129563789854,1.1856224091388867e-07
stress|10|5|9,stress,10,2,9,4.0,0.5,0.05,-4.943775855619234,optimal,False,0.45768566399783595,11,21,425,-4.9437758644506244,optimal,12.638136514004145,0.6618779039999936,-4.179078258990558,-4.943775877424806,-4.943775877424808,-4.943775877424808,10,0,True,ok,True,-2.1805574235145286e-08,-4.943775877424808,-4.943775877424808,0.0004943775877424808,0.84,True,False,False,False,-2.1805574235145286e-08,-4.4107125549311586e-09,0.15467886032741787,-8.831390729824307e-09
stress|10|0|10,stress,10,2,10,1.0,0.3,0.05,-0.6736100617810153,optimal,False,0.3278111469990108,7,21,425,-0.6736098753007831,optimal,12.456956620997516,0.7309560700014117,-0.15107924592051902,-0.6736102234476742,-0.6736102234476742,-0.6736102234476742,5,0,True,ok,True,-1.6166665706141004e-07,-0.6736102234476724,-0.6736102234476742,6.736102234476742e-05,0.65,True,False,False,False,-1.6166665883776687e-07,-2.4000036224269354e-07,0.7757171125650903,1.864802322559811e-07
stress|10|1|10,stress,10,2,10,1.0,0.5,0.05,-0.4338206797671257,optimal,False,0.378291701003036,9,21,425,-0.43382069775360627,optimal,12.876964982002391,1.0341609249953763,-0.02810710574575587,-0.4338207155119116,-0.4338207155119116,-0.4338207155119116,4,0,True,ok,True,-3.574478590895325e-08,-0.4338207155119116,-0.4338207155119116,4.338207155119116e-05,0.58,True,False,False,False,-3.574478590895325e-08,-8.239530196702702e-08,0.9352103190540607,-1.798648058271013e-08
stress|10|2|10,stress,10,2,10,2.0,0.3,0.05,-1.8101013695038481,optimal,False,0.5693296070021461,8,21,425,-1.8101013053626789,optimal,11.834609643003205,0.6794075480065658,-0.9619753851158207,-1.8101013665152188,-1.8101013665152188,-1.8101013665152188,5,0,True,ok,True,2.988629344002902e-09,-1.8101013665152188,-1.8101013665152188,0.0001810101366515219,0.67,True,False,False,False,2.988629344002902e-09,1.6510839637793823e-09,0.4685516496969438,6.414116926478641e-08
stress|10|3|10,stress,10,2,10,2.0,0.5,0.05,-1.5703118481358287,optimal,False,0.5452865659972304,7,21,425,-1.5703113641362771,optimal,11.841950775000441,0.49068507100309944,-0.5981179859818071,-1.5703118585794562,-1.5703118585794562,-1.5703118585794562,5,0,True,ok,True,-1.0443627518341714e-08,-1.5703118585794562,-1.5703118585794562,0.00015703118585794562,0.67,True,False,False,False,-1.0443627518341714e-08,-6.650671031196576e-09,0.6191087886689719,4.839995515482087e-07
stress|10|4|10,stress,10,2,10,4.0,0.3,0.05,-4.083083646546682,optimal,False,0.5552472109993687,8,21,425,-4.0830835170831,optimal,12.122106883005472,0.7595970949987532,-2.5918291288011974,-4.083083652650308,-4.083083652650308,-4.083083652650308,5,0,True,ok,True,-6.103626049025479e-09,-4.083083652650308,-4.083083652650308,0.00040830836526503086,0.68,True,False,False,False,-6.103626049025479e-09,-1.4948569702185003e-09,0.36522752182193113,1.2946358207699404e-07
stress|10|5|10,stress,10,2,10,4.0,0.5,0.05,-3.843294649834944,optimal,False,0.5876679180000792,7,21,425,-3.84329388976855,optimal,13.380371978993935,1.0244368470011977,-2.2279717296671837,-3.8432941447145454,-3.8432941447145454,-3.8432941447145454,5,0,True,ok,True,5.051203983974517e-07,-3.8432941447145454,-3.8432941447145454,0.00038432941447145454,0.67,True,False,False,False,5.051203983974517e-07,1.314290067297195e-07,0.42029632763571295,7.60066393823422e-07
stress|10|0|11,stress,10,2,11,1.0,0.3,0.05,-0.9666033839118493,optimal,False,0.6005237470017164,9,21,425,-0.966603453541822,optimal,12.8555053759992,0.658412047996535,-0.4372397249262708,-0.9666034699586161,-0.9666034699586161,-0.9666034699586161,10,0,True,ok,True,-8.604676371426478e-08,-0.966603469958613,-0.9666034699586161,9.666034699586162e-05,0.86,True,False,False,False,-8.604676682288925e-08,-8.901972438235991e-08,0.5476534706160422,-6.96299726765659e-08
stress|10|1|11,stress,10,2,11,1.0,0.5,0.05,-0.7186285163856073,optimal,False,0.5029842779986211,8,21,425,-0.7186285240547476,optimal,13.002866886999982,0.6848666980004054,-0.22316320590487923,-0.7186285341481214,-0.7186285341481214,-0.7186285341481214,14,0,True,ok,True,-1.776251412621832e-08,-0.7186285341481214,-0.7186285341481214,7.186285341481215e-05,0.8,True,False,False,False,-1.776251412621832e-08,-2.4717240857009314e-08,0.6894595812711195,-7.669140322796864e-09
stress|10|2|11,stress,10,2,11,2.0,0.3,0.05,-2.4240474876393803,optimal,False,0.6361509959970135,11,21,425,-2.4240475215062474,optimal,14.96346482100489,0.6619577160017798,-1.302909892503419,-2.424047522784571,-2.424047522784571,-2.424047522784571,10,0,True,ok,True,-3.5145190757646105e-08,-2.424047522784571,-2.424047522784571,0.0002424047522784571,0.88,True,False,False,False,-3.5145190757646105e-08,-1.4498557036055298e-08,0.46250645655381784,-3.3866867088505614e-08
stress|10|3|11,stress,10,2,11,2.0,0.5,0.05,-2.1760716041739596,optimal,False,0.5759227130038198,10,21,425,-2.17607257057142,optimal,15.149569956003688,0.28856654800620163,-1.088833373482032,-2.1760725869740765,-2.1760725869740765,-2.1760725869740765,10,0,True,ok,True,-9.828001168443734e-07,-2.1760725869740765,-2.1760725869740765,0.00021760725869740766,0.87,True,False,False,False,-9.828001168443734e-07,-4.5163960365975457e-07,0.4996337070740356,-9.663974602780456e-07
stress|10|4|11,stress,10,2,11,4.0,0.3,0.05,-5.338935785235726,optimal,False,0.5941372710003634,8,21,425,-5.33893553782532,optimal,16.089210594996985,0.522002555000654,-3.03425022765773,-4.081992917492007,-5.33893562843648,-5.338935628436482,10,0,False,ok,True,1.5679924469935713e-07,-5.338935628436482,-5.338935628436482,0.0005338935628436482,0.9,True,True,False,False,1.5679924469935713e-07,2.9369007421473244e-08,0.4316750680610254,2.4741040682840776e-07
stress|10|5|11,stress,10,2,11,4.0,0.5,0.05,-5.090960596226768,optimal,False,0.6585247260009055,11,21,425,-5.090960419690256,optimal,15.399940105999121,0.5431184049957665,-2.8201737086363385,-5.090960692625987,-5.090960692625987,-5.090960692625987,10,0,True,ok,True,-9.639921838555665e-08,-5.090960692625987,-5.090960692625987,0.0005090960692625987,0.89,True,False,False,False,-9.639921838555665e-08,-1.893536918297977e-08,0.4460429221696358,1.7653651251947622e-07
stress|10|0|12,stress,10,2,12,1.0,0.3,0.05,-0.9064159376220426,optimal,False,0.5224886330033769,7,21,425,-0.9064159047392046,optimal,12.853208649998123,0.514387645998795,-0.5585614694999751,-0.9064160047779883,-0.9064160047779883,-0.9064160047779883,5,0,True,ok,True,-6.715594014217174e-08,-0.9064160047779828,-0.9064160047779883,9.064160047779883e-05,0.75,True,False,False,False,-6.715594569328687e-08,-7.408954642773454e-08,0.3837691892512583,3.2882838008063686e-08
stress|10|1|12,stress,10,2,12,1.0,0.5,0.05,-0.6709027561025062,optimal,False,0.5301285440000356,7,21,425,-0.6709026733766862,optimal,14.819379398002638,0.531833788001677,-0.26829978721571246,-0.6709031695904104,-0.6709031695904104,-0.6709031695904104,5,0,True,ok,True,-4.1348790424944326e-07,-0.6709031695904104,-0.6709031695904104,6.709031695904104e-05,0.72,True,False,False,False,-4.1348790424944326e-07,-6.163157037117122e-07,0.6000916385899462,8.272581997204043e-08
stress|10|2|12,stress,10,2,12,2.0,0.3,0.05,-2.2948635252045606,optimal,False,0.41518894199543865,8,21,425,-2.2948628489638057,optimal,12.66479585399793,0.7158267850027187,-1.6619170726675214,-2.2948635320076813,-2.2948635320076813,-2.2948635320076813,5,0,True,ok,True,-6.8031202893337195e-09,-2.294863532007681,-2.2948635320076813,0.00022948635320076816,0.76,True,False,False,False,-6.803120733422929e-09,-2.9644990469821117e-09,0.27581006474333625,6.762407549487648e-07
stress|10|3|12,stress,10,2,12,2.0,0.5,0.05,-2.059350770911924,optimal,False,0.32693488799850456,7,21,425,-2.059350558548858,optimal,12.027591758000199,0.5620962199973292,-1.3716553903832662,-2.059350696820103,-2.059350696820103,-2.059350696820103,5,0,True,ok,True,7.409182067874553e-08,-2.059350696820103,-2.059350696820103,0.00020593506968201032,0.75,True,False,False,False,7.409182067874553e-08,3.5978242135960214e-08,0.33393792883296913,2.123630657990816e-07
stress|10|4|12,stress,10,2,12,4.0,0.3,0.05,-5.071758558916212,optimal,False,0.5709124339991831,10,21,425,-5.071758533609515,optimal,12.003571991997887,0.3480656989995623,-3.8686282790026367,-5.071758586467068,-5.071758586467068,-5.071758586467068,5,0,True,ok,True,-2.7550854042601713e-08,-5.071758586467066,-5.071758586467068,0.0005071758586467068,0.76,True,False,False,False,-2.7550855818958553e-08,-5.432209656456107e-09,0.2372215252269171,2.5306697182259086e-08
stress|10|5|12,stress,10,2,12,4.0,0.5,0.05,-4.83624538300487,optimal,False,0.5783243100013351,8,21,425,-4.836245052609183,optimal,12.70770060599898,0.48468768099701265,-3.578366596718373,-4.836245751279489,-4.836245751279489,-4.836245751279489,5,0,True,ok,True,-3.682746188005126e-07,-4.836245751279489,-4.836245751279489,0.00048362457512794894,0.76,True,False,False,False,-3.682746188005126e-07,-7.614886955378081e-08,0.2600941348417476,3.303956876976599e-07
stress|10|0|13,stress,10,2,13,1.0,0.3,0.05,-0.9745791438487739,optimal,False,0.3729527390023577,8,21,425,-0.9745789927405779,optimal,9.640958786003466,0.5306895039975643,-0.45417374961719204,-0.9745791481786258,-0.9745791481786258,-0.9745791481786258,5,0,True,ok,True,-4.329851921447414e-09,-0.9745791481786258,-0.9745791481786258,9.745791481786259e-05,0.7,True,False,False,False,-4.329851921447414e-09,-4.442791484689601e-09,0.533979615235982,1.5110819595598457e-07
stress|10|1|13,stress,10,2,13,1.0,0.5,0.05,-0.7251833966760254,optimal,False,0.41256268799770623,8,21,425,-0.725183372226827,optimal,12.453086127999995,0.5311706800057436,-0.1926215238748471,-0.7251834079802424,-0.7251834079802424,-0.7251834079802424,4,0,True,ok,True,-1.130421534156767e-08,-0.7251834079802407,-0.7251834079802424,7.251834079802424e-05,0.7,True,False,False,False,-1.1304217006902206e-08,-1.5588080282472805e-08,0.7343823345168219,2.4449198332554545e-08
stress|10|2|13,stress,10,2,13,2.0,0.3,0.05,-2.459517416720077,optimal,False,0.3603505810024217,8,21,425,-2.4595175320382348,optimal,11.254812865998247,0.41018500499922084,-1.4532154335180854,-2.459517605879634,-2.459517605879634,-2.459517605879634,5,0,True,ok,True,-1.891595569070148e-07,-2.459517605879634,-2.459517605879634,0.0002459517605879634,0.71,True,False,False,False,-1.891595569070148e-07,-7.690921626376247e-08,0.40914615530944726,-1.1531815768961451e-07
stress|10|3|13,stress,10,2,13,2.0,0.5,0.05,-2.210121871583268,optimal,False,0.41285576499649324,8,21,425,-2.210121452152879,optimal,15.808429806995264,0.48669682900072075,-1.1882990235607434,-2.2101218656812502,-2.2101218656812502,-2.2101218656812502,5,0,True,ok,True,5.902017541359328e-09,-2.2101218656812502,-2.2101218656812502,0.00022101218656812502,0.7,True,False,False,False,5.902017541359328e-09,2.6704489092862973e-09,0.4623377823582317,4.1943038864289406e-07
stress|10|4|13,stress,10,2,13,4.0,0.3,0.05,-5.429394486733036,optimal,False,0.29606944199622376,8,21,425,-5.429394472515112,optimal,12.174031075999665,0.5399623089979286,-3.4512988013198735,-5.42939452128165,-5.42939452128165,-5.42939452128165,5,0,True,ok,True,-3.454861374763141e-08,-5.42939452128165,-5.42939452128165,0.0005429394521281651,0.73,True,False,False,False,-3.454861374763141e-08,-6.363253551027184e-09,0.364330812986276,1.4217924615422817e-08
stress|10|5|13,stress,10,2,13,4.0,0.5,0.05,-5.179998817511477,optimal,False,0.38575585299986415,8,21,425,-5.179998254803778,optimal_inaccurate,9.733619010003167,0.4764381879940629,-3.186382391362529,-5.179998781083267,-5.179998781083267,-5.179998781083267,5,0,True,ok,True,3.642820978200234e-08,-5.179998781083267,-5.179998781083267,0.0005179998781083267,0.73,True,False,False,False,3.642820978200234e-08,7.032474536259222e-09,0.38486811946774685,5.627076982150925e-07
stress|10|0|14,stress,10,2,14,1.0,0.3,0.05,-0.42339998661592587,optimal,False,0.46837712599517545,8,21,425,-0.4233998501854597,optimal_inaccurate,12.485747249003907,0.38466487400000915,-0.06831620095071582,-0.42340014128370274,-0.42340014128370274,-0.42340014128370274,5,0,True,ok,True,-1.5466777686379274e-07,-0.42340014128370274,-0.42340014128370274,4.234001412837028e-05,0.65,True,False,False,False,-1.5466777686379274e-07,-3.6529943730039557e-07,0.838648610877671,1.36430466146642e-07
stress|10|1|14,stress,10,2,14,1.0,0.5,0.05,-0.15931505678290625,optimal,False,0.5328193839959567,14,21,425,-0.15931518962482702,optimal,20.679207945999224,1.1943246019945946,-0.04376740838073398,-0.15931521174580132,-0.15931521174580437,-0.1593152117458048,4,0,True,ok,True,-1.5496289507144212e-07,-0.15931521174580132,-0.1593152117458048,1.593152117458048e-05,0.53,True,False,False,False,-1.5496289854088907e-07,-9.726820657764462e-07,0.725277907231062,-1.3284192076912227e-07
stress|10|2|14,stress,10,2,14,2.0,0.3,0.05,-1.3965738416035984,optimal,False,0.3736807690002024,8,21,425,-1.3965735910010075,optimal,12.528446883996367,0.6670376600013697,-0.6823502207037402,-1.3524724884904116,-1.39657388347851,-1.39657388347851,5,0,True,ok,True,-4.1874911538286597e-08,-1.39657388347851,-1.39657388347851,0.000139657388347851,0.75,True,True,False,False,-4.1874911538286597e-08,-2.998402969527501e-08,0.5114112981948513,2.50602590901039e-07
stress|10|3|14,stress,10,2,14,2.0,0.5,0.05,-1.0708893183769117,optimal,False,0.6955475160066271,8,21,425,-1.0708891661464004,optimal,12.91412382699491,0.5996806969997124,-0.33605399538919434,-1.0708893258000793,-1.0708893258000793,-1.0708893258000793,5,0,True,ok,True,-7.4231676361335985e-09,-1.0708893258000793,-1.0708893258000793,0.00010708893258000794,0.68,True,False,False,False,-7.4231676361335985e-09,-6.931778577626012e-09,0.6861916658492018,1.5223051130774934e-07
stress|10|4|14,stress,10,2,14,4.0,0.3,0.05,-3.4731230913164235,optimal,False,0.4503124240000034,8,21,425,-3.473122304384015,optimal,10.805453676999605,0.5032287650028593,-1.9884012647465328,-3.210617182903828,-3.473122975448538,-3.473122975448538,5,0,True,ok,True,1.1586788550843607e-07,-3.473122975448538,-3.473122975448538,0.00034731229754485384,0.74,True,True,False,False,1.1586788550843607e-07,3.336129542835134e-08,0.4274889548102627,7.869324085696405e-07
stress|10|5|14,stress,10,2,14,4.0,0.5,0.05,-3.1238101915278493,optimal,False,0.3676950370063423,8,21,425,-3.1238101283351365,optimal,10.026352682005381,0.6361589470034232,-1.6421050394319874,-2.9290340202134972,-3.1238101514204564,-3.1238101514204564,5,0,True,ok,True,4.010739296234078e-08,-3.1238101514204564,-3.1238101514204564,0.00031238101514204563,0.74,True,True,False,False,4.010739296234078e-08,1.2839254149025084e-08,0.47432623628382453,6.31927128402765e-08
stress|10|0|15,stress,10,2,15,1.0,0.3,0.05,-0.6637843529826174,optimal,False,0.3506846329983091,8,21,425,-0.6637840195110744,optimal_inaccurate,12.677957198000513,0.5334336400046595,-0.1147037290470177,-0.6637843707659196,-0.6637843707659196,-0.6637843707659196,5,0,True,ok,True,-1.7783302164176007e-08,-0.6637843707659196,-0.6637843707659196,6.637843707659195e-05,0.67,True,False,False,False,-1.7783302164176007e-08,-2.679078240435972e-08,0.8271973036745882,3.3347154304586013e-07
stress|10|1|15,stress,10,2,15,1.0,0.5,0.05,-0.35623530911270684,optimal,False,0.4082907330011949,10,21,425,-0.3562352797226228,optimal,14.799427865997131,0.70308667000063,-0.21384614440479105,-0.3562353268821521,-0.3562353268821523,-0.3562353268821523,5,0,True,ok,True,-1.776944547060566e-08,-0.3562353268821523,-0.3562353268821523,3.5623532688215235e-05,0.62,True,False,False,False,-1.776944547060566e-08,-4.9881202160630594e-08,0.39970539621542256,2.9390084033131814e-08
stress|10|2|15,stress,10,2,15,2.0,0.3,0.05,-1.891306801001378,optimal,False,0.36420117099623894,8,21,425,-1.8913068729117115,optimal,12.542692229995737,0.43970262400398497,-0.7107448824578836,-1.8913069193437901,-1.8913069193438319,-1.8913069193438319,5,0,True,ok,True,-1.1834245383646191e-07,-1.8913069193438319,-1.8913069193438319,0.0001891306919343832,0.67,True,False,False,False,-1.1834245383646191e-07,-6.257179098272363e-08,0.6242043662038371,-7.191033346565234e-08
stress|10|3|15,stress,10,2,15,2.0,0.5,0.05,-1.5837578748306387,optimal,False,0.5860953299998073,8,21,425,-1.5837577814311166,optimal,12.158554531000846,0.4825177819948294,-0.4509451511578332,-1.5837578754600647,-1.5837578754600647,-1.5837578754600647,5,0,True,ok,True,-6.294260668227025e-10,-1.5837578754600647,-1.5837578754600647,0.00015837578754600648,0.67,True,False,False,False,-6.294260668227025e-10,-3.974256903947588e-10,0.7152688815979282,9.339952211639968e-08
stress|10|4|15,stress,10,2,15,4.0,0.3,0.05,-4.346352028619986,optimal,False,0.5441836099998909,9,21,425,-4.3463508830972994,optimal_inaccurate,13.921235028996307,0.36361271199712064,-1.9062066417696086,-4.346352016499657,-4.346352016499657,-4.346352016499657,5,0,True,ok,True,1.2120330517007005e-08,-4.346352016499655,-4.346352016499657,0.0004346352016499657,0.69,True,False,False,False,1.2120328740650166e-08,2.7886210460726306e-09,0.5614237791754438,1.1455226864853785e-06
stress|10|5|15,stress,10,2,15,4.0,0.5,0.05,-4.0388031586812225,optimal,False,0.5935231929979636,8,21,425,-4.038802181014427,optimal_inaccurate,12.283205242994882,0.7249997359976987,-1.646406910469561,-4.03880297261589,-4.03880297261589,-4.03880297261589,5,0,True,ok,True,1.8606533291887217e-07,-4.03880297261589,-4.03880297261589,0.000403880297261589,0.69,True,False,False,False,1.8606533291887217e-07,4.606942344266847e-08,0.5923527536171935,9.77666795520804e-07
stress|10|0|16,stress,10,2,16,1.0,0.3,0.05,-0.8050810059844473,optimal,False,0.3921206989980419,8,21,425,-0.8050811839417802,optimal,12.972226063000562,0.369885421001527,-0.5612881669583507,-0.8050811942251194,-0.8050811942251194,-0.8050811942251194,9,0,True,ok,True,-1.882406720499219e-07,-0.8050811942251194,-0.8050811942251194,8.050811942251194e-05,0.85,True,False,False,False,-1.882406720499219e-07,-2.3381581561440832e-07,0.30281793813531616,-1.7795733286973814e-07
stress|10|1|16,stress,10,2,16,1.0,0.5,0.05,-0.5938385313051984,optimal,False,0.4882395219974569,8,21,425,-0.5938386903293804,optimal,12.670793795994541,0.9080119110003579,-0.2133877475622492,-0.5524152973360066,-0.5938388639846449,-0.5938388639846449,21,0,True,ok,True,-3.3267944621329093e-07,-0.5938388639846446,-0.5938388639846449,5.938388639846449e-05,0.76,True,True,False,False,-3.3267944654635784e-07,-5.60218694154388e-07,0.6406638896443685,-1.5902418204483126e-07
stress|10|2|16,stress,10,2,16,2.0,0.3,0.05,-2.1003934223852787,optimal,False,0.4060017340016202,8,21,425,-2.1003938600555463,optimal,11.758975835000456,0.3167367069981992,-1.782607395931103,-2.100393874324407,-2.100393874324409,-2.100393874324409,10,0,True,ok,True,-4.5193913011942755e-07,-2.100393874324409,-2.100393874324409,0.0002100393874324409,0.86,True,False,False,False,-4.5193913011942755e-07,-2.1516879899870854e-07,0.15129851704386715,-4.376702675834565e-07
stress|10|3|16,stress,10,2,16,2.0,0.5,0.05,-1.8477278345786183,optimal,False,0.39836237599956803,10,21,425,-1.8477279624346905,optimal,15.561668474998442,0.4501224259947776,-1.4193789306733342,-1.8477279774352962,-1.8477279774352962,-1.8477279774352962,9,0,False,ok,True,-1.4285667782054645e-07,-1.8477279774352962,-1.8477279774352962,0.0001847727977435296,0.86,True,False,False,False,-1.4285667782054645e-07,-7.731478367490495e-08,0.23182473393974568,-1.2785607217402628e-07
stress|10|4|16,stress,10,2,16,4.0,0.3,0.05,-4.69101985089884,optimal,False,0.6611904490055167,8,21,425,-4.691020169341815,optimal,14.787030588995549,0.9303039789956529,-4.225245853876608,-4.691019234522988,-4.691019234522988,-4.691019234522988,10,0,True,ok,True,6.163758516919415e-07,-4.691019234522988,-4.691019234522988,0.0004691019234522989,0.86,True,False,False,False,6.163758516919415e-07,1.3139485043403485e-07,0.0992904435817653,-3.1844297510019715e-07
stress|10|5|16,stress,10,2,16,4.0,0.5,0.05,-4.438353263959101,optimal,False,0.7595688399960636,12,21,425,-4.4383540033468645,optimal,13.347985542997776,0.7246872199975769,-3.862017388618841,-4.438353337633876,-4.438353337633876,-4.438353337633876,10,0,True,ok,True,-7.36747747254185e-08,-4.438353337633876,-4.438353337633876,0.0004438353337633876,0.86,True,False,False,False,-7.36747747254185e-08,-1.6599574288888196e-08,0.1298535526967045,-7.393877634598311e-07
stress|10|0|17,stress,10,2,17,1.0,0.3,0.05,0.02110210245669464,optimal,False,0.6353247730003204,10,21,425,0.021102072995200182,optimal,15.085479159002716,0.9779480679935659,0.02110205602205623,0.02110205602205267,0.021102056022052625,0.021102056022052545,1,0,True,ok,True,-4.643463600434439e-08,0.021102056022058637,0.021102056022052545,2.1102056022052546e-06,0.0,False,False,False,False,-4.6434642096693235e-08,-2.2004746774396333e-06,1.7460633499997461e-13,-2.946149445931523e-08
stress|10|1|17,stress,10,2,17,1.0,0.5,0.05,0.021793471061460696,optimal,False,0.6206173639948247,10,21,425,0.02179365219313889,optimal_inaccurate,14.993737892000354,0.5972932040021988,0.021793448258092114,0.02179344825809188,0.02179344825809172,0.021793448258091645,1,0,True,ok,True,-2.2803368936175072e-08,0.02179344825809176,0.021793448258091645,2.1793448258091646e-06,0.0,False,False,False,False,-2.2803369050666822e-08,-1.0463394741644445e-06,2.1491566316947377e-14,1.8113167819452936e-07
stress|10|2|17,stress,10,2,17,2.0,0.3,0.05,0.029859396464802547,optimal,False,0.6251960599984159,9,21,425,0.029859585280530086,optimal_inaccurate,16.911364847997902,0.8933376249988214,0.029859322266348194,0.029859322266348194,0.02985932226634818,0.029859322266348163,1,0,True,ok,True,-7.419845398162761e-08,0.029859322266348565,0.029859322266348163,2.9859322266348163e-06,0.0,False,False,False,False,-7.419845438408346e-08,-2.4849281354881567e-06,1.0457378198022106e-15,1.888157275392599e-07
stress|10|3|17,stress,10,2,17,2.0,0.5,0.05,0.030556623791234912,optimal,False,0.33068656499381177,10,21,425,0.03055690015253108,optimal_inaccurate,13.193274361001386,0.755370660997869,0.03055661796503306,0.030556617965033037,0.030556617965032964,0.030556617965032905,1,0,True,ok,True,-5.826201486536231e-09,0.030556617965033426,0.030556617965032905,3.0556617965032906e-06,0.0,False,False,False,False,-5.826202006953274e-09,-1.9066903617226535e-07,5.109371495777855e-15,2.763612961670381e-07
stress|10|4|17,stress,10,2,17,4.0,0.3,0.05,0.047133676516748865,optimal,False,0.5140080279961694,9,21,425,0.0471335985760611,optimal,14.176797830004944,0.6522503520027385,0.047133557341869865,0.047133557341868346,0.047133557341868346,0.04713355734186821,1,0,True,ok,True,-1.1917487997142873e-07,0.047133557341868894,0.04713355734186821,4.713355734186821e-06,0.0,False,False,False,False,-1.1917488065837922e-07,-2.5284444046292603e-06,3.5185030296041194e-14,-7.794068776489915e-08
stress|10|5|17,stress,10,2,17,4.0,0.5,0.05,0.04783856929815744,optimal,False,0.45337126000231365,9,21,425,0.04783869699931855,optimal_inaccurate,14.144719554999028,0.6914877250019345,0.04783843479160021,0.047838434791594914,0.04783843479159442,0.04783843479159442,1,0,True,ok,True,-1.345065505087284e-07,0.04783843479160693,0.04783843479159442,4.783843479159443e-06,0.0,False,False,False,False,-1.345065630195541e-07,-2.8116761222776533e-06,1.2097046111708185e-13,1.2770116111088248e-07
stress|10|0|18,stress,10,2,18,1.0,0.3,0.05,-0.7544672090962912,optimal,False,0.5113061599986395,8,21,425,-0.7544663993588292,optimal_inaccurate,14.810796396996011,0.51929410899902,-0.5505731746960314,-0.7544672130951455,-0.7544672130951455,-0.7544672130951455,5,0,True,ok,True,-3.998853803643954e-09,-0.754467213095145,-0.7544672130951455,7.544672130951455e-05,0.57,True,False,False,False,-3.998854358755466e-09,-5.300236127618238e-09,0.27024903781127085,8.09737461970883e-07
stress|10|1|18,stress,10,2,18,1.0,0.5,0.05,-0.41541940111638903,optimal,False,0.38973044399608625,9,21,425,-0.41541958166546333,optimal,13.863025831000414,0.5256616660044529,-0.3347462312393489,-0.4154196174342526,-0.4154196174342526,-0.4154196174342526,5,0,True,ok,True,-2.1631786356612892e-07,-0.4154196174342526,-0.4154196174342526,4.154196174342526e-05,0.57,True,False,False,False,-2.1631786356612892e-07,-5.207216200899646e-07,0.1941973436236956,-1.8054907430231637e-07
stress|10|2|18,stress,10,2,18,2.0,0.3,0.05,-2.160666024089216,optimal,False,0.5339432599939755,7,21,425,-2.160665879209602,optimal,12.23680178700306,0.5025007340009324,-1.5265166699683084,-2.1606659770787324,-2.1606659770787324,-2.1606659770787324,5,0,True,ok,True,4.701048350597148e-08,-2.1606659770787324,-2.1606659770787324,0.00021606659770787324,0.6,True,False,False,False,4.701048350597148e-08,2.175740395871119e-08,0.29349715034056667,1.4487961408349292e-07
stress|10|3|18,stress,10,2,18,2.0,0.5,0.05,-1.8216183975284128,optimal,False,0.4262552699947264,7,21,425,-1.8216183129969437,optimal,12.715519302000757,0.4187700219990802,-1.3106897265116253,-1.8216183814178395,-1.8216183814178395,-1.8216183814178395,5,0,True,ok,True,1.611058220163386e-08,-1.8216183814178306,-1.8216183814178395,0.00018216183814178397,0.59,True,False,False,False,1.6110573319849664e-08,8.844098929670795e-09,0.28048062103355464,8.453146915776699e-08
stress|10|4|18,stress,10,2,18,4.0,0.3,0.05,-4.973062347869304,optimal,False,0.3915011950011831,8,21,425,-4.973063252849555,optimal,10.583536385005573,0.6478306119970512,-3.478403660512859,-4.973063505045906,-4.973063505045906,-4.973063505045906,5,0,True,ok,True,-1.1571766025397778e-06,-4.973063505045906,-4.973063505045906,0.0004973063505045906,0.62,True,False,False,False,-1.1571766025397778e-06,-2.3268893924798014e-07,0.30055112769352216,-9.049802516258865e-07
stress|10|5|18,stress,10,2,18,4.0,0.5,0.05,-4.634016601103241,optimal,False,0.3254648780057323,7,21,425,-4.634015697041873,optimal,11.206089751998661,0.35572371799935354,-3.262576717056176,-4.634015909385013,-4.634015909385013,-4.634015909385013,5,0,True,ok,True,6.917182275856248e-07,-4.634015909385013,-4.634015909385013,0.00046340159093850137,0.62,True,False,False,False,6.917182275856248e-07,1.4926969131291944e-07,0.2959504712858966,9.040613679900389e-07
stress|10|0|19,stress,10,2,19,1.0,0.3,0.05,-0.8980735455118007,optimal,False,0.624971760000335,8,21,425,-0.8980736382212142,optimal,11.351066294002521,0.4642126359976828,-0.4982794759277493,-0.8980736399968764,-0.8980736399968764,-0.8980736399968764,10,0,True,ok,True,-9.448507565235076e-08,-0.8980736399968764,-0.8980736399968764,8.980736399968764e-05,0.86,True,False,False,False,-9.448507565235076e-08,-1.0520861696076897e-07,0.44516857667765153,-9.270941347949702e-08
stress|10|1|19,stress,10,2,19,1.0,0.5,0.05,-0.5876399154759953,optimal,False,0.5220029200063436,8,21,425,-0.5876400485077916,optimal,15.488312608998967,0.8318009969952982,-0.28944603139515546,-0.5876400733029409,-0.5876400733029409,-0.5876400733029409,10,0,True,ok,True,-1.5782694551269572e-07,-0.5876400733029408,-0.5876400733029409,5.876400733029409e-05,0.81,True,False,False,False,-1.5782694562371802e-07,-2.6857764673095145e-07,0.5074433406689406,-1.3303179635659745e-07
stress|10|2|19,stress,10,2,19,2.0,0.3,0.05,-2.365441860292919,optimal,False,0.4234652169980109,11,21,425,-2.3654417623877864,optimal,14.050204658000439,0.7052228629981983,-1.4405533088004188,-2.365441918659569,-2.365441918659569,-2.365441918659569,10,0,True,ok,True,-5.836665017966425e-08,-2.365441918659569,-2.365441918659569,0.00023654419186595692,0.87,True,False,False,False,-5.836665017966425e-08,-2.467473462756618e-08,0.39100034651590987,9.790513244567478e-08
stress|10|3|19,stress,10,2,19,2.0,0.5,0.05,-2.05500823372637,optimal,False,0.48585095800081035,8,21,425,-2.0550083590773345,optimal,14.015141345000302,0.6745277299996815,-1.231719864267825,-2.0550083519656335,-2.0550083519656335,-2.0550083519656335,10,0,True,ok,True,-1.1823917533959616e-07,-2.0550083519655455,-2.0550083519656335,0.00020550083519656337,0.87,True,False,False,False,-1.1823926326925971e-07,-5.753712385611958e-08,0.400625373084409,-1.2535096427512826e-07
stress|10|4|19,stress,10,2,19,4.0,0.3,0.05,-5.300177902241225,optimal,False,0.4786834059996181,8,21,425,-5.300177918862462,optimal,16.77691047299595,0.4889103530003922,-3.325100974545758,-5.3001784759849535,-5.3001784759849535,-5.3001784759849535,10,0,True,ok,True,-5.737437280828317e-07,-5.3001784759849535,-5.3001784759849535,0.0005300178475984953,0.87,True,False,False,False,-5.737437280828317e-07,-1.0824990003452889e-07,0.3726435836808607,-1.662123683132677e-08
stress|10|5|19,stress,10,2,19,4.0,0.5,0.05,-4.989744853063538,optimal,False,0.4458844839973608,8,21,425,-4.9897449260819755,optimal,12.578601649998745,0.6553011119976873,-3.116267530013164,-4.989744909291018,-4.989744909291018,-4.989744909291018,10,0,True,ok,True,-5.6227480449422274e-08,-4.989744909291018,-4.989744909291018,0.0004989744909291019,0.87,True,False,False,False,-5.6227480449422274e-08,-1.1268608336736991e-08,0.37546556253595187,-7.30184375186127e-08
stress|15|0|0,stress,15,3,0,1.0,0.3,0.05,-0.9287542958269156,optimal,False,0.6489741939949454,8,21,650,,,,0.6631378189995303,-0.6988279494621688,-0.6988279494621688,-0.9287544569203876,-0.9287544569203894,10,0,True,ok,True,-1.6109347378279182e-07,-0.9287544569203894,-0.9287544569203894,9.287544569203895e-05,0.86,True,True,False,False,-1.6109347378279182e-07,-1.7345112104096638e-07,0.24756436509669355,
stress|15|1|0,stress,15,3,0,1.0,0.5,0.05,-0.6969605127393517,optimal,False,0.4625459340022644,10,21,650,,,,0.7152043960013543,-0.4055657948909075,-0.6969605401912853,-0.6969605401912853,-0.6969605401912853,14,0,True,ok,True,-2.7451933615196822e-08,-0.6969605401912853,-0.6969605401912853,6.969605401912853e-05,0.85,True,False,False,False,-2.7451933615196822e-08,-3.938807595755896e-08,0.4180936057303942,
stress|15|2|0,stress,15,3,0,2.0,0.3,0.05,-2.324792760959867,optimal,False,0.4686549420002848,10,21,650,,,,0.45980326699645957,-1.9549346433272097,-1.9549346433272097,-2.3247928444294663,-2.3247928444294663,10,0,True,ok,True,-8.346959923244412e-08,-2.3247928444294663,-2.3247928444294663,0.00023247928444294664,0.87,True,True,False,False,-8.346959923244412e-08,-3.5904103210464644e-08,0.159092971224722,
stress|15|3|0,stress,15,3,0,2.0,0.5,0.05,-2.0929982600371035,optimal,False,0.49903687000187347,11,21,650,,,,0.36975653199624503,-1.6616724887559484,-1.6616724887559484,-2.0929989277003624,-2.0929989277003624,10,0,True,ok,True,-6.67663258901996e-07,-2.0929989277003624,-2.0929989277003624,0.00020929989277003626,0.87,True,True,False,False,-6.67663258901996e-07,-3.1899847775800827e-07,0.20608058285931596,
stress|15|4|0,stress,15,3,0,4.0,0.3,0.05,-5.1168690118490865,optimal,False,0.42215597899485147,8,21,650,,,,0.8597626210030285,-4.467148031057292,-4.467148031057292,-5.116869619447621,-5.116869619447621,10,0,True,ok,True,-6.075954948059348e-07,-5.116869619444581,-5.116869619447621,0.000511686961944762,0.88,True,True,False,False,-6.07598534152487e-07,-1.1874420329023015e-07,0.12697638140337608,
stress|15|5|0,stress,15,3,0,4.0,0.5,0.05,-4.88507546535262,optimal,False,0.4604581059975317,8,21,650,,,,1.5427136609941954,-4.173885876486031,-4.173885876486031,-4.885075702718517,-4.885075702718517,10,0,True,ok,True,-2.3736589671585762e-07,-4.885075702718517,-4.885075702718517,0.0004885075702718517,0.86,True,True,False,False,-2.3736589671585762e-07,-4.859001634659984e-08,0.14558419756662377,
stress|15|0|1,stress,15,3,1,1.0,0.3,0.05,-0.805760775325743,optimal,False,0.6684748400002718,8,21,650,,,,0.7203128980036126,-0.41547598631105775,-0.6742048767125071,-0.8057608269054592,-0.8057608269054592,10,0,True,ok,True,-5.157971627589575e-08,-0.8057608269054592,-0.8057608269054592,8.057608269054593e-05,0.76,True,True,False,False,-5.157971627589575e-08,-6.401368477516636e-08,0.4843680997664013,
stress|15|1|1,stress,15,3,1,1.0,0.5,0.05,-0.5229494774484872,optimal,False,0.7109583170022233,8,21,650,,,,0.9645385819967487,-0.14565269144380694,-0.36702559552940484,-0.5229496293415457,-0.5229496293415457,19,0,True,ok,True,-1.51893058464303e-07,-0.5229496293415457,-0.5229496293415457,5.2294962934154564e-05,0.75,True,True,False,False,-1.51893058464303e-07,-2.9045455634720497e-07,0.7214785454056051,
stress|15|2|1,stress,15,3,1,2.0,0.3,0.05,-2.137453266294145,optimal,False,0.7979420389965526,12,21,650,,,,0.6758893559963326,-1.3797874896766948,-1.9169697067995985,-2.1374534159120095,-2.1374534159120095,10,0,True,ok,True,-1.4961786476419547e-07,-2.1374534159120095,-2.1374534159120095,0.00021374534159120096,0.77,True,True,False,False,-1.4961786476419547e-07,-6.999819229900574e-08,0.3544713164717246,
stress|15|3|1,stress,15,3,1,2.0,0.5,0.05,-1.8546420213390886,optimal,False,0.41480217200296465,8,21,650,,,,0.4020614059991203,-1.0768096672650331,-1.6097904256164963,-1.8546422183480957,-1.8546422183480957,10,0,True,ok,True,-1.970090071079511e-07,-1.8546422183480957,-1.8546422183480957,0.0001854642218348096,0.77,True,True,False,False,-1.970090071079511e-07,-1.0622481580877083e-07,0.419397630113191,
stress|15|4|1,stress,15,3,1,4.0,0.3,0.05,-4.800838646444198,optimal,False,0.42470571900048526,9,21,650,,,,0.7960276649973821,-3.3084104964079692,-4.402499366973782,-4.80083859392511,-4.80083859392511,10,0,True,ok,True,5.2519088633573574e-08,-4.80083859392511,-4.80083859392511,0.000480083859392511,0.77,True,True,False,False,5.2519088633573574e-08,1.0939565459562466e-08,0.31086820944274834,
stress|15|5|1,stress,15,3,1,4.0,0.5,0.05,-4.518027802781426,optimal,False,0.4483653030038113,8,21,650,,,,0.527835551998578,-3.0054326739963075,-4.0953200857906795,-4.518027396361196,-4.518027396361196,10,0,True,ok,True,4.0642022991477234e-07,-4.518027396361196,-4.518027396361196,0.00045180273963611967,0.76,True,True,False,False,4.0642022991477234e-07,8.995522994891012e-08,0.3347909584574736,
stress|15|0|2,stress,15,3,2,1.0,0.3,0.05,-0.9043617843074059,optimal,False,0.6478131360054249,8,21,650,,,,0.6533821060002083,-0.8420637656419877,-0.9043618735589816,-0.9043618735589816,-0.9043618735589816,13,0,True,ok,True,-8.92515756856227e-08,-0.9043618735589816,-0.9043618735589816,9.043618735589816e-05,0.85,True,False,False,False,-8.92515756856227e-08,-9.869012295115377e-08,0.06888626084139188,
stress|15|1|2,stress,15,3,2,1.0,0.5,0.05,-0.6213066967234745,optimal,False,0.7199984899998526,9,21,650,,,,1.0070899100028328,-0.4718936648410851,-0.6170124209536209,-0.6213067123055563,-0.6213067123055563,24,0,True,ok,True,-1.5582079515574776e-08,-0.621306712305554,-0.6213067123055563,6.213067123055564e-05,0.89,True,True,False,False,-1.5582081847043128e-08,-2.5079533069926428e-08,0.24048194636434328,
stress|15|2|2,stress,15,3,2,2.0,0.3,0.05,-2.3622075124942827,optimal,False,0.7427997140039224,10,21,650,,,,0.68933336900227,-2.3103543388366714,-2.3622075439723,-2.3622075439723,-2.3622075439723,14,0,True,ok,True,-3.147801708180964e-08,-2.3622075439723,-2.3622075439723,0.00023622075439723,0.88,True,False,False,False,-3.147801708180964e-08,-1.3325678169811436e-08,0.02195116397284542,
stress|15|3|2,stress,15,3,2,2.0,0.5,0.05,-2.074857918950325,optimal,False,0.6650076680016355,8,21,650,,,,0.6584468370056129,-1.9401842380357712,-2.0748580913669397,-2.0748580913669397,-2.0748580913669397,14,0,True,ok,True,-1.7241661476319337e-07,-2.0748580913669397,-2.0748580913669397,0.00020748580913669396,0.88,True,False,False,False,-1.7241661476319337e-07,-8.309803441886724e-08,0.06490750085103111,
stress|15|4|2,stress,15,3,2,4.0,0.3,0.05,-5.277898913659151,optimal,False,0.6678772669984028,9,21,650,,,,1.143600397001137,-5.2469354852260395,-5.277898884798936,-5.277898884798936,-5.277898884798936,14,0,True,ok,True,2.8860215550707835e-08,-5.277898884798936,-5.277898884798936,0.0005277898884798936,0.89,True,False,False,False,2.8860215550707835e-08,5.4681258627401665e-09,0.005866614773934981,
stress|15|5|2,stress,15,3,2,4.0,0.5,0.05,-4.990548575623541,optimal,False,0.6916028859996004,9,21,650,,,,0.8122513869966497,-4.876765384424888,-4.990549432193576,-4.990549432193576,-4.990549432193576,14,0,True,ok,True,-8.565700344576044e-07,-4.990549432193576,-4.990549432193576,0.0004990549432193576,0.88,True,False,False,False,-8.565700344576044e-07,-1.716384524622287e-07,0.022799903961410968,
stress|15|0|3,stress,15,3,3,1.0,0.3,0.05,-0.9314710452257685,optimal,False,0.504921503001242,9,21,650,,,,0.5393599810049636,-0.8881515646790825,-0.8881515646790825,-0.9314712978056245,-0.9314712978056245,14,0,True,ok,True,-2.5257985603044375e-07,-0.9314712978056245,-0.9314712978056245,9.314712978056246e-05,0.86,True,True,False,False,-2.5257985603044375e-07,-2.71162326864625e-07,0.04650678257998434,
stress|15|1|3,stress,15,3,3,1.0,0.5,0.05,-0.6911954532216297,optimal,False,0.4605402259985567,8,21,650,,,,0.5712715530025889,-0.6707056909229215,-0.6707056909229215,-0.69119555559701,-0.69119555559701,23,0,True,ok,True,-1.0237538028423643e-07,-0.69119555559701,-0.69119555559701,6.9119555559701e-05,0.85,True,True,False,False,-1.0237538028423643e-07,-1.4811350365091316e-07,0.029644092049160534,
stress|15|2|3,stress,15,3,3,2.0,0.3,0.05,-2.31337946535268,optimal,False,0.7860504559939727,11,21,650,,,,0.5932211549952626,-2.2161736810426698,-2.262389153467283,-2.313379748475007,-2.313379748475007,15,0,True,ok,True,-2.8312232691618533e-07,-2.3133797484750067,-2.313379748475007,0.00023133797484750074,0.88,True,True,False,False,-2.8312232736027454e-07,-1.2238473263923086e-07,0.042019070797354466,
stress|15|3|3,stress,15,3,3,2.0,0.5,0.05,-2.073103572234181,optimal,False,0.6738636750014848,8,21,650,,,,0.6062817439960781,-1.9987278072865085,-2.006793652142563,-2.0731040062663926,-2.0731040062663926,15,0,False,ok,True,-4.340322115048423e-07,-2.0731040062663926,-2.0731040062663926,0.00020731040062663928,0.87,True,True,False,False,-4.340322115048423e-07,-2.093634960249894e-07,0.03587673303175645,
stress|15|4|3,stress,15,3,3,4.0,0.3,0.05,-5.181911548921646,optimal,False,0.7370000969967805,10,21,650,,,,1.1613193989978754,-4.872217913769844,-5.0553824742002185,-5.0771966498137715,-5.181911739250652,15,0,True,ok,True,-1.903290058891116e-07,-5.181911739250652,-5.181911739250652,0.0005181911739250652,0.92,True,True,True,False,-1.903290058891116e-07,-3.672949723132943e-08,0.059764396050016995,
stress|15|5|3,stress,15,3,3,4.0,0.5,0.05,-4.840374035881692,optimal,False,0.4901917349998257,10,21,650,,,,0.391653030004818,-4.6547720400136825,-4.799786972875503,-4.836920907605157,-4.840374414887518,15,0,True,ok,True,-3.7900582583461073e-07,-4.840374414887518,-4.840374414887518,0.0004840374414887518,0.92,True,True,True,False,-3.7900582583461073e-07,-7.830093770130999e-08,0.038344631833227394,
stress|15|0|4,stress,15,3,4,1.0,0.3,0.05,-0.44772441350461156,optimal,False,0.47556064799573505,8,21,650,,,,0.6983734399982495,-0.44772466863351146,-0.44772466863351146,-0.44772466863351146,-0.44772466863351146,5,0,True,ok,True,-2.551288998953183e-07,-0.44772466863351146,-0.44772466863351146,4.477246686335115e-05,0.56,False,False,False,False,-2.551288998953183e-07,-5.698346844619641e-07,0.0,
stress|15|1|4,stress,15,3,4,1.0,0.5,0.05,-0.15821248363356216,optimal,False,0.9340385449977475,15,21,650,,,,1.7406549019942759,-0.1582129098006969,-0.1582129098006969,-0.1582129098006971,-0.15821290980069816,4,0,True,ok,True,-4.261671334160333e-07,-0.15821290980069558,-0.15821290980069816,1.5821290980069815e-05,0.55,False,False,False,False,-4.2616713599730183e-07,-2.693637860994286e-06,7.894431018787756e-15,
stress|15|2|4,stress,15,3,4,2.0,0.3,0.05,-1.4358957573441609,optimal,False,0.47487407099833945,8,21,650,,,,0.3931439270018018,-0.342998890404721,-1.4358957569375195,-1.4358957569375195,-1.4358957569375195,5,0,True,ok,True,4.066413872294561e-10,-1.4358957569375195,-1.4358957569375195,0.00014358957569375196,0.69,True,False,False,False,4.066413872294561e-10,2.8319701144711353e-10,0.7611254934437096,
stress|15|3|4,stress,15,3,4,2.0,0.5,0.05,-1.1214679862086014,optimal,False,0.5115262359977351,8,21,650,,,,0.4520631580016925,-0.09074039373484831,-1.1214680028829698,-1.1214680028829698,-1.1214680028829698,5,0,True,ok,True,-1.6674368330527045e-08,-1.1214680028829698,-1.1214680028829698,0.00011214680028829698,0.67,True,False,False,False,-1.6674368330527045e-08,-1.4868340902800847e-08,0.9190878442348948,
stress|15|4|4,stress,15,3,4,4.0,0.3,0.05,-3.4122371178207795,optimal,False,0.8262593550025485,12,21,650,,,,0.7743038010012242,-1.3508406720638486,-3.4122379335455353,-3.4122379335455353,-3.4122379335455353,5,0,True,ok,True,-8.157247557427638e-07,-3.4122379335455353,-3.4122379335455353,0.00034122379335455353,0.73,True,False,False,False,-8.157247557427638e-07,-2.390586373621436e-07,0.6041188515068648,
stress|15|5|4,stress,15,3,4,4.0,0.5,0.05,-3.0978101434162832,optimal,False,0.6858357909950428,8,21,650,,,,0.7027815410037874,-0.9817519422450258,-3.0978101794909856,-3.0978101794909856,-3.0978101794909856,5,0,True,ok,True,-3.6074702336463815e-08,-3.0978101794909856,-3.0978101794909856,0.00030978101794909855,0.74,True,False,False,False,-3.6074702336463815e-08,-1.1645227004351022e-08,0.6830819561686824,
stress|15|0|5,stress,15,3,5,1.0,0.3,0.05,-0.8842261570247142,optimal,False,0.6534825950002414,8,21,650,,,,0.7106996969960164,-0.6235763107140906,-0.6235763107140906,-0.884226314864828,-0.884226314864828,9,0,True,ok,True,-1.5784011075936633e-07,-0.884226314864825,-0.884226314864828,8.84226314864828e-05,0.83,True,True,False,False,-1.578401137569685e-07,-1.785064968990245e-07,0.29477747921422476,
stress|15|1|5,stress,15,3,5,1.0,0.5,0.05,-0.5905183627389092,optimal,False,0.5519507920034812,8,21,650,,,,0.5879530500023975,-0.2492229717072234,-0.590518604708917,-0.590518604708917,-0.590518604708917,18,0,True,ok,True,-2.41970007697212e-07,-0.5905186047089169,-0.590518604708917,5.9051860470891704e-05,0.78,True,False,False,False,-2.419700078082343e-07,-4.0975865117206946e-07,0.5779591536661706,
stress|15|2|5,stress,15,3,5,2.0,0.3,0.05,-2.3719225752169195,optimal,False,0.5621053319991915,12,21,650,,,,0.44023929700051667,-1.9054911927305,-1.9054911927305,-2.371922600801205,-2.371922600801205,10,0,True,ok,True,-2.5584285356927694e-08,-2.371922600801205,-2.371922600801205,0.0002371922600801205,0.86,True,True,False,False,-2.5584285356927694e-08,-1.078630711821946e-08,0.19664697655528485,
stress|15|3|5,stress,15,3,5,2.0,0.5,0.05,-2.045569361737006,optimal,False,0.6541710140008945,9,21,650,,,,0.6617533410026226,-1.5201546696817254,-1.5201546696817254,-2.0455693902536556,-2.0455693902536556,10,0,True,ok,True,-2.8516555783397735e-08,-2.045569390253562,-2.0455693902536556,0.00020455693902536557,0.85,True,True,False,False,-2.8516649486221013e-08,-1.3940690557667498e-08,0.25685499747665735,
stress|15|4|5,stress,15,3,5,4.0,0.3,0.05,-5.347315357826797,optimal,False,0.6787473599979421,8,21,650,,,,0.9286108339947532,-4.469320956763319,-4.469320956763319,-5.347315172673958,-5.347315172673958,10,0,True,ok,True,1.8515733124502276e-07,-5.347315172669465,-5.347315172673958,0.0005347315172673958,0.85,True,True,False,False,1.8515283883857592e-07,3.462538235519813e-08,0.1641934667321269,
stress|15|5|5,stress,15,3,5,4.0,0.5,0.05,-5.020962351590373,optimal,False,0.6536013160002767,8,21,650,,,,0.9311649890005356,-4.083984433714543,-4.083984433714544,-5.0209619621264086,-5.0209619621264086,10,0,True,ok,True,3.894639641899289e-07,-5.0209619621264086,-5.0209619621264086,0.0005020961962126409,0.85,True,True,False,False,3.894639641899289e-07,7.756759300666087e-08,0.1866131501253298,
stress|15|0|6,stress,15,3,6,1.0,0.3,0.05,0.011084004441674256,optimal,False,0.7568396289934753,11,21,650,,,,0.7074518779991195,0.011083990038164699,0.011083990038162116,0.011083990038161498,0.01108399003816118,1,0,True,ok,True,-1.440351255627137e-08,0.0110839900381617,0.01108399003816118,1.108399003816118e-06,0.0,False,False,False,False,-1.4403513076688412e-08,-1.2994864042577685e-06,3.175529678968265e-13,
stress|15|1|6,stress,15,3,6,1.0,0.5,0.05,0.011297734590451991,optimal,False,0.7680867449962534,11,21,650,,,,0.8080017239990411,0.011297711858723816,0.011297711858721471,0.011297711858721471,0.011297711858721407,1,0,True,ok,True,-2.2731730164871067e-08,0.011297711858721826,0.011297711858721407,1.1297711858721406e-06,0.0,False,False,False,False,-2.2731730584674148e-08,-2.012060949270779e-06,2.1327601006850943e-13,
stress|15|2|6,stress,15,3,6,2.0,0.3,0.05,0.014744406567538408,optimal,False,0.6795471959994757,9,21,650,,,,0.7940257450027275,0.014743967764298907,0.01474396776429511,0.014743967764295015,0.014743967764294798,1,0,True,ok,True,-4.3880324268608106e-07,0.014743967764295722,0.014743967764294798,1.4743967764294798e-06,0.0,False,False,False,False,-4.388032436106887e-07,-2.976065815878728e-05,2.7872822162166574e-13,
stress|15|3|6,stress,15,3,6,2.0,0.5,0.05,0.014944058959283335,optimal,False,0.5273811330043827,10,21,650,,,,0.5609188719972735,0.014944008965417135,0.014944008965414082,0.014944008965413938,0.014944008965413938,1,0,True,ok,True,-4.9993865334010956e-08,0.014944008965418,0.014944008965413938,1.494400896541394e-06,0.0,False,False,False,False,-4.999386939673334e-08,-3.3454009739219384e-06,2.139382660720117e-13,
stress|15|4|6,stress,15,3,6,4.0,0.3,0.05,0.02169891852633002,optimal,False,0.5199765590004972,10,21,650,,,,0.8389919839974027,0.021698538647005692,0.02169853864700365,0.02169853864700321,0.021698538647003197,1,0,True,ok,True,-3.798793267936751e-07,0.021698538647003225,0.021698538647003197,2.1698538647003198e-06,0.0,False,False,False,False,-3.7987932682143066e-07,-1.7506832258044356e-05,1.149631502395748e-13,
stress|15|5|6,stress,15,3,6,4.0,0.5,0.05,0.02189447701703435,optimal,False,0.5025122160004685,10,21,650,,,,0.6110107519998564,0.0218944341123563,0.02189443411235313,0.021894434112353034,0.021894434112353034,1,0,True,ok,True,-4.290468104406475e-08,0.021894434112353305,0.021894434112353034,2.1894434112353034e-06,0.0,False,False,False,False,-4.2904681314681614e-08,-1.959612064782406e-06,1.4911322051234704e-13,
stress|15|0|7,stress,15,3,7,1.0,0.3,0.05,-0.8055006177349855,optimal,False,0.43157552299817326,8,21,650,,,,0.5220338789949892,-0.700456664692509,-0.8055007930220445,-0.8055007930220445,-0.8055007930220445,9,0,True,ok,True,-1.7528705797964506e-07,-0.8055007930220435,-0.8055007930220445,8.055007930220444e-05,0.84,True,False,False,False,-1.7528705897884578e-07,-2.1761256927616197e-07,0.13040847288980967,
stress|15|1|7,stress,15,3,7,1.0,0.5,0.05,-0.48917247126989455,optimal,False,0.41257117300119717,9,21,650,,,,0.748558551997121,-0.3735806909657451,-0.48917254103816776,-0.48917254103816776,-0.48917254103816776,10,0,True,ok,True,-6.97682732142546e-08,-0.48917254103816776,-0.48917254103816776,4.891725410381678e-05,0.77,True,False,False,False,-6.97682732142546e-08,-1.4262510119004808e-07,0.23630077401135974,
stress|15|2|7,stress,15,3,7,2.0,0.3,0.05,-2.2490779297382724,optimal,False,0.7362121719997958,11,21,650,,,,0.6646562200039625,-1.9871872570830218,-2.2490779976656396,-2.2490779976656396,-2.2490779976656396,10,0,True,ok,True,-6.792714346559592e-08,-2.249077997665416,-2.2490779976656396,0.00022490779976656398,0.88,True,False,False,False,-6.792736728655768e-08,-3.020231819822378e-08,0.11644360082417736,
stress|15|3|7,stress,15,3,7,2.0,0.5,0.05,-1.907198737061195,optimal,False,0.7303112590016099,10,21,650,,,,0.6375543120011571,-1.6603112833562546,-1.9071991189205972,-1.9071991189205972,-1.9071991189205972,10,0,True,ok,True,-3.818594023208277e-07,-1.9071991189205972,-1.9071991189205972,0.00019071991189205972,0.86,True,False,False,False,-3.818594023208277e-07,-2.002200373251271e-07,0.12945047694027453,
stress|15|4|7,stress,15,3,7,4.0,0.3,0.05,-5.136232573780108,optimal,False,0.4953265570002259,8,21,650,,,,0.521617928003252,-4.560648441864041,-5.13623240695283,-5.13623240695283,-5.13623240695283,10,0,True,ok,True,1.66827277325865e-07,-5.13623240695283,-5.13623240695283,0.0005136232406952831,0.88,True,False,False,False,1.66827277325865e-07,3.2480475704604886e-08,0.11206345809228396,
stress|15|5|7,stress,15,3,7,4.0,0.5,0.05,-4.7943537987214375,optimal,False,0.6404699640042963,8,21,650,,,,0.6708224239991978,-4.233772468137273,-4.794353528207788,-4.794353528207788,-4.794353528207788,10,0,True,ok,True,2.705136497027638e-07,-4.794353528207788,-4.794353528207788,0.0004794353528207788,0.87,True,False,False,False,2.705136497027638e-07,5.6423380722320624e-08,0.1169252656843747,
stress|15|0|8,stress,15,3,8,1.0,0.3,0.05,0.010863214567229657,optimal,False,0.7849613009966561,11,21,650,,,,1.0532459520036355,0.010863204134378912,0.010863204134376803,0.010863204134375241,0.010863204134375241,1,0,True,ok,True,-1.0432851266922727e-08,0.01086320413437839,0.010863204134375241,1.0863204134375242e-06,0.0,False,False,False,False,-1.0432854415445836e-08,-9.603837198353736e-07,3.378998341337926e-13,
stress|15|1|8,stress,15,3,8,1.0,0.5,0.05,0.011116204744768389,optimal,False,0.6116395809949609,11,21,650,,,,1.009866461994534,0.011116189795046002,0.011116189795043788,0.011116189795043701,0.011116189795042745,1,0,True,ok,True,-1.494972557726515e-08,0.011116189795042811,0.011116189795042745,1.1116189795042745e-06,0.0,False,False,False,False,-1.494972564318464e-08,-1.3448587882676792e-06,2.9291295168966175e-13,
stress|15|2|8,stress,15,3,8,2.0,0.3,0.05,0.015005040285511913,optimal,False,0.4595650030023535,10,21,650,,,,0.595646083005704,0.015004939356522591,0.015004939356522584,0.015004939356522563,0.015004939356522546,1,0,True,ok,True,-1.0092898861113753e-07,0.015004939356523302,0.015004939356522546,1.5004939356522547e-06,0.0,False,False,False,False,-1.0092898936747696e-07,-6.726339113193101e-06,3.005864222689517e-15,
stress|15|3|8,stress,15,3,8,2.0,0.5,0.05,0.01523523636708693,optimal,False,0.5228168500034371,10,21,650,,,,0.8439411319995997,0.015235159565157556,0.015235159565157554,0.015235159565157554,0.015235159565157537,1,0,True,ok,True,-7.680192925206553e-08,0.015235159565157677,0.015235159565157537,1.5235159565157537e-06,0.0,False,False,False,False,-7.680192939257813e-08,-5.041072389168526e-06,1.2524948067747766e-15,
stress|15|4|8,stress,15,3,8,4.0,0.3,0.05,0.022901815536390202,optimal,False,0.806552723995992,10,21,650,,,,1.0279654569967533,0.022901784280670242,0.022901784280670242,0.022901784280669156,0.022901784280669114,1,0,True,ok,True,-3.1255714027372816e-08,0.022901784280676175,0.022901784280669114,2.2901784280669116e-06,0.0,False,False,False,False,-3.1255721087697363e-08,-1.3647704496629575e-06,4.923503974913787e-14,
stress|15|5|8,stress,15,3,8,4.0,0.5,0.05,0.023121268461280042,optimal,False,0.4617390310013434,10,21,650,,,,0.6335937130061211,0.023121067962209262,0.02312106796220734,0.023121067962206476,0.023121067962206417,1,0,True,ok,True,-2.004990717792421e-07,0.023121067962208263,0.023121067962206417,2.312106796220642e-06,0.0,False,False,False,False,-2.0049907362498787e-07,-8.67162949821516e-06,1.230456354893424e-13,
stress|15|0|9,stress,15,3,9,1.0,0.3,0.05,-1.0224556128303641,optimal,False,0.56686372099648,10,21,650,,,,0.436093141004676,-0.5832851220296373,-0.7341407996400326,-1.022455674354772,-1.022455674354772,12,0,True,ok,True,-6.152440779061408e-08,-1.022455674354772,-1.022455674354772,0.0001022455674354772,0.87,True,True,False,False,-6.152440779061408e-08,-6.017318211037255e-08,0.42952527267480456,
stress|15|1|9,stress,15,3,9,1.0,0.5,0.05,-0.7899342428728451,optimal,False,0.4517076990014175,8,21,650,,,,0.6853974269979517,-0.23272911796220497,-0.40471745693101024,-0.7899344650427556,-0.7899344650427556,15,0,True,ok,True,-2.2216990713808116e-07,-0.7899344650427522,-0.7899344650427556,7.899344650427556e-05,0.85,True,True,False,False,-2.2216991046875023e-07,-2.8125114523553157e-07,0.7053817395477124,
stress|15|2|9,stress,15,3,9,2.0,0.3,0.05,-2.502998794282851,optimal,False,0.62125020899839,9,21,650,,,,0.42312380600196775,-1.8436694251808985,-2.0706384796152397,-2.5029987970452385,-2.5029987970452385,14,0,True,ok,True,-2.762387651955578e-09,-2.5029987970452385,-2.5029987970452385,0.00025029987970452385,0.88,True,True,False,False,-2.762387651955578e-09,-1.1036312355663942e-09,0.2634157765647634,
stress|15|3|9,stress,15,3,9,2.0,0.5,0.05,-2.270477076353871,optimal,False,0.6693872970063239,8,21,650,,,,0.7128065890065045,-1.4834381388417612,-1.7412151369062174,-2.270477587733222,-2.270477587733222,13,0,True,ok,True,-5.113791270439094e-07,-2.270477587732998,-2.270477587733222,0.00022704775877332222,0.88,True,True,False,False,-5.113793513089604e-07,-2.2522991164930754e-07,0.3466404835456746,
stress|15|4|9,stress,15,3,9,4.0,0.3,0.05,-5.464085662050411,optimal,False,0.7010928800009424,8,21,650,,,,1.0593903299959493,-4.364438031483421,-4.743633839565654,-5.464085042426172,-5.464085042426172,14,0,True,ok,True,6.196242390288376e-07,-5.464085042426172,-5.464085042426172,0.0005464085042426172,0.88,True,True,False,False,6.196242390288376e-07,1.1339943722557273e-07,0.20124998099489383,
stress|15|5|9,stress,15,3,9,4.0,0.5,0.05,-5.231563885736416,optimal,False,0.684275143998093,9,21,650,,,,0.8242742369984626,-4.004206745142234,-4.414210496856632,-5.063357418688873,-5.231563833114155,13,0,True,ok,True,5.262226121516278e-08,-5.231563833114155,-5.231563833114155,0.0005231563833114155,0.89,True,True,True,False,5.262226121516278e-08,1.0058610076163766e-08,0.2346061573793932,
stress|15|0|10,stress,15,3,10,1.0,0.3,0.05,0.010992884508108825,optimal,False,0.5161999609990744,10,21,650,,,,0.6755036590038799,0.010992566119515424,0.010992566119514907,0.010992566119514907,0.010992566119514302,1,0,True,ok,True,-3.1838859407273823e-07,0.010992566119514753,0.010992566119514302,1.0992566119514302e-06,0.0,False,False,False,False,-3.1838859452376633e-07,-2.8963152873016103e-05,1.0210228228370984e-13,
stress|15|1|10,stress,15,3,10,1.0,0.5,0.05,0.011184468870000209,optimal,False,0.802978431005613,11,21,650,,,,1.0468307720002485,0.011184458083261023,0.011184458083258221,0.01118445808325689,0.011184458083256618,1,0,True,ok,True,-1.0786740799184624e-08,0.01118445808325941,0.011184458083256618,1.1184458083256618e-06,0.0,False,False,False,False,-1.0786743590354697e-08,-9.644395022894364e-07,3.938020843494145e-13,
stress|15|2|10,stress,15,3,10,2.0,0.3,0.05,0.01444658017959847,optimal,False,0.7569902909963275,10,21,650,,,,0.9004249339996022,0.014446550389369898,0.014446550389369898,0.014446550389369898,0.014446550389369898,1,0,True,ok,True,-2.979022854267266e-08,0.014446550389369928,0.014446550389369898,1.4446550389369898e-06,0.0,False,False,False,False,-2.9790228572162958e-08,-2.06209554107711e-06,0.0,
stress|15|3|10,stress,15,3,10,2.0,0.5,0.05,0.014634553756535352,optimal,False,0.4753620580013376,10,21,650,,,,0.5375576980004553,0.014634348290520212,0.014634348290517562,0.014634348290517225,0.014634348290516876,1,0,True,ok,True,-2.0546601781600005e-07,0.014634348290517536,0.014634348290516876,1.4634348290516877e-06,0.0,False,False,False,False,-2.0546601847519497e-07,-1.4039787061046534e-05,2.2794819270941236e-13,
stress|15|4|10,stress,15,3,10,4.0,0.3,0.05,0.02120458315350782,optimal,False,0.5814388959988719,10,21,650,,,,0.6153220609994605,0.021204242531914747,0.021204242531913577,0.02120424253191354,0.021204242531913473,1,0,True,ok,True,-3.406215942323987e-07,0.021204242531913588,0.021204242531913473,2.1204242531913475e-06,0.0,False,False,False,False,-3.4062159434689043e-07,-1.6063583607421316e-05,6.004869211671268e-14,
stress|15|5|10,stress,15,3,10,4.0,0.5,0.05,0.02139157060439887,optimal,False,0.4603694500037818,10,21,650,,,,0.6039602169985301,0.021391296865156995,0.021391296865154855,0.02139129686515454,0.02139129686515449,1,0,True,ok,True,-2.7373924428239493e-07,0.021391296865154587,0.02139129686515449,2.139129686515449e-06,0.0,False,False,False,False,-2.7373924437953945e-07,-1.279659401555344e-05,1.1710092731174944e-13,
stress|15|0|11,stress,15,3,11,1.0,0.3,0.05,-0.7628689274019523,optimal,False,0.6529434730036883,8,21,650,,,,0.7785393750018557,-0.7628689573306455,-0.7628689573306455,-0.7628689573306463,-0.7628689573306463,5,0,True,ok,True,-2.9928693190406364e-08,-0.7628689573306455,-0.7628689573306463,7.628689573306463e-05,0.74,False,False,False,False,-2.992869396756248e-08,-3.923176432088861e-08,1.0187281967232688e-15,
stress|15|1|11,stress,15,3,11,1.0,0.5,0.05,-0.4006755196501562,optimal,False,0.4869026930027758,10,21,650,,,,0.6818911340014893,-0.4006756425396329,-0.40067564253963295,-0.40067564253963295,-0.40067564253963295,5,0,True,ok,True,-1.22889476761312e-07,-0.40067564253963295,-0.40067564253963295,4.00675642539633e-05,0.66,False,False,False,False,-1.22889476761312e-07,-3.0670572753886016e-07,1.3854386275993038e-16,
stress|15|2|11,stress,15,3,11,2.0,0.3,0.05,-2.1871035504083935,optimal,False,0.5732345709984656,8,21,650,,,,0.755534832002013,-2.187103545976029,-2.187103545976029,-2.187103545976029,-2.187103545976029,5,0,True,ok,True,4.432364697493085e-09,-2.187103545976029,-2.187103545976029,0.0002187103545976029,0.74,False,False,False,False,4.432364697493085e-09,2.0265911491321197e-09,0.0,
stress|15|3|11,stress,15,3,11,2.0,0.5,0.05,-1.8249102349886288,optimal,False,0.6697602470012498,8,21,650,,,,0.5074149730062345,-1.8249102311850154,-1.8249102311850154,-1.8249102311850154,-1.8249102311850154,5,0,True,ok,True,3.80361342422475e-09,-1.8249102311850154,-1.8249102311850154,0.00018249102311850154,0.74,False,False,False,False,3.80361342422475e-09,2.0842742570559644e-09,0.0,
stress|15|4|11,stress,15,3,11,4.0,0.3,0.05,-5.0355720199502,optimal,False,0.8645176050049486,11,21,650,,,,0.8157643130034558,-5.035572723266787,-5.035572723266793,-5.035572723266793,-5.035572723266793,5,0,True,ok,True,-7.033125104527471e-07,-5.03557272326271,-5.035572723266793,0.0005035572723266794,0.76,False,False,False,False,-7.033165934089425e-07,-1.396696523498234e-07,1.2346657033020623e-15,
stress|15|5|11,stress,15,3,11,4.0,0.5,0.05,-4.673379040418192,optimal,False,0.6580527490004897,8,21,650,,,,2.517264181005885,-4.673379408475702,-4.67337940847578,-4.67337940847578,-4.67337940847578,5,0,True,ok,True,-3.680575879627668e-07,-4.67337940847578,-4.67337940847578,0.00046733794084757803,0.76,False,False,False,False,-3.680575879627668e-07,-7.875620290577406e-08,1.672445014668791e-14,
stress|15|0|12,stress,15,3,12,1.0,0.3,0.05,-0.9674510477023306,optimal,False,0.658358225999109,8,21,650,,,,0.5630439810047392,-0.8129374867509727,-0.9674513604552579,-0.9674513604552579,-0.9674513604552579,9,0,True,ok,True,-3.127529273339036e-07,-0.9674513604552579,-0.9674513604552579,9.674513604552579e-05,0.73,True,False,False,False,-3.127529273339036e-07,-3.23275196276528e-07,0.1597122915115598,
stress|15|1|12,stress,15,3,12,1.0,0.5,0.05,-0.757807492267905,optimal,False,0.6491160000005038,8,21,650,,,,0.8906586660014,-0.5575140438659325,-0.7578076104901438,-0.7578076104901438,-0.7578076104901438,10,0,True,ok,True,-1.1822223688895406e-07,-0.7578076104901419,-0.7578076104901438,7.578076104901439e-05,0.65,True,False,False,False,-1.182222387763332e-07,-1.5600563465336987e-07,0.2643066180011877,
stress|15|2|12,stress,15,3,12,2.0,0.3,0.05,-2.341163089507858,optimal,False,0.8458730640049907,11,21,650,,,,0.384159252003883,-2.099216095024241,-2.099216095024241,-2.3411639880504307,-2.3411639880504307,10,0,True,ok,True,-8.985425727914276e-07,-2.3411639880504307,-2.3411639880504307,0.00023411639880504309,0.77,True,True,False,False,-8.985425727914276e-07,-3.838017850265667e-07,0.10334512843231801,
stress|15|3|12,stress,15,3,12,2.0,0.5,0.05,-2.1315196445482956,optimal,False,0.6694814770016819,8,21,650,,,,0.6594031450003968,-1.8437926521392067,-1.8437926521392067,-2.131520238085317,-2.131520238085317,10,0,True,ok,True,-5.93537021309487e-07,-2.131520238085317,-2.131520238085317,0.0002131520238085317,0.77,True,True,False,False,-5.93537021309487e-07,-2.7845721376650385e-07,0.13498702982269947,
stress|15|4|12,stress,15,3,12,4.0,0.3,0.05,-5.088589426625304,optimal,False,0.4686668840004131,8,21,650,,,,0.7242420640031924,-4.671773311570793,-4.671773311570793,-5.088589243240777,-5.088589243240777,10,0,True,ok,True,1.833845271193013e-07,-5.088589243240777,-5.088589243240777,0.0005088589243240777,0.8,True,True,False,False,1.833845271193013e-07,3.603838151291367e-08,0.08191188397130782,
stress|15|5|12,stress,15,3,12,4.0,0.5,0.05,-4.878945740645123,optimal,False,0.6521896980048041,8,21,650,,,,0.821604787997785,-4.416349868685754,-4.87894549327566,-4.878945493275663,-4.878945493275663,10,0,True,ok,True,2.4736946002690274e-07,-4.878945493275663,-4.878945493275663,0.0004878945493275663,0.78,True,False,False,False,2.4736946002690274e-07,5.070141648966035e-08,0.09481467362721613,
stress|15|0|13,stress,15,3,13,1.0,0.3,0.05,-0.8432597631842352,optimal,False,0.4723261460021604,8,21,650,,,,0.4616285419979249,-0.4360829013314329,-0.7237075604129876,-0.8432598036257375,-0.8432598036257375,13,0,True,ok,True,-4.044150225812615e-08,-0.8432598036257375,-0.8432598036257375,8.432598036257376e-05,0.7,True,True,False,False,-4.044150225812615e-08,-4.795853427823343e-08,0.4828605615298855,
stress|15|1|13,stress,15,3,13,1.0,0.5,0.05,-0.5621958890361802,optimal,False,0.4242031199974008,9,21,650,,,,0.5538067509987741,-0.14242254364172552,-0.34875026006597865,-0.5621959050861112,-0.5621959050861112,16,0,True,ok,True,-1.6049930939843193e-08,-0.5621959050861112,-0.5621959050861112,5.621959050861112e-05,0.61,True,True,False,False,-1.6049930939843193e-08,-2.8548645148151015e-08,0.7466674119230542,
stress|15|2|13,stress,15,3,13,2.0,0.3,0.05,-2.2580455709229774,optimal,False,0.552608865997172,11,21,650,,,,0.44414256700110855,-1.4779952430413115,-2.1214320119429613,-2.2580456488270935,-2.2580456488270935,10,0,True,ok,True,-7.790411604702285e-08,-2.2580456488270935,-2.2580456488270935,0.00022580456488270937,0.77,True,True,False,False,-7.790411604702285e-08,-3.450068371081612e-08,0.34545378043662095,
stress|15|3|13,stress,15,3,13,2.0,0.5,0.05,-1.976981599290611,optimal,False,0.42490625299979,8,21,650,,,,0.5225399100017967,-1.1355903681913524,-1.7464747115959522,-1.976981750287467,-1.976981750287467,10,0,True,ok,True,-1.509967113566546e-07,-1.9769817502873224,-1.976981750287467,0.0001976981750287467,0.72,True,True,False,False,-1.509968559076924e-07,-7.637747157680868e-08,0.4255939044322338,
stress|15|4|13,stress,15,3,13,4.0,0.3,0.05,-5.087617404271161,optimal,False,0.7637338259955868,9,21,650,,,,0.6884265740009141,-3.5618199264605597,-4.916880915002908,-5.087617339229805,-5.087617339229805,10,0,True,ok,True,6.50413563008101e-08,-5.087617339229805,-5.087617339229805,0.0005087617339229805,0.79,True,True,False,False,6.50413563008101e-08,1.2784246756882016e-08,0.29990412230968416,
stress|15|5|13,stress,15,3,13,4.0,0.5,0.05,-4.806553525040943,optimal,False,0.44874689699645387,9,21,650,,,,0.4584359709988348,-3.2194150516111177,-4.541923614655899,-4.806553440690179,-4.806553440690179,10,0,True,ok,True,8.43507645953423e-08,-4.806553440690179,-4.806553440690179,0.0004806553440690179,0.78,True,True,False,False,8.43507645953423e-08,1.7549115838593264e-08,0.3302030048481395,
stress|15|0|14,stress,15,3,14,1.0,0.3,0.05,-0.8329749677367366,optimal,False,0.6536252599980799,8,21,650,,,,0.4921215140057029,-0.7911349879281586,-0.832975196195194,-0.832975196195194,-0.832975196195194,11,0,True,ok,True,-2.2845845737418102e-07,-0.832975196195194,-0.832975196195194,8.329751961951941e-05,0.77,True,False,False,False,-2.2845845737418102e-07,-2.742680947482995e-07,0.050229836924496875,
stress|15|1|14,stress,15,3,14,1.0,0.5,0.05,-0.602940621684259,optimal,False,0.6564587440007017,8,21,650,,,,0.696143959001347,-0.4023991977790866,-0.6029406693559874,-0.6029406693559874,-0.6029406693559874,9,0,True,ok,True,-4.7671728342635333e-08,-0.6029406693559873,-0.6029406693559874,6.029406693559875e-05,0.77,True,False,False,False,-4.7671728453657636e-08,-7.906537847871497e-08,0.3326056472374024,
stress|15|2|14,stress,15,3,14,2.0,0.3,0.05,-2.267273246560634,optimal,False,0.723171067002113,8,21,650,,,,0.6128975590036134,-1.4805356265529408,-2.2672733310588855,-2.2672733310588855,-2.2672733310588855,10,0,True,ok,True,-8.449825150691481e-08,-2.2672733310588855,-2.2672733310588855,0.00022672733310588858,0.85,True,False,False,False,-8.449825150691481e-08,-3.7268666948324556e-08,0.34699729129637596,
stress|15|3|14,stress,15,3,14,2.0,0.5,0.05,-1.8785374816973945,optimal,False,0.4599586280019139,10,21,650,,,,0.40137513099762145,-1.2454550980198322,-1.8785375409098135,-1.8785375409098137,-1.8785375409098137,9,0,True,ok,True,-5.921241896800211e-08,-1.8785375409098135,-1.8785375409098137,0.00018785375409098137,0.81,True,False,False,False,-5.921241919004672e-08,-3.152048855397019e-08,0.3370081401638462,
stress|15|4|14,stress,15,3,14,4.0,0.3,0.05,-5.219550235178145,optimal,False,0.39687821400002576,8,21,650,,,,0.3762958500010427,-3.421600522212491,-5.21955001732034,-5.21955001732034,-5.21955001732034,10,0,True,ok,True,2.1785780557337375e-07,-5.21955001732034,-5.21955001732034,0.000521955001732034,0.85,True,False,False,False,2.1785780557337375e-07,4.1738808088306135e-08,0.3444644632471396,
stress|15|5|14,stress,15,3,14,4.0,0.5,0.05,-4.830814511093364,optimal,False,0.6377581790002296,8,21,650,,,,0.7031027549965074,-3.186519993679381,-4.830814227171268,-4.830814227171268,-4.830814227171268,10,0,True,ok,True,2.839220965000777e-07,-4.830814227171268,-4.830814227171268,0.0004830814227171268,0.86,True,False,False,False,2.839220965000777e-07,5.877313149740814e-08,0.34037620909606364,
stress|15|0|15,stress,15,3,15,1.0,0.3,0.05,-0.9986385669270017,optimal,False,0.6643586860009236,8,21,650,,,,0.7417993440030841,-0.9986385830048963,-0.9986385830048963,-0.9986385830048963,-0.9986385830048963,5,0,True,ok,True,-1.6077894571253637e-08,-0.9986385830048963,-0.9986385830048963,9.986385830048963e-05,0.68,False,False,False,False,-1.6077894571253637e-08,-1.6099813389671438e-08,0.0,
stress|15|1|15,stress,15,3,15,1.0,0.5,0.05,-0.7721116470000505,optimal,False,0.6593882549932459,8,21,650,,,,1.2652619069995126,-0.772111719456004,-0.772111719456004,-0.772111719456004,-0.772111719456004,5,0,True,ok,True,-7.24559534592828e-08,-0.772111719456004,-0.772111719456004,7.721117194560041e-05,0.63,False,False,False,False,-7.24559534592828e-08,-9.384129062267345e-08,0.0,
stress|15|2|15,stress,15,3,15,2.0,0.3,0.05,-2.457509564080145,optimal,False,0.519852291996358,8,21,650,,,,0.6404043529983028,-2.4575095564348546,-2.4575095564348546,-2.4575095564348546,-2.4575095564348546,5,0,True,ok,True,7.645290622804168e-09,-2.4575095564348546,-2.4575095564348546,0.00024575095564348544,0.75,False,False,False,False,7.645290622804168e-09,3.110991197979662e-09,0.0,
stress|15|3|15,stress,15,3,15,2.0,0.5,0.05,-2.2309826435649014,optimal,False,0.6783420799984015,7,21,650,,,,0.6428974349983037,-2.2309826928859624,-2.2309826928859624,-2.2309826928859624,-2.2309826928859624,5,0,True,ok,True,-4.932106101307454e-08,-2.2309826928859624,-2.2309826928859624,0.00022309826928859625,0.72,False,False,False,False,-4.932106101307454e-08,-2.210732618442253e-08,0.0,
stress|15|4|15,stress,15,3,15,4.0,0.3,0.05,-5.375250261680758,optimal,False,0.40121336699667154,8,21,650,,,,0.40880731100332923,-5.375251503294771,-5.375251503294771,-5.375251503294771,-5.375251503294771,5,0,True,ok,True,-1.2416140124926756e-06,-5.375251503294771,-5.375251503294771,0.0005375251503294771,0.76,False,False,False,False,-1.2416140124926756e-06,-2.3098720097628384e-07,0.0,
stress|15|5|15,stress,15,3,15,4.0,0.5,0.05,-5.14872403511034,optimal,False,0.3876122649962781,8,21,650,,,,0.4067822069991962,-5.148724639745879,-5.148724639745879,-5.148724639745879,-5.148724639745879,5,0,True,ok,True,-6.046355389699443e-07,-5.148724639745879,-5.148724639745879,0.0005148724639745879,0.75,False,False,False,False,-6.046355389699443e-07,-1.1743405450492096e-07,0.0,
stress|15|0|16,stress,15,3,16,1.0,0.3,0.05,-0.8347133927342595,optimal,False,0.6011153710060171,8,21,650,,,,0.699971864996769,-0.5116027731349079,-0.834713469704616,-0.834713469704616,-0.834713469704616,11,0,True,ok,True,-7.697035653286832e-08,-0.834713469704616,-0.834713469704616,8.34713469704616e-05,0.82,True,False,False,False,-7.697035653286832e-08,-9.221171866038659e-08,0.38709174860212675,
stress|15|1|16,stress,15,3,16,1.0,0.5,0.05,-0.5485824179776646,optimal,False,0.473207850001927,9,21,650,,,,0.47986354699969525,-0.18975269703904207,-0.5485824337722788,-0.5485824337722788,-0.5485824337722788,14,0,True,ok,True,-1.5794614172115473e-08,-0.5485824337722788,-0.5485824337722788,5.485824337722788e-05,0.79,True,False,False,False,-1.5794614172115473e-08,-2.8791688640591007e-08,0.6541035852456588,
stress|15|2|16,stress,15,3,16,2.0,0.3,0.05,-2.2608969407798347,optimal,False,0.6769914899996365,9,21,650,,,,0.6453679940022994,-1.6554834025236453,-2.2608969558453285,-2.2608969558453285,-2.2608969558453285,10,0,True,ok,True,-1.5065493741417413e-08,-2.2608969558453285,-2.2608969558453285,0.00022608969558453285,0.81,True,False,False,False,-1.5065493741417413e-08,-6.663503085735957e-09,0.26777582753448603,
stress|15|3|16,stress,15,3,16,2.0,0.5,0.05,-1.900739528691046,optimal,False,0.49747809400287224,11,21,650,,,,0.37057326899957843,-1.3136328360846732,-1.8664878506646545,-1.9007396160776509,-1.9007396160776509,10,0,True,ok,True,-8.738660484119976e-08,-1.9007396160776509,-1.9007396160776509,0.0001900739616077651,0.84,True,True,False,False,-8.738660484119976e-08,-4.59750552467223e-08,0.3088833289035801,
stress|15|4|16,stress,15,3,16,4.0,0.3,0.05,-5.198469715166612,optimal,False,0.7017443910008296,9,21,650,,,,0.9920090989980963,-3.9432446613011205,-5.198469742885106,-5.198469742885106,-5.198469742885106,10,0,True,ok,True,-2.7718493278428014e-08,-5.198469742885106,-5.198469742885106,0.0005198469742885106,0.82,True,False,False,False,-2.7718493278428014e-08,-5.332048621454675e-09,0.24146049581262852,
stress|15|5|16,stress,15,3,16,4.0,0.5,0.05,-4.804060204927684,optimal,False,0.509578015000443,8,21,650,,,,0.9630119780049426,-3.6013940948621483,-4.804060637704431,-4.804060637704431,-4.804060637704431,10,0,True,ok,True,-4.327767468836896e-07,-4.804060637704431,-4.804060637704431,0.00048040606377044314,0.82,True,False,False,False,-4.327767468836896e-07,-9.008562100028973e-08,0.25034374741301435,
stress|15|0|17,stress,15,3,17,1.0,0.3,0.05,-1.0217514733373512,optimal,False,0.5888223509973614,8,21,650,,,,0.6062939460025518,-0.40756366871427097,-0.7760346981708194,-1.0217516220939342,-1.0217516220939342,14,0,True,ok,True,-1.4875658305157913e-07,-1.0217516220939342,-1.0217516220939342,0.00010217516220939342,0.82,True,True,False,False,-1.4875658305157913e-07,-1.4558979060308558e-07,0.6011127754521912,
stress|15|1|17,stress,15,3,17,1.0,0.5,0.05,-0.8086111276225288,optimal,False,0.6842113460006658,9,21,650,,,,0.8521324529938283,-0.3013314747385105,-0.3851671250594353,-0.8086111577103171,-0.8086111577103171,33,0,True,ok,True,-3.0087784375076865e-08,-0.8086111577103132,-0.8086111577103171,8.086111577103172e-05,0.77,True,True,False,False,-3.008778826085745e-08,-3.7209218662772175e-08,0.6273468751139076,
stress|15|2|17,stress,15,3,17,2.0,0.3,0.05,-2.457148818681243,optimal,False,0.7857637420020183,11,21,650,,,,0.6127860830019927,-1.4641340161461505,-2.2402729279294853,-2.457148929001883,-2.457148929001883,14,0,True,ok,True,-1.1032064017868493e-07,-2.457148929001883,-2.457148929001883,0.0002457148929001883,0.92,True,True,False,False,-1.1032064017868493e-07,-4.4897826025000085e-08,0.40413297750702665,
stress|15|3|17,stress,15,3,17,2.0,0.5,0.05,-2.24400792014478,optimal,False,0.781523425001069,10,21,650,,,,0.6907389129992225,-1.087361172599503,-1.8494053548181006,-2.244008464618266,-2.244008464618266,14,0,True,ok,True,-5.444734862969369e-07,-2.244008464618266,-2.244008464618266,0.0002244008464618266,0.89,True,True,False,False,-5.444734862969369e-07,-2.4263438707551815e-07,0.5154380254156141,
stress|15|4|17,stress,15,3,17,4.0,0.3,0.05,-5.327942243194797,optimal,False,0.7645406790034031,10,21,650,,,,0.8550665270013269,-2.0624610303391595,-5.168749387446816,-5.327943542817781,-5.327943542817781,14,0,True,ok,True,-1.2996229843409424e-06,-5.327943542817781,-5.327943542817781,0.0005327943542817781,0.92,True,True,False,False,-1.2996229843409424e-06,-2.4392587701206923e-07,0.6128973564069733,
stress|15|5|17,stress,15,3,17,4.0,0.5,0.05,-5.114802559099692,optimal,False,0.6298595650005154,8,21,650,,,,0.6366982800027472,-3.200501867463262,-4.777881814335432,-5.114803078434163,-5.114803078434163,14,0,True,ok,True,-5.193344714271575e-07,-5.114803078434163,-5.114803078434163,0.0005114803078434164,0.92,True,True,False,False,-5.193344714271575e-07,-1.015355852794777e-07,0.3742668450017712,
stress|15|0|18,stress,15,3,18,1.0,0.3,0.05,-0.9024527501016903,optimal,False,0.501736174999678,8,21,650,,,,0.5583501380024245,-0.7513607182061997,-0.8198275010321139,-0.9024529178271853,-0.9024529178271874,9,0,True,ok,True,-1.6772548849797175e-07,-0.9024529178271788,-0.9024529178271874,9.024529178271874e-05,0.91,True,True,False,False,-1.6772549704668904e-07,-1.8585515643648863e-07,0.16742391390873723,
stress|15|1|18,stress,15,3,18,1.0,0.5,0.05,-0.6073197518981599,optimal,False,0.6861292050016345,9,21,650,,,,0.8010193980007898,-0.3536611429974146,-0.5900032077667755,-0.607319776769905,-0.6073197767699052,11,0,True,ok,True,-2.487174477483478e-08,-0.6073197767699047,-0.6073197767699052,6.0731977676990525e-05,0.89,True,True,False,False,-2.4871745329946293e-08,-4.0953295611101715e-08,0.4176689834169423,
stress|15|2|18,stress,15,3,18,2.0,0.3,0.05,-2.3681285586094925,optimal,False,0.4700936310036923,8,21,650,,,,0.677148283997667,-2.190933235306661,-2.284479455559242,-2.3681287531636306,-2.3681287531636315,10,0,True,ok,True,-1.9455413902136343e-07,-2.3681287531636315,-2.3681287531636315,0.00023681287531636316,0.91,True,True,False,False,-1.9455413902136343e-07,-8.215522688329086e-08,0.07482511988431849,
stress|15|3|18,stress,15,3,18,2.0,0.5,0.05,-2.0729955318242497,optimal,False,0.7675171739974758,11,21,650,,,,0.6218013070028974,-1.7932336600978764,-1.927498904775562,-2.0729956121063493,-2.0729956121063493,10,0,True,ok,True,-8.028209963484301e-08,-2.0729956121063493,-2.0729956121063493,0.00020729956121063494,0.91,True,True,False,False,-8.028209963484301e-08,-3.87275796799206e-08,0.13495539998958786,
stress|15|4|18,stress,15,3,18,4.0,0.3,0.05,-5.299479506748867,optimal,False,0.6703750800006674,8,21,650,,,,0.8173676399965188,-5.070078269507584,-5.213783364613497,-5.29948042383652,-5.29948042383652,10,0,True,ok,True,-9.170876529296379e-07,-5.29948042383652,-5.29948042383652,0.000529948042383652,0.92,True,True,False,False,-9.170876529296379e-07,-1.7305240104461773e-07,0.043287668975454344,
stress|15|5|18,stress,15,3,18,4.0,0.5,0.05,-5.004347227112048,optimal,False,0.5079171870020218,8,21,650,,,,0.6282259680010611,-4.672378694298799,-4.856802813829819,-5.0043472827792375,-5.0043472827792375,10,0,True,ok,True,-5.5667189080566004e-08,-5.0043472827792375,-5.0043472827792375,0.0005004347282779238,0.92,True,True,False,False,-5.5667189080566004e-08,-1.1123766308416393e-08,0.06633604139001217,
stress|15|0|19,stress,15,3,19,1.0,0.3,0.05,-0.9544356114377415,optimal,False,0.5385576440021396,8,21,650,,,,0.48320922200218774,-0.5875110044344264,-0.745758793797829,-0.9544356567409455,-0.9544356567409455,11,0,True,ok,True,-4.530320407702959e-08,-0.9544356567409455,-0.9544356567409455,9.544356567409456e-05,0.88,True,True,False,False,-4.530320407702959e-08,-4.746596159460753e-08,0.3844414756668196,
stress|15|1|19,stress,15,3,19,1.0,0.5,0.05,-0.7273036570767374,optimal,False,0.453759515999991,8,21,650,,,,0.5702396489941748,-0.2164845161969473,-0.5395032764647245,-0.7273037013979041,-0.7273037013979041,15,0,True,ok,True,-4.432116673669384e-08,-0.7273037013979041,-0.7273037013979041,7.273037013979042e-05,0.86,True,True,False,False,-4.432116673669384e-08,-6.093901261934331e-08,0.7023464671211542,
stress|15|2|19,stress,15,3,19,2.0,0.3,0.05,-2.355159612340827,optimal,False,0.5095441550001851,8,21,650,,,,0.6222467650004546,-1.869994755668253,-1.9296450138800516,-2.355159616108441,-2.355159616108441,10,0,True,ok,True,-3.767614220606674e-09,-2.355159616108441,-2.355159616108441,0.00023551596161084412,0.88,True,True,False,False,-3.767614220606674e-09,-1.5997277640397325e-09,0.2060008405043275,
stress|15|3|19,stress,15,3,19,2.0,0.5,0.05,-2.1280274723746615,optimal,False,0.8190849450038513,11,21,650,,,,0.6122428460002993,-1.4757208019712535,-1.7233894965469472,-2.1280276607654,-2.1280276607654,10,0,True,ok,True,-1.8839073856469213e-07,-2.1280276607654,-2.1280276607654,0.00021280276607654,0.88,True,True,False,False,-1.8839073856469213e-07,-8.852833951173915e-08,0.30653119356518493,
stress|15|4|19,stress,15,3,19,4.0,0.3,0.05,-5.156607544701761,optimal,False,0.6991047699993942,9,21,650,,,,1.1147660540009383,-4.434962258135907,-4.434962258135907,-5.156607534843433,-5.156607534843433,10,0,True,ok,True,9.858328375855763e-09,-5.156607534843433,-5.156607534843433,0.0005156607534843433,0.88,True,True,False,False,9.858328375855763e-09,1.911785663422236e-09,0.1399457437532982,
stress|15|5|19,stress,15,3,19,4.0,0.5,0.05,-4.929475930550035,optimal,False,0.6601518329989631,8,21,650,,,,0.7592995090017212,-4.040688304438911,-4.0911619367113925,-4.929475579500392,-4.929475579500392,10,0,True,ok,True,3.510496435765731e-07,-4.929475579500392,-4.929475579500392,0.0004929475579500392,0.88,True,True,False,False,3.510496435765731e-07,7.121439449596879e-08,0.18030057370759114,
stress|30|0|0,stress,30,6,0,1.0,0.3,0.05,-0.8743574810745504,optimal_inaccurate,True,1.2700000640033977,9,28,1440,,,,0.7212488320001285,-0.5128128438642997,-0.7258206573557002,-0.7258206573557002,-0.8743585671238503,9,0,True,ok,True,-1.0860492934972044e-06,-0.8743585671238439,-0.8743585671238503,8.743585671238504e-05,0.89,True,True,True,False,-1.086049299936498e-06,-1.2421112913699632e-06,0.4134982338525411,
stress|30|1|0,stress,30,6,0,1.0,0.5,0.05,-0.6705197368375658,optimal,False,1.4881764449964976,9,28,1440,,,,2.1715269619962783,-0.2005964568814017,-0.48120433082757663,-0.48120433082757663,-0.6705199274619836,15,0,True,ok,True,-1.9062441725115065e-07,-0.6705199274619831,-0.6705199274619836,6.705199274619836e-05,0.89,True,True,True,False,-1.9062441780626216e-07,-2.8429352237313954e-07,0.7008344589538319,
stress|30|2|0,stress,30,6,0,2.0,0.3,0.05,-2.2054069008063863,optimal,False,1.9336193580020336,9,28,1440,,,,1.0429308140010107,-1.6011299574179056,-1.9221641461711596,-1.9221641461711596,-2.2054070223600406,10,0,True,ok,True,-1.2155365425314812e-07,-2.2054070223600406,-2.2054070223600406,0.00022054070223600407,0.87,True,True,True,False,-1.2155365425314812e-07,-5.511620291416662e-08,0.27399797806732684,
stress|30|3|0,stress,30,6,0,2.0,0.5,0.05,-2.00156829167555,optimal,False,1.2249843069948838,9,28,1440,,,,0.6798724500040407,-1.2798513145923205,-1.677547819643036,-2.0015683826981743,-2.0015683826981743,8,0,True,ok,True,-9.1022624104653e-08,-2.0015683826981743,-2.0015683826981743,0.00020015683826981744,0.85,True,True,False,False,-9.1022624104653e-08,-4.54756525086917e-08,0.3605757736505397,
stress|30|4|0,stress,30,6,0,4.0,0.3,0.05,-4.8675023632326,optimal,False,2.281357719999505,11,28,1440,,,,1.5733695050003007,-3.777764184525117,-4.314851123802079,-4.867503932832422,-4.867503932832422,10,0,True,ok,True,-1.5695998216713747e-06,-4.867503932832422,-4.867503932832422,0.0004867503932832422,0.86,True,True,False,False,-1.5695998216713747e-06,-3.2246513808140685e-07,0.22388060972211293,
stress|30|5|0,stress,30,6,0,4.0,0.5,0.05,-4.66366522032764,optimal,False,2.2020846319937846,10,28,1440,,,,1.5088686979943304,-3.4564855416995317,-4.0702347972739545,-4.663665293167624,-4.663665293170555,10,0,True,ok,True,-7.284291569931156e-08,-4.663665293170555,-4.663665293170555,0.00046636652931705553,0.86,True,True,False,False,-7.284291569931156e-08,-1.561924200343739e-08,0.25884785369113233,
stress|30|0|1,stress,30,6,1,1.0,0.3,0.05,-0.8870894925841024,optimal,False,1.9064074460038682,9,28,1440,,,,0.9676421309995931,-0.6701902656197508,-0.8203101535690187,-0.8203101535690187,-0.8870895767550786,17,0,True,ok,True,-8.417097618895752e-08,-0.8870895767550786,-0.8870895767550786,8.870895767550787e-05,0.9,True,True,True,False,-8.417097618895752e-08,-9.488442473122576e-08,0.24450666180605196,
stress|30|1|1,stress,30,6,1,1.0,0.5,0.05,-0.6404939192192844,optimal_inaccurate,True,1.4986842690050253,10,28,1440,,,,0.7809634160003043,-0.4664608077451621,-0.6404947219868744,-0.6404947219868744,-0.6404947219868744,25,0,True,ok,True,-8.02767589624942e-07,-0.6404947219868741,-0.6404947219868744,6.404947219868744e-05,0.86,True,False,False,False,-8.027675899580089e-07,-1.2533570825098921e-06,0.27171795218209277,
stress|30|2|1,stress,30,6,1,2.0,0.3,0.05,-2.2604171432774884,optimal,False,1.5668779289990198,12,28,1440,,,,0.7498385099970619,-1.7522044455668309,-2.260417635902386,-2.260417635902386,-2.260417635902386,17,0,True,ok,True,-4.926248977632497e-07,-2.260417635902386,-2.260417635902386,0.00022604176359023863,0.91,True,False,False,False,-4.926248977632497e-07,-2.1793539268993906e-07,0.2248315454027461,
stress|30|3|1,stress,30,6,1,2.0,0.5,0.05,-1.985228966567126,optimal,False,1.2681223940016935,9,28,1440,,,,0.7058735239988891,-1.5484749876922421,-1.948211592051244,-1.948211592051244,-1.9852291673790963,17,0,True,ok,True,-2.0081196550059133e-07,-1.9852291673790916,-1.9852291673790963,0.00019852291673790965,0.92,True,True,True,False,-2.0081197016352803e-07,-1.0115305264297735e-07,0.2200018954302681,
stress|30|4|1,stress,30,6,1,4.0,0.3,0.05,-5.1406313941541475,optimal_inaccurate,True,2.083244002002175,10,28,1440,,,,1.663820935995318,-5.140632600569121,-5.140632600569121,-5.140632600569121,-5.140632600569121,19,0,True,ok,True,-1.2064149732537999e-06,-5.140632600569121,-5.140632600569121,0.0005140632600569121,0.9,False,False,False,False,-1.2064149732537999e-06,-2.3468225607961656e-07,0.0,
stress|30|5|1,stress,30,6,1,4.0,0.5,0.05,-4.828426086345306,optimal,False,2.0869392919994425,9,28,1440,,,,1.9124486810032977,-4.828426556717979,-4.828426556717979,-4.828426556717979,-4.828426556717979,19,0,True,ok,True,-4.703726723676027e-07,-4.828426556717979,-4.828426556717979,0.00048284265567179787,0.9,False,False,False,False,-4.703726723676027e-07,-9.741739108273964e-08,0.0,
stress|30|0|2,stress,30,6,2,1.0,0.3,0.05,-0.9836465922345524,optimal,False,1.6093086049950216,9,28,1440,,,,0.9603419069972006,-0.9836468193484615,-0.9836468193484615,-0.9836468193484615,-0.9836468193484615,19,0,True,ok,True,-2.2711390912366625e-07,-0.9836468193484615,-0.9836468193484615,9.836468193484615e-05,0.82,False,False,False,False,-2.2711390912366625e-07,-2.3088974324379145e-07,0.0,
stress|30|1|2,stress,30,6,2,1.0,0.5,0.05,-0.7483042621981795,optimal,False,1.995881417999044,9,28,1440,,,,1.4134812710035476,-0.7483043870315756,-0.7483043870315756,-0.7483043870315764,-0.7483043870315764,21,0,True,ok,True,-1.2483339695279483e-07,-0.7483043870315764,-0.7483043870315764,7.483043870315765e-05,0.79,False,False,False,False,-1.2483339695279483e-07,-1.6682171044447987e-07,1.0385561420005623e-15,
stress|30|2|2,stress,30,6,2,2.0,0.3,0.05,-2.424762286120116,optimal,False,2.1071632629973465,10,28,1440,,,,1.3107547710023937,-2.424762692982084,-2.424762692982084,-2.424762692982084,-2.424762692982084,15,0,True,ok,True,-4.0686196811634545e-07,-2.424762692982084,-2.424762692982084,0.00024247626929820842,0.84,False,False,False,False,-4.0686196811634545e-07,-1.6779457947086803e-07,0.0,
stress|30|3|2,stress,30,6,2,2.0,0.5,0.05,-2.1894201110225278,optimal,False,2.1379641040039132,10,28,1440,,,,0.6691099410018069,-2.189420260665199,-2.189420260665199,-2.189420260665199,-2.189420260665199,15,0,True,ok,True,-1.496426711433685e-07,-2.189420260665199,-2.189420260665199,0.0002189420260665199,0.83,False,False,False,False,-1.496426711433685e-07,-6.83480846777646e-08,0.0,
stress|30|4|2,stress,30,6,2,4.0,0.3,0.05,-5.306994302980451,optimal,False,1.3410522139965906,9,28,1440,,,,0.9620752429982531,-5.306994440249328,-5.306994440249328,-5.306994440249328,-5.306994440249328,15,0,True,ok,True,-1.3726887715392877e-07,-5.306994440249328,-5.306994440249328,0.0005306994440249329,0.85,False,False,False,False,-1.3726887715392877e-07,-2.5865653761270756e-08,0.0,
stress|30|5|2,stress,30,6,2,4.0,0.5,0.05,-5.071650030727168,optimal_inaccurate,True,1.9924390340020182,9,28,1440,,,,1.2499872260013944,-5.071652007932443,-5.071652007932443,-5.071652007932443,-5.071652007932443,15,1,True,ok,True,-1.977205275061067e-06,-5.071652007932443,-5.071652007932443,0.0005071652007932444,0.85,False,False,False,False,-1.977205275061067e-06,-3.898544385125046e-07,0.0,
stress|30|0|3,stress,30,6,3,1.0,0.3,0.05,-0.8428982263023646,optimal,False,1.4287649160032743,9,28,1440,,,,0.8860421200006385,-0.6991725681099432,-0.6991725681099432,-0.8428982837684318,-0.8428982837684338,14,0,True,ok,True,-5.746605991063802e-08,-0.8428982837684245,-0.8428982837684338,8.428982837684338e-05,0.89,True,True,False,False,-5.746606923651143e-08,-6.817675900043618e-08,0.17051371253945485,
stress|30|1|3,stress,30,6,3,1.0,0.5,0.05,-0.6010235249878751,optimal,False,2.0002584670000942,10,28,1440,,,,1.4341331070027081,-0.3540386433233791,-0.4327243650084752,-0.601023613863961,-0.601023613863961,18,0,True,ok,True,-8.88760858241966e-08,-0.601023613863961,-0.601023613863961,6.01023613863961e-05,0.84,True,True,False,False,-8.88760858241966e-08,-1.478745542048284e-07,0.41094054350497755,
stress|30|2|3,stress,30,6,3,2.0,0.3,0.05,-2.2024083512956905,optimal,False,2.0399126979973516,10,28,1440,,,,0.8619482389985933,-2.0281736465846683,-2.0281736465846683,-2.202408505551185,-2.202408505551185,17,0,True,ok,True,-1.5425549459990862e-07,-2.202408505551185,-2.202408505551185,0.00022024085055511852,0.91,True,True,False,False,-1.5425549459990862e-07,-7.003946135109738e-08,0.07911105434226062,
stress|30|3|3,stress,30,6,3,2.0,0.5,0.05,-1.8997418327453044,optimal,False,1.968315017002169,9,28,1440,,,,1.1378913919979823,-1.6830397217981043,-1.6830397217981043,-1.8936896402320205,-1.8997418844602714,16,0,True,ok,True,-5.171496697542466e-08,-1.8997418844602714,-1.8997418844602714,0.00018997418844602716,0.93,True,True,True,False,-5.171496697542466e-08,-2.7222102542581642e-08,0.11406926616440499,
stress|30|4|3,stress,30,6,3,4.0,0.3,0.05,-4.970891063478467,optimal,False,1.3439629830027116,9,28,1440,,,,0.8989953339987551,-4.686175803534119,-4.686175803534119,-4.97089136772666,-4.97089136772666,19,0,True,ok,True,-3.0424819286167804e-07,-4.97089136772666,-4.97089136772666,0.000497089136772666,0.9,True,True,False,False,-3.0424819286167804e-07,-6.120596669217191e-08,0.05727656131072325,
stress|30|5|3,stress,30,6,3,4.0,0.5,0.05,-4.6621724757782665,optimal,False,1.3864887490053661,9,28,1440,,,,0.832672206001007,-4.341041878747555,-4.341041878747555,-4.662172502407495,-4.662172502407495,19,0,True,ok,True,-2.662922859997252e-08,-4.662172502407495,-4.662172502407495,0.00046621725024074956,0.9,True,True,False,False,-2.662922859997252e-08,-5.711763933728609e-09,0.06888003897198387,
stress|30|0|4,stress,30,6,4,1.0,0.3,0.05,-0.7595168799983115,optimal_inaccurate,True,1.777964239998255,11,28,1440,,,,1.2683174140038318,-0.6866932333224675,-0.6866932333224675,-0.7595180612753262,-0.7595180612753262,12,0,True,ok,True,-1.181277010209314e-06,-0.7595180612753217,-0.7595180612753262,7.595180612753262e-05,0.85,True,True,False,False,-1.181277014650206e-06,-1.555300541382085e-06,0.09588294428519144,
stress|30|1|4,stress,30,6,4,1.0,0.5,0.05,-0.4348041010094306,optimal,False,1.4428332669995143,11,28,1440,,,,1.7195073760012747,-0.29439608659477334,-0.3899726318141309,-0.43480429339394344,-0.43480429339394344,12,0,True,ok,True,-1.9238451282044267e-07,-0.43480429339394344,-0.43480429339394344,4.348042933939435e-05,0.81,True,True,False,False,-1.9238451282044267e-07,-4.4246250753800954e-07,0.3229227699275655,
stress|30|2|4,stress,30,6,4,2.0,0.3,0.05,-2.1201737817670168,optimal,False,1.3828474830006598,9,28,1440,,,,0.677651138001238,-2.0728274646766,-2.0728274646766,-2.1201739234112074,-2.1201739234112074,10,0,True,ok,True,-1.4164419059881084e-07,-2.1201739234112074,-2.1201739234112074,0.00021201739234112075,0.85,True,True,False,False,-1.4164419059881084e-07,-6.680782104604665e-08,0.022331403198483948,
stress|30|3|4,stress,30,6,4,2.0,0.5,0.05,-1.795460121620584,optimal,False,1.3438340549982968,9,28,1440,,,,0.6717534540002816,-1.6769042122685032,-1.6769042122685032,-1.7954601555298249,-1.7954601555298249,10,0,True,ok,True,-3.390923186685768e-08,-1.795460155529816,-1.7954601555298249,0.0001795460155529825,0.85,True,True,False,False,-3.390924074864188e-08,-1.8886100749503344e-08,0.06603095195188938,
stress|30|4|4,stress,30,6,4,4.0,0.3,0.05,-4.845095759325585,optimal,False,2.292793791006261,11,28,1440,,,,1.1932401899975957,-4.845095927381401,-4.845095927381401,-4.8450959273848655,-4.8450959273848655,10,0,True,ok,True,-1.6805927938179366e-07,-4.845095927384865,-4.8450959273848655,0.0004845095927384866,0.84,False,False,False,False,-1.6805928026997208e-07,-3.468647238736209e-08,7.151115410671139e-13,
stress|30|5|4,stress,30,6,4,4.0,0.5,0.05,-4.5167716018814215,optimal,False,1.404575428001408,9,28,1440,,,,0.6314773080011946,-4.449172674976769,-4.516771879801587,-4.5167718798015875,-4.5167718798015875,10,0,True,ok,True,-2.7792016510375106e-07,-4.516771879801587,-4.5167718798015875,0.0004516771879801588,0.85,True,False,False,False,-2.779201659919295e-07,-6.153071053585359e-08,0.01496626498387347,
stress|30|0|5,stress,30,6,5,1.0,0.3,0.05,-0.8618266757527245,optimal,False,1.8898714299939456,8,28,1440,,,,1.414799589998438,-0.5359238239854893,-0.861827341466013,-0.8618273414660131,-0.8618273414660131,5,0,True,ok,True,-6.657132871623617e-07,-0.8618273414660117,-0.8618273414660131,8.618273414660132e-05,0.72,True,False,False,False,-6.657132886056516e-07,-7.724445150461532e-07,0.3781540707749478,
stress|30|1|5,stress,30,6,5,1.0,0.5,0.05,-0.6510347731222754,optimal,False,1.7159150799998315,9,28,1440,,,,1.7925191779941088,-0.25365403129274555,-0.651034921036983,-0.6510349210369837,-0.6510349210369837,5,0,True,ok,True,-1.4791470803743323e-07,-0.6510349210369835,-0.6510349210369837,6.510349210369837e-05,0.7,True,False,False,False,-1.4791470825947783e-07,-2.271993975837861e-07,0.6103833710045546,
stress|30|2|5,stress,30,6,5,2.0,0.3,0.05,-2.139209072604085,optimal,False,2.1901422180017107,11,28,1440,,,,1.0712111670000013,-1.6244238889585605,-2.1392093360945275,-2.1392093360945275,-2.1392093360945275,5,0,True,ok,True,-2.634904423537421e-07,-2.1392093360945275,-2.1392093360945275,0.00021392093360945275,0.76,True,False,False,False,-2.634904423537421e-07,-1.231718983095897e-07,0.24064285736326818,
stress|30|3|5,stress,30,6,5,2.0,0.5,0.05,-1.9284166607722557,optimal,False,2.0836221019999357,10,28,1440,,,,1.1044335439946735,-1.3421471658026767,-1.928416915665498,-1.928416915665498,-1.928416915665498,5,0,True,ok,True,-2.548932422907768e-07,-1.928416915665498,-1.928416915665498,0.00019284169156654981,0.74,True,False,False,False,-2.548932422907768e-07,-1.3217747361127962e-07,0.3040160792514617,
stress|30|4|5,stress,30,6,5,4.0,0.3,0.05,-4.693973095991066,optimal,False,1.8303213480030536,9,28,1440,,,,1.0670324390011956,-2.7555777731352293,-4.693973325351556,-4.693973325351556,-4.693973325351556,5,0,True,ok,True,-2.2936048971189393e-07,-4.693973325351556,-4.693973325351556,0.00046939733253515564,0.78,True,False,False,False,-2.2936048971189393e-07,-4.886276189094085e-08,0.4129541047341061,
stress|30|5|5,stress,30,6,5,4.0,0.5,0.05,-4.483180343743867,optimal,False,2.1579800979961874,11,28,1440,,,,1.0896114690040122,-2.395297467053015,-4.483180904922524,-4.483180904922527,-4.483180904922527,5,0,True,ok,True,-5.611786590975498e-07,-4.483180904922526,-4.483180904922527,0.00044831809049225276,0.77,True,False,False,False,-5.611786599857282e-07,-1.2517423278963892e-07,0.46571474186487066,
stress|30|0|6,stress,30,6,6,1.0,0.3,0.05,-1.01360773817097,optimal,False,1.9202798340047593,9,28,1440,,,,1.115625631005969,-0.654865239452323,-0.8019565424945062,-1.0136078085090685,-1.0136078085090685,20,0,True,ok,True,-7.033809845680139e-08,-1.0136078085090685,-1.0136078085090685,0.00010136078085090686,0.78,True,True,False,False,-7.033809845680139e-08,-6.939380571790497e-08,0.35392640629359945,
stress|30|1|6,stress,30,6,6,1.0,0.5,0.05,-0.788475718675159,optimal_inaccurate,True,1.3151260780068696,10,28,1440,,,,1.2153269490008825,-0.3455236741970259,-0.49194830535148504,-0.7884761401757437,-0.7884761401757437,33,0,True,ok,True,-4.215005817709283e-07,-0.7884761401757407,-0.7884761401757437,7.884761401757437e-05,0.74,True,True,False,False,-4.2150058476853047e-07,-5.34576493334201e-07,0.5617829676875041,
stress|30|2|6,stress,30,6,6,2.0,0.3,0.05,-2.4438505449673613,optimal,False,1.4595809599995846,9,28,1440,,,,0.6283362789981766,-0.9271577090841127,-2.244860243750664,-2.443851062676373,-2.443851062676373,21,0,True,ok,True,-5.177090107721938e-07,-2.443851062676372,-2.443851062676373,0.00024438510626763733,0.9,True,True,False,False,-5.177090116603722e-07,-2.1184151900225406e-07,0.6206161155873633,
stress|30|3|6,stress,30,6,6,2.0,0.5,0.05,-2.2187193512498213,optimal,False,1.9346236409983248,9,28,1440,,,,1.0955848739977228,-0.5699565373217192,-1.9348520066076433,-2.218719394343048,-2.218719394343048,21,0,True,ok,True,-4.309322676476768e-08,-2.218719394343048,-2.218719394343048,0.00022187193943430482,0.89,True,True,False,False,-4.309322676476768e-08,-1.9422567680988105e-08,0.7431146368599348,
stress|30|4|6,stress,30,6,6,4.0,0.3,0.05,-5.304337343960761,optimal,False,2.118724715001008,9,28,1440,,,,1.6893431390053593,-2.496581884609857,-5.130667646262792,-5.304337571010981,-5.304337571010982,23,0,True,ok,True,-2.270502204027025e-07,-5.304337571010981,-5.304337571010982,0.0005304337571010983,0.93,True,True,False,False,-2.2705022129088093e-07,-4.28046345033821e-08,0.5293320134348048,
stress|30|5|6,stress,30,6,6,4.0,0.5,0.05,-5.079205543900563,optimal,False,1.9751669730030699,9,28,1440,,,,1.3609550230030436,-2.1393807128474642,-4.820659409119959,-5.079205902677657,-5.079205902677657,22,0,True,ok,True,-3.587770942559132e-07,-5.079205902677657,-5.079205902677657,0.0005079205902677657,0.93,True,True,False,False,-3.587770942559132e-07,-7.063645902000478e-08,0.5787962225119433,
stress|30|0|7,stress,30,6,7,1.0,0.3,0.05,-1.023158506946016,optimal,False,1.3586626879987307,9,28,1440,,,,0.6596214590026648,-0.549930201049178,-0.841746759223875,-1.0231585450911531,-1.0231585450911536,16,0,True,ok,True,-3.814513749311743e-08,-1.0231585450911536,-1.0231585450911536,0.00010231585450911536,0.93,True,True,False,False,-3.814513749311743e-08,-3.728174787597211e-08,0.4625171204525448,
stress|30|1|7,stress,30,6,7,1.0,0.5,0.05,-0.7892535977261377,optimal,False,1.9296549179998692,9,28,1440,,,,1.5690291700011585,-0.33607978704721087,-0.6350119183233086,-0.7892538003779119,-0.7892538003779119,25,0,True,ok,True,-2.026517714748266e-07,-0.7892538003779092,-0.7892538003779119,7.89253800377912e-05,0.92,True,True,False,False,-2.0265177425038416e-07,-2.5676382703129865e-07,0.574180337318251,
stress|30|2|7,stress,30,6,7,2.0,0.3,0.05,-2.511792817313406,optimal,False,2.0436587129952386,9,28,1440,,,,1.1830716100012069,-1.5010088039997205,-2.1028315034455645,-2.5117928796530924,-2.5117928796530924,17,0,True,ok,True,-6.233968630198206e-08,-2.5117928796530924,-2.5117928796530924,0.00025117928796530923,0.92,True,True,False,False,-6.233968630198206e-08,-2.4818801085935144e-08,0.40241537582229825,
stress|30|3|7,stress,30,6,7,2.0,0.5,0.05,-2.277888073042277,optimal,False,1.8069379459993797,9,28,1440,,,,1.130049928004155,-1.2871583899977534,-1.8960966625449718,-2.277888134939845,-2.2778881349398503,16,0,True,ok,True,-6.189755152874454e-08,-2.2778881349398286,-2.2778881349398503,0.00022778881349398505,0.93,True,True,False,False,-6.189757328911583e-08,-2.717322858029953e-08,0.434933449867703,
stress|30|4|7,stress,30,6,7,4.0,0.3,0.05,-5.48906121721156,optimal,False,2.1678798909997568,9,28,1440,,,,1.2310905319973244,-3.403166009900805,-4.632989287713295,-5.489061548776969,-5.489061548776969,20,0,True,ok,True,-3.3156540890644237e-07,-5.489061548776969,-5.489061548776969,0.000548906154877697,0.93,True,True,False,False,-3.3156540890644237e-07,-6.040475698590903e-08,0.3800095007753971,
stress|30|5|7,stress,30,6,7,4.0,0.5,0.05,-5.255156771736268,optimal,False,2.022419073000492,9,28,1440,,,,1.281367562005471,-3.189315595898838,-4.4182661509877805,-5.255156804063728,-5.255156804063728,19,0,True,ok,True,-3.232745982018059e-08,-5.255156804063728,-5.255156804063728,0.0005255156804063728,0.92,True,True,False,False,-3.232745982018059e-08,-6.151569063371599e-09,0.39310743431431167,
stress|30|0|8,stress,30,6,8,1.0,0.3,0.05,-0.999802978671613,optimal,False,1.9066650700042374,9,28,1440,,,,1.1848932749999221,-0.9998031263981835,-0.9998031263981835,-0.9998031263981835,-0.9998031263981835,14,0,True,ok,True,-1.4772657042083637e-07,-0.9998031263981835,-0.9998031263981835,9.998031263981835e-05,0.87,False,False,False,False,-1.4772657042083637e-07,-1.4775568144147068e-07,0.0,
stress|30|1|8,stress,30,6,8,1.0,0.5,0.05,-0.787240452751254,optimal,False,1.955718501994852,9,28,1440,,,,1.337694134999765,-0.7872404619011856,-0.7872404619011856,-0.7872404619011856,-0.7872404619011856,14,0,True,ok,True,-9.14993159017996e-09,-0.7872404619011856,-0.7872404619011856,7.872404619011856e-05,0.84,False,False,False,False,-9.14993159017996e-09,-1.1622791433294249e-08,0.0,
stress|30|2|8,stress,30,6,8,2.0,0.3,0.05,-2.43476002739777,optimal,False,1.3650379579994478,9,28,1440,,,,0.6823293179986649,-2.4347603858467037,-2.4347603858467037,-2.4347603858467037,-2.4347603858467037,16,0,True,ok,True,-3.584489336461161e-07,-2.4347603858467037,-2.4347603858467037,0.00024347603858467038,0.89,False,False,False,False,-3.584489336461161e-07,-1.4722146314732304e-07,0.0,
stress|30|3|8,stress,30,6,8,2.0,0.5,0.05,-2.2221976249037017,optimal,False,1.4383279879984912,10,28,1440,,,,0.6613608709958498,-2.222197721349706,-2.222197721349706,-2.222197721349706,-2.222197721349706,16,0,True,ok,True,-9.644600451608198e-08,-2.222197721349706,-2.222197721349706,0.00022221977213497063,0.89,False,False,False,False,-9.644600451608198e-08,-4.3401182430955684e-08,0.0,
stress|30|4|8,stress,30,6,8,4.0,0.3,0.05,-5.304674512832575,optimal,False,1.6010903370042797,9,28,1440,,,,0.9463841320030042,-5.304674904743745,-5.304674904743745,-5.304674904743745,-5.304674904743745,20,0,True,ok,True,-3.9191117018333443e-07,-5.304674904743745,-5.304674904743745,0.0005304674904743745,0.93,False,False,False,False,-3.9191117018333443e-07,-7.388034256112404e-08,0.0,
stress|30|5|8,stress,30,6,8,4.0,0.5,0.05,-5.092112170983943,optimal,False,1.3771754289991804,9,28,1440,,,,0.7931002820041613,-5.092112240246747,-5.092112240246747,-5.092112240246747,-5.092112240246747,20,0,True,ok,True,-6.926280438079857e-08,-5.092112240246747,-5.092112240246747,0.0005092112240246748,0.93,False,False,False,False,-6.926280438079857e-08,-1.360197930742264e-08,0.0,
stress|30|0|9,stress,30,6,9,1.0,0.3,0.05,-0.7336638174499341,optimal,False,1.2721566360050929,8,28,1440,,,,1.0356970309949247,-0.44024666705025284,-0.7336641989543985,-0.7336641989543985,-0.7336641989543985,13,0,True,ok,True,-3.815044575805615e-07,-0.7336641989543917,-0.7336641989543985,7.336641989543986e-05,0.84,True,False,False,False,-3.8150446435292196e-07,-5.199990176412866e-07,0.39993437368528767,
stress|30|1|9,stress,30,6,9,1.0,0.5,0.05,-0.5190253115229252,optimal,False,1.3995619760025875,10,28,1440,,,,1.606890201997885,-0.14489127084299558,-0.5190253547082324,-0.5190253547082324,-0.5190253547082324,16,0,True,ok,True,-4.3185307219140157e-08,-0.5190253547082324,-0.5190253547082324,5.1902535470823246e-05,0.72,True,False,False,False,-4.3185307219140157e-08,-8.320462655747123e-08,0.7208397055584201,
stress|30|2|9,stress,30,6,9,2.0,0.3,0.05,-1.9083680671658243,optimal,False,2.23878115399566,11,28,1440,,,,1.04619248900417,-1.493177839493475,-1.9083682422278914,-1.9083682422278914,-1.9083682422278914,9,0,True,ok,True,-1.7506206706485727e-07,-1.9083682422278914,-1.9083682422278914,0.00019083682422278914,0.84,True,False,False,False,-1.7506206706485727e-07,-9.173391133338722e-08,0.217563043414362,
stress|30|3|9,stress,30,6,9,2.0,0.5,0.05,-1.6937293745066089,optimal,False,1.2969139909982914,9,28,1440,,,,0.6394650770016597,-1.1573923256873484,-1.6937293979817254,-1.6937293979817254,-1.6937293979817254,8,0,True,ok,True,-2.347511651734635e-08,-1.6937293979817254,-1.6937293979817254,0.00016937293979817254,0.84,True,False,False,False,-2.347511651734635e-08,-1.3860016169457272e-08,0.31666042576428366,
stress|30|4|9,stress,30,6,9,4.0,0.3,0.05,-4.257776015376555,optimal,False,1.4280438450005022,11,28,1440,,,,1.5316511060009361,-3.5990401843799193,-4.257776328774877,-4.257776328774877,-4.257776328774877,10,0,True,ok,True,-3.133983224046233e-07,-4.257776328774877,-4.257776328774877,0.00042577763287748773,0.83,True,False,False,False,-3.133983224046233e-07,-7.360610827643702e-08,0.1547136565025954,
stress|30|5|9,stress,30,6,9,4.0,0.5,0.05,-4.043137186933952,optimal,False,1.43170564200409,10,28,1440,,,,0.677036078996025,-3.263254670573799,-4.043137484528444,-4.043137484528711,-4.043137484528711,10,0,True,ok,True,-2.9759475950186243e-07,-4.043137484528711,-4.043137484528711,0.00040431374845287113,0.83,True,False,False,False,-2.9759475950186243e-07,-7.36049126563372e-08,0.19289050074086692,
stress|30|0|10,stress,30,6,10,1.0,0.3,0.05,-0.8711898221026763,optimal,False,1.8972778749957797,8,28,1440,,,,1.0494549299983191,-0.20423892414774714,-0.745251065857185,-0.8711902920510164,-0.8711902920510164,11,0,True,ok,True,-4.6994834013158737e-07,-0.8711902920510164,-0.8711902920510164,8.711902920510164e-05,0.88,True,True,False,False,-4.6994834013158737e-07,-5.394327713762023e-07,0.7655633608279613,
stress|30|1|10,stress,30,6,10,1.0,0.5,0.05,-0.6637712165890546,optimal,False,1.9103185440035304,9,28,1440,,,,1.6284519969995017,-0.11321200402302395,-0.4751197876005583,-0.6637714094041348,-0.6637714094041348,14,0,True,ok,True,-1.9281507435131573e-07,-0.6637714094041289,-0.6637714094041348,6.637714094041348e-05,0.85,True,True,False,False,-1.9281508023549776e-07,-2.9048424429477925e-07,0.8294412768928178,
stress|30|2|10,stress,30,6,10,2.0,0.3,0.05,-2.1845049337493734,optimal_inaccurate,True,1.8712356069954694,9,28,1440,,,,1.085079010001209,-1.0554524271441559,-2.030117784134132,-2.1845063757218206,-2.1845063757218206,10,0,True,ok,True,-1.4419723477487878e-06,-2.184506375721721,-2.1845063757218206,0.00021845063757218206,0.88,True,True,False,False,-1.4419724472247708e-06,-6.600911835661742e-07,0.5168462592399596,
stress|30|3|10,stress,30,6,10,2.0,0.5,0.05,-1.977087359203147,optimal,False,2.1555111839988967,10,28,1440,,,,1.1420295689968043,-0.7117318650677058,-1.7599865058775053,-1.9770874930749387,-1.9770874930749387,10,0,True,ok,True,-1.3387179165214036e-07,-1.9770874930749387,-1.9770874930749387,0.00019770874930749387,0.88,True,True,False,False,-1.3387179165214036e-07,-6.771162186080465e-08,0.6400099299800038,
stress|30|4|10,stress,30,6,10,4.0,0.3,0.05,-4.811135550436478,optimal_inaccurate,True,2.1765863379987422,11,28,1440,,,,1.5657001979998313,-2.7578794331369094,-4.599851220688025,-4.811138543063429,-4.811138543063429,10,0,True,ok,True,-2.9926269506930225e-06,-4.811138543063429,-4.811138543063429,0.00048111385430634287,0.87,True,True,False,False,-2.9926269506930225e-06,-6.220209177896733e-07,0.4267719774744075,
stress|30|5|10,stress,30,6,10,4.0,0.5,0.05,-4.603716673079668,optimal_inaccurate,True,1.8298829949999345,9,28,1440,,,,1.3583817740000086,-2.4141588710605233,-4.3297199424313995,-4.603719660416547,-4.603719660416547,10,0,True,ok,True,-2.9873368792010524e-06,-4.603719660416547,-4.603719660416547,0.0004603719660416547,0.88,True,True,False,False,-2.9873368792010524e-06,-6.488967700096682e-07,0.47560688983349414,
stress|30|0|11,stress,30,6,11,1.0,0.3,0.05,-0.7582313626382294,optimal,False,2.0228425100067398,9,28,1440,,,,1.3251477320009144,-0.4956411240038181,-0.7501165057972837,-0.7582314379822186,-0.7582314379822186,9,0,True,ok,True,-7.534398793751507e-08,-0.7582314379822174,-0.7582314379822186,7.582314379822186e-05,0.8,True,True,False,False,-7.53439891587604e-08,-9.936807269037859e-08,0.34631947559072135,
stress|30|1|11,stress,30,6,11,1.0,0.5,0.05,-0.49290751499465063,optimal,False,2.0460355010000058,10,28,1440,,,,1.7608420830001705,-0.20229290546142842,-0.49290757189824574,-0.49290757189824574,-0.49290757189824574,22,0,True,ok,True,-5.690359489163299e-08,-0.4929075718982455,-0.49290757189824574,4.929075718982458e-05,0.9,True,False,False,False,-5.6903595113677596e-08,-1.1544477083960701e-07,0.5895926193984516,
stress|30|2|11,stress,30,6,11,2.0,0.3,0.05,-2.161068069318299,optimal,False,1.8183376980014145,9,28,1440,,,,0.6186288440003409,-2.1610682705229722,-2.1610682705229722,-2.1610682705229722,-2.1610682705229722,10,0,True,ok,True,-2.0120467336681713e-07,-2.1610682705229722,-2.1610682705229722,0.00021610682705229723,0.72,False,False,False,False,-2.0120467336681713e-07,-9.310427386504601e-08,0.0,
stress|30|3|11,stress,30,6,11,2.0,0.5,0.05,-1.8162859043910802,optimal,False,1.943103591002,9,28,1440,,,,1.0711253360059345,-1.8162860179990492,-1.8162860179990492,-1.8162860179990492,-1.8162860179990492,11,0,True,ok,True,-1.1360796903225889e-07,-1.8162860179990492,-1.8162860179990492,0.00018162860179990494,0.71,False,False,False,False,-1.1360796903225889e-07,-6.254960673184687e-08,0.0,
stress|30|4|11,stress,30,6,11,4.0,0.3,0.05,-4.9667412255249594,optimal,False,1.6298647369985702,10,28,1440,,,,0.7378592809982365,-4.966741935604479,-4.966741935604479,-4.966741935604479,-4.966741935604479,10,0,True,ok,True,-7.100795196279819e-07,-4.966741935604479,-4.966741935604479,0.000496674193560448,0.76,False,False,False,False,-7.100795196279819e-07,-1.4296688460005888e-07,0.0,
stress|30|5|11,stress,30,6,11,4.0,0.5,0.05,-4.621959275186259,optimal,False,2.058704260001832,10,28,1440,,,,1.7790190289961174,-4.621959683080556,-4.621959683080556,-4.621959683080556,-4.621959683080556,10,0,True,ok,True,-4.078942970053845e-07,-4.621959683080556,-4.621959683080556,0.00046219596830805563,0.74,False,False,False,False,-4.078942970053845e-07,-8.825138274048225e-08,0.0,
stress|30|0|12,stress,30,6,12,1.0,0.3,0.05,-0.7877759547973663,optimal,False,1.2484421510016546,8,28,1440,,,,0.7145099840054172,-0.524861837323272,-0.7877767582338299,-0.7877767582338299,-0.7877767582338299,5,0,True,ok,True,-8.034364635811642e-07,-0.7877767582338299,-0.7877767582338299,7.8777675823383e-05,0.57,True,False,False,False,-8.034364635811642e-07,-1.019879394247094e-06,0.33374292673980976,
stress|30|1|12,stress,30,6,12,1.0,0.5,0.05,-0.5166879158029807,optimal,False,1.365856160002295,9,28,1440,,,,1.9366730080000707,-0.26683745000570647,-0.5166881732736254,-0.5166881732736254,-0.5166881732736254,5,0,True,ok,True,-2.5747064469339165e-07,-0.5166881732736254,-0.5166881732736254,5.166881732736254e-05,0.56,True,False,False,False,-2.5747064469339165e-07,-4.983097858854673e-07,0.4835619164358231,
stress|30|2|12,stress,30,6,12,2.0,0.3,0.05,-2.0760847398632416,optimal,False,1.5448415209975792,11,28,1440,,,,0.864707744003681,-1.5704641643212778,-2.076085548165743,-2.076085548165743,-2.076085548165743,5,0,True,ok,True,-8.083025013760903e-07,-2.076085548165743,-2.076085548165743,0.0002076085548165743,0.63,True,False,False,False,-8.083025013760903e-07,-3.8933984044858194e-07,0.24354554381980564,
stress|30|3|12,stress,30,6,12,2.0,0.5,0.05,-1.8049969341920957,optimal,False,1.97761784800241,9,28,1440,,,,1.078918598999735,-1.3124397770037122,-1.8049969632055385,-1.8049969632055385,-1.8049969632055385,5,0,True,ok,True,-2.901344275940687e-08,-1.8049969632055385,-1.8049969632055385,0.00018049969632055385,0.63,True,False,False,False,-2.901344275940687e-08,-1.6073956808349424e-08,0.27288532681355976,
stress|30|4|12,stress,30,6,12,4.0,0.3,0.05,-4.652698823975469,optimal_inaccurate,True,1.5803934159994242,12,28,1440,,,,2.175757042998157,-3.661668818317289,-4.652703128029569,-4.652703128029569,-4.652703128029569,5,0,True,ok,True,-4.304054099790733e-06,-4.652703128029569,-4.652703128029569,0.0004652703128029569,0.72,True,False,False,False,-4.304054099790733e-06,-9.250661309973125e-07,0.21300183623191649,
stress|30|5|12,stress,30,6,12,4.0,0.5,0.05,-4.3816143327833945,optimal,False,1.4589941849990282,11,28,1440,,,,2.025233938002202,-3.403644430999724,-4.3816145430691,-4.3816145430693645,-4.3816145430693645,5,0,True,ok,True,-2.1028596997041404e-07,-4.3816145430693645,-4.3816145430693645,0.0004381614543069365,0.72,True,False,False,False,-2.1028596997041404e-07,-4.799280676006716e-08,0.22319857268516433,
stress|30|0|13,stress,30,6,13,1.0,0.3,0.05,-0.9930485388211988,optimal_inaccurate,True,1.824353030999191,9,28,1440,,,,0.9377771080035018,-0.9930494317129153,-0.9930494317129153,-0.9930494317129224,-0.9930494317129224,11,0,True,ok,True,-8.928917235584422e-07,-0.9930494317129224,-0.9930494317129224,9.930494317129224e-05,0.81,False,False,False,False,-8.928917235584422e-07,-8.991420747855406e-07,7.155159784286637e-15,
stress|30|1|13,stress,30,6,13,1.0,0.5,0.05,-0.7681971395235541,optimal,False,2.0037963619979564,9,28,1440,,,,0.9977568190006423,-0.7681972896629377,-0.7681972896629377,-0.7681972896629377,-0.7681972896629377,8,0,True,ok,True,-1.5013938359231815e-07,-0.7681972896629377,-0.7681972896629377,7.681972896629377e-05,0.81,False,False,False,False,-1.5013938359231815e-07,-1.9544382017021902e-07,0.0,
stress|30|2|13,stress,30,6,13,2.0,0.3,0.05,-2.4609650303800765,optimal,False,1.4905239979998441,9,28,1440,,,,0.828994129995408,-2.460965191009272,-2.460965191009272,-2.460965191009272,-2.460965191009272,10,0,True,ok,True,-1.6062919527826125e-07,-2.460965191009272,-2.460965191009272,0.0002460965191009272,0.8,False,False,False,False,-1.6062919527826125e-07,-6.527081583660428e-08,0.0,
stress|30|3|13,stress,30,6,13,2.0,0.5,0.05,-2.2361129882850497,optimal,False,1.387058184001944,9,28,1440,,,,0.6869704420023481,-2.236113048959287,-2.236113048959287,-2.236113048959287,-2.236113048959287,10,0,True,ok,True,-6.067423719002818e-08,-2.236113048959287,-2.236113048959287,0.0002236113048959287,0.79,False,False,False,False,-6.067423719002818e-08,-2.713379757995203e-08,0.0,
stress|30|4|13,stress,30,6,13,4.0,0.3,0.05,-5.39679632948875,optimal,False,2.1289437689993065,10,28,1440,,,,0.7640739839989692,-5.396796709601971,-5.396796709601971,-5.396796709601971,-5.396796709601971,10,0,True,ok,True,-3.8011322001096914e-07,-5.39679670960197,-5.396796709601971,0.0005396796709601972,0.82,False,False,False,False,-3.8011322089914756e-07,-7.043312322574835e-08,0.0,
stress|30|5|13,stress,30,6,13,4.0,0.5,0.05,-5.171944393216676,optimal,False,1.3745770220048144,10,28,1440,,,,0.7543087839949294,-5.171944567551986,-5.171944567551986,-5.171944567551986,-5.171944567551986,10,0,True,ok,True,-1.7433442778269637e-07,-5.171944567551104,-5.171944567551986,0.0005171944567551986,0.82,False,False,False,False,-1.7433530974386713e-07,-3.370788556282984e-08,0.0,
stress|30|0|14,stress,30,6,14,1.0,0.3,0.05,-0.8764525547720959,optimal,False,1.3750927660003072,9,28,1440,,,,1.2809204520017374,-0.23602116077916024,-0.798919446903203,-0.8764526330319892,-0.8764526330319898,30,0,True,ok,True,-7.825989045695536e-08,-0.8764526330319864,-0.8764526330319898,8.764526330319899e-05,0.88,True,True,False,False,-7.825989389864674e-08,-8.929164901458547e-08,0.7307085952121891,
stress|30|1|14,stress,30,6,14,1.0,0.5,0.05,-0.5985983231352385,optimal,False,2.0251830100023653,10,28,1440,,,,1.5417637749997084,-0.09195975514849339,-0.5576637928677691,-0.5985983768748692,-0.5985983768748692,42,0,True,ok,True,-5.3739630634375146e-08,-0.5985983768748692,-0.5985983768748692,5.985983768748692e-05,0.84,True,True,False,False,-5.3739630634375146e-08,-8.977577877750586e-08,0.8463748671879264,
stress|30|2|14,stress,30,6,14,2.0,0.3,0.05,-2.2563005953558073,optimal,False,1.787754352997581,9,28,1440,,,,0.6540926520028734,-1.1319371564672394,-2.101985125679673,-2.2563009911457774,-2.2563009911457774,27,0,True,ok,True,-3.9578996924305443e-07,-2.2563009911457765,-2.2563009911457774,0.00022563009911457776,0.93,True,True,False,False,-3.9578997013123285e-07,-1.7541544373382517e-07,0.4983217394712805,
stress|30|3|14,stress,30,6,14,2.0,0.5,0.05,-1.978446700475799,optimal,False,1.3842163389999769,9,28,1440,,,,0.6268370920006419,-0.7672269963751424,-1.8607294716442393,-1.9784467349886565,-1.9784467349886565,27,0,True,ok,True,-3.451285746081112e-08,-1.9784467349886565,-1.9784467349886565,0.00019784467349886567,0.93,True,True,False,False,-3.451285746081112e-08,-1.7444421147413818e-08,0.6122074035116537,
stress|30|4|14,stress,30,6,14,4.0,0.3,0.05,-5.015996711388989,optimal,False,2.0516995870057144,10,28,1440,,,,0.6440742659979151,-2.923769147843397,-4.7081164832326134,-5.015997707373352,-5.015997707373352,28,0,True,ok,True,-9.959831439587674e-07,-5.015997707372133,-5.015997707373352,0.0005015997707373353,0.96,True,True,False,False,-9.959843634277377e-07,-1.9856160614426276e-07,0.41711114749004924,
stress|30|5|14,stress,30,6,14,4.0,0.5,0.05,-4.738143429330808,optimal,False,1.943877452002198,9,28,1440,,,,1.30513261899614,-2.5590589877513006,-4.466860829197179,-4.7381434512162315,-4.7381434512162315,28,0,True,ok,True,-2.1885423251433167e-08,-4.7381434512162315,-4.7381434512162315,0.00047381434512162315,0.95,True,True,False,False,-2.1885423251433167e-08,-4.618987073281603e-09,0.4599025938958397,
stress|30|0|15,stress,30,6,15,1.0,0.3,0.05,-0.6740543665950813,optimal_inaccurate,True,1.8173307050019503,9,28,1440,,,,1.2713334919972112,-0.6740557334985455,-0.6740557334985455,-0.6740557334985463,-0.6740557334985463,13,0,True,ok,True,-1.3669034649721468e-06,-0.6740557334985463,-0.6740557334985463,6.740557334985464e-05,0.81,False,False,False,False,-1.3669034649721468e-06,-2.0278831096027517e-06,1.1529552804245758e-15,
stress|30|1|15,stress,30,6,15,1.0,0.5,0.05,-0.33982802793019384,optimal,False,2.040174481997383,11,28,1440,,,,2.667416011005116,-0.2890472507578796,-0.3398281463787127,-0.3398281463787127,-0.3398281463787127,34,0,True,ok,True,-1.1844851888209718e-07,-0.3398281463787127,-0.3398281463787127,3.3982814637871274e-05,0.84,True,False,False,False,-1.1844851888209718e-07,-3.485542955463003e-07,0.14943110558076506,
stress|30|2|15,stress,30,6,15,2.0,0.3,0.05,-2.058659665976524,optimal,False,1.7525389559959876,10,28,1440,,,,1.0703791079940856,-2.05865978941919,-2.05865978941919,-2.05865978941919,-2.05865978941919,15,0,True,ok,True,-1.234426658669463e-07,-2.05865978941919,-2.05865978941919,0.00020586597894191902,0.84,False,False,False,False,-1.234426658669463e-07,-5.996263875330328e-08,0.0,
stress|30|3|15,stress,30,6,15,2.0,0.5,0.05,-1.6704838485447404,optimal,False,1.937471145996824,9,28,1440,,,,1.305186297999171,-1.670484013283926,-1.670484013283926,-1.670484013283926,-1.670484013283926,14,0,True,ok,True,-1.6473918562631695e-07,-1.670484013283926,-1.670484013283926,0.0001670484013283926,0.84,False,False,False,False,-1.6473918562631695e-07,-9.861764647998916e-08,0.0,
stress|30|4|15,stress,30,6,15,4.0,0.3,0.05,-4.827866253195414,optimal,False,1.9131769930027076,8,28,1440,,,,1.588619018002646,-4.827867901260478,-4.827867901260478,-4.827867901260478,-4.827867901260478,15,0,True,ok,True,-1.6480650639749683e-06,-4.827867901260478,-4.827867901260478,0.00048278679012604784,0.86,False,False,False,False,-1.6480650639749683e-06,-3.413651036592336e-07,0.0,
stress|30|5|15,stress,30,6,15,4.0,0.5,0.05,-4.439692004462021,optimal,False,1.8756894739999552,10,28,1440,,,,1.977149840000493,-4.439692125125214,-4.439692125125214,-4.439692125125214,-4.439692125125214,15,0,True,ok,True,-1.2066319321490937e-07,-4.439692125125214,-4.439692125125214,0.0004439692125125214,0.85,False,False,False,False,-1.2066319321490937e-07,-2.717828018106646e-08,0.0,
stress|30|0|16,stress,30,6,16,1.0,0.3,0.05,-0.9182770147095962,optimal,False,2.033969750002143,10,28,1440,,,,1.1527099499944597,-0.5274393119107582,-0.9182771261027812,-0.9182771261027812,-0.9182771261027812,10,0,True,ok,True,-1.1139317579456076e-07,-0.918277126102772,-0.9182771261027812,9.182771261027813e-05,0.82,True,False,False,False,-1.1139318500941187e-07,-1.2130673339857014e-07,0.4256207664136863,
stress|30|1|16,stress,30,6,16,1.0,0.5,0.05,-0.6937197026207235,optimal,False,1.905029208995984,9,28,1440,,,,1.6436809920051019,-0.1835748932641328,-0.6937199848467422,-0.6937199848467422,-0.6937199848467422,21,0,True,ok,True,-2.822260158907852e-07,-0.6937199848467394,-0.6937199848467422,6.937199848467422e-05,0.8,True,False,False,False,-2.822260187773651e-07,-4.0683004635903525e-07,0.7353760922648229,
stress|30|2|16,stress,30,6,16,2.0,0.3,0.05,-2.2486915420775295,optimal,False,1.716620913000952,10,28,1440,,,,1.0338229069966474,-1.7259035082519616,-2.2486918631274313,-2.2486918631274313,-2.2486918631274313,13,0,True,ok,True,-3.2104990177472814e-07,-2.2486918631274313,-2.2486918631274313,0.00022486918631274314,0.87,True,False,False,False,-3.2104990177472814e-07,-1.4277187233875366e-07,0.23248554568449728,
stress|30|3|16,stress,30,6,16,2.0,0.5,0.05,-2.0241344145040903,optimal,False,2.119032798000262,10,28,1440,,,,1.0811752410008921,-1.3465908334425607,-2.024134721871392,-2.024134721871392,-2.024134721871392,13,0,True,ok,True,-3.073673018327838e-07,-2.024134721871392,-2.024134721871392,0.00020241347218713922,0.85,True,False,False,False,-3.073673018327838e-07,-1.5185123064472393e-07,0.33473260505230373,
stress|30|4|16,stress,30,6,16,4.0,0.3,0.05,-4.909521097404797,optimal,False,1.358301678999851,9,28,1440,,,,1.346799913997529,-4.122831900934369,-4.909521337176731,-4.909521337176731,-4.909521337176731,15,0,True,ok,True,-2.397719329749748e-07,-4.90952133717673,-4.909521337176731,0.0004909521337176731,0.9,True,False,False,False,-2.397719338631532e-07,-4.883815123839637e-08,0.16023750223575886,
stress|30|5|16,stress,30,6,16,4.0,0.5,0.05,-4.68496411380334,optimal,False,1.6590377960019396,9,28,1440,,,,0.7209259399969596,-3.7435192261249672,-4.684964195920691,-4.684964195920692,-4.684964195920692,14,0,True,ok,True,-8.211735202934278e-08,-4.684964195920692,-4.684964195920692,0.0004684964195920692,0.89,True,False,False,False,-8.211735202934278e-08,-1.7527850808376503e-08,0.20095030195011157,
stress|30|0|17,stress,30,6,17,1.0,0.3,0.05,-1.0157153245008743,optimal,False,1.3116294020001078,9,28,1440,,,,1.0190348389951396,-0.7986761558606712,-1.0030326712570359,-1.0157153603872457,-1.0157153603872457,14,0,True,ok,True,-3.5886371430038366e-08,-1.0157153603872457,-1.0157153603872457,0.00010157153603872458,0.89,True,True,False,False,-3.5886371430038366e-08,-3.533113123765563e-08,0.21368112858294025,
stress|30|1|17,stress,30,6,17,1.0,0.5,0.05,-0.7897119567806694,optimal_inaccurate,True,1.87874937900051,10,28,1440,,,,0.7737127149957814,-0.5088861422012655,-0.7409319484683976,-0.7897123577724949,-0.7897123577724949,20,0,True,ok,True,-4.0099182541109e-07,-0.7897123577724948,-0.7897123577724949,7.89712357772495e-05,0.88,True,True,False,False,-4.009918255221123e-07,-5.077697280370313e-07,0.35560569973014344,
stress|30|2|17,stress,30,6,17,2.0,0.3,0.05,-2.489843108035721,optimal,False,1.9328493220018572,9,28,1440,,,,0.6865435369982151,-2.1968035338652965,-2.489843227600085,-2.489843227600085,-2.489843227600085,15,0,True,ok,True,-1.1956436418714134e-07,-2.489843227600085,-2.489843227600085,0.0002489843227600085,0.92,True,False,False,False,-1.1956436418714134e-07,-4.8020842679307486e-08,0.11769403410079125,
stress|30|3|17,stress,30,6,17,2.0,0.5,0.05,-2.2477966767598745,optimal,False,1.3953726890031248,9,28,1440,,,,0.6999796059972141,-1.9070135202063883,-2.227742504811447,-2.24779716663472,-2.24779716663472,14,0,True,ok,True,-4.898748455772761e-07,-2.24779716663472,-2.24779716663472,0.000224779716663472,0.89,True,True,False,False,-4.898748455772761e-07,-2.1793556803519022e-07,0.15160782809355286,
stress|30|4|17,stress,30,6,17,4.0,0.3,0.05,-5.4634641840472336,optimal,False,2.0607395360057126,9,28,1440,,,,1.5099191780027468,-4.99305828987604,-5.4634643402794305,-5.4634643402794305,-5.463464340286183,15,0,True,ok,True,-1.5623894977778718e-07,-5.463464340286183,-5.463464340286183,0.0005463464340286183,0.92,True,False,False,False,-1.5623894977778718e-07,-2.8597048413713265e-08,0.08610032410049606,
stress|30|5|17,stress,30,6,17,4.0,0.5,0.05,-5.201363452320107,optimal,False,1.260820691997651,9,28,1440,,,,1.0018894959939644,-4.703268276216634,-5.201363617497535,-5.201363617497535,-5.201363617497545,15,0,True,ok,True,-1.6517743794963735e-07,-5.201363617497545,-5.201363617497545,0.0005201363617497545,0.92,True,False,False,False,-1.6517743794963735e-07,-3.175656526673957e-08,0.09576245344688139,
stress|30|0|18,stress,30,6,18,1.0,0.3,0.05,-0.8926606803951055,optimal,False,1.4464928359957412,9,28,1440,,,,0.7475970200030133,-0.3675196027989349,-0.8926608097705307,-0.8926608097705307,-0.8926608097705307,18,0,True,ok,True,-1.293754252618129e-07,-0.8926608097705307,-0.8926608097705307,8.926608097705307e-05,0.9,True,False,False,False,-1.293754252618129e-07,-1.4493236691521946e-07,0.5882875121476316,
stress|30|1|18,stress,30,6,18,1.0,0.5,0.05,-0.6151166127989138,optimal,False,1.3834086200004094,10,28,1440,,,,1.2450468050010386,-0.48100169954434324,-0.6137153909330733,-0.6151172081225033,-0.6151172081225033,21,0,True,ok,True,-5.95323589314134e-07,-0.6151172081225031,-0.6151172081225033,6.151172081225033e-05,0.9,True,True,False,False,-5.953235894251563e-07,-9.67822323504327e-07,0.21803244456046875,
stress|30|2|18,stress,30,6,18,2.0,0.3,0.05,-2.361470706866626,optimal,False,2.3290348820009967,12,28,1440,,,,1.1090281910001067,-1.3098136452827145,-2.361470869931148,-2.361470869931148,-2.361470869931148,19,0,True,ok,True,-1.630645223293925e-07,-2.361470869931148,-2.361470869931148,0.00023614708699311483,0.9,True,False,False,False,-1.630645223293925e-07,-6.905210462922006e-08,0.44533990998546436,
stress|30|3|18,stress,30,6,18,2.0,0.5,0.05,-2.082525368214371,optimal,False,1.5360503679985413,9,28,1440,,,,0.6012477380063501,-1.001944625465495,-2.082525451093691,-2.082525451093691,-2.082525451093691,19,0,True,ok,True,-8.287931985151431e-08,-2.082525451093691,-2.082525451093691,0.0002082525451093691,0.9,True,False,False,False,-8.287931985151431e-08,-3.9797507927876e-08,0.5188800093946999,
stress|30|4|18,stress,30,6,18,4.0,0.3,0.05,-5.299090447299527,optimal,False,1.7059332479984732,9,28,1440,,,,0.7562722759976168,-3.1944017302502727,-5.299090990252383,-5.299090990252383,-5.299090990252383,23,0,True,ok,True,-5.429528560085828e-07,-5.299090990252383,-5.299090990252383,0.0005299090990252383,0.91,True,False,False,False,-5.429528560085828e-07,-1.024615188980738e-07,0.3971793018601986,
stress|30|5|18,stress,30,6,18,4.0,0.5,0.05,-5.020144074949287,optimal_inaccurate,True,1.6244927389998338,10,28,1440,,,,0.8831747569929576,-2.8865327104330536,-5.020145571414704,-5.0201455714149255,-5.0201455714149255,22,0,False,ok,True,-1.4964656385174635e-06,-5.0201455714149255,-5.0201455714149255,0.0005020145571414926,0.91,True,False,False,False,-1.4964656385174635e-06,-2.9809216950264134e-07,0.4250101576995733,
stress|30|0|19,stress,30,6,19,1.0,0.3,0.05,-0.9264035912486763,optimal,False,1.848453441998572,9,28,1440,,,,1.2969532450006227,-0.9264037673955947,-0.9264037673955947,-0.9264037673955947,-0.9264037673955947,18,0,True,ok,True,-1.7614691838474528e-07,-0.9264037673955947,-0.9264037673955947,9.264037673955948e-05,0.83,False,False,False,False,-1.7614691838474528e-07,-1.90140582407848e-07,0.0,
stress|30|1|19,stress,30,6,19,1.0,0.5,0.05,-0.7151032782325525,optimal,False,1.3925019679954858,9,28,1440,,,,0.9656173830007901,-0.7137498172441124,-0.7137498172441133,-0.7137498172441133,-0.7151038680401657,21,0,True,ok,True,-5.898076131938268e-07,-0.7151038680401657,-0.7151038680401657,7.151038680401658e-05,0.82,True,True,True,False,-5.898076131938268e-07,-8.247866163494507e-07,0.0018935022680890829,
stress|30|2|19,stress,30,6,19,2.0,0.3,0.05,-2.285039588099435,optimal,False,2.060787489004724,9,28,1440,,,,1.585379837997607,-2.28503970718623,-2.28503970718623,-2.28503970718623,-2.28503970718623,14,0,True,ok,True,-1.1908679464767147e-07,-2.28503970718623,-2.28503970718623,0.000228503970718623,0.85,False,False,False,False,-1.1908679464767147e-07,-5.2115856227559294e-08,0.0,
stress|30|3|19,stress,30,6,19,2.0,0.5,0.05,-2.072385073452633,optimal,False,2.0065182339967578,9,28,1440,,,,1.1284437670037732,-2.072385757034749,-2.072385757034749,-2.072385757034749,-2.072385757034749,14,0,True,ok,True,-6.835821158013289e-07,-2.072385757034749,-2.072385757034749,0.00020723857570347488,0.84,False,False,False,False,-6.835821158013289e-07,-3.29852846634563e-07,0.0,
stress|30|4|19,stress,30,6,19,4.0,0.3,0.05,-5.221263726307047,optimal,False,1.4678142959965044,8,28,1440,,,,0.7856938600016292,-2.08644849913589,-5.2212649764126375,-5.2212649764126375,-5.2212649764126375,14,0,True,ok,True,-1.2501055906000147e-06,-5.2212649764126375,-5.2212649764126375,0.0005221264976412637,0.87,True,False,False,False,-1.2501055906000147e-06,-2.39425866251771e-07,0.6003940599526092,
stress|30|5|19,stress,30,6,19,4.0,0.5,0.05,-4.854651099192432,optimal_inaccurate,True,1.5910494159979862,9,28,1440,,,,1.3879354370001238,-1.736122251317644,-4.854652967735608,-4.854652967735608,-4.854652967735608,14,0,False,ok,True,-1.8685431761866766e-06,-4.854652967735608,-4.854652967735608,0.00048546529677356083,0.87,True,False,False,False,-1.8685431761866766e-06,-3.8489752157420905e-07,0.6423797410739667,
stress|50|0|0,stress,50,10,0,1.0,0.3,0.05,-0.8533634792378486,optimal,False,21.240791595999326,10,66,3051,,,,2.3674756969994633,-0.8273225327960425,-0.8533635770029464,-0.8533635770029464,-0.8533635770029464,17,0,True,ok,True,-9.77650903566385e-08,-0.853363577002939,-0.8533635770029464,8.533635770029465e-05,0.94,True,False,False,False,-9.776509779513276e-08,-1.1456442673460575e-07,0.030515767146239457,
stress|50|1|0,stress,50,10,0,1.0,0.5,0.05,-0.6469956109894979,optimal,False,26.095360822000657,10,66,3051,,,,4.098320450000756,-0.5943837014964594,-0.6469957910966845,-0.6469957910966848,-0.6469957910966848,23,0,True,ok,True,-1.801071869422799e-07,-0.6469957910966848,-0.6469957910966848,6.469957910966849e-05,0.92,True,False,False,False,-1.801071869422799e-07,-2.7837466573664815e-07,0.08131751446334105,
stress|50|2|0,stress,50,10,0,2.0,0.3,0.05,-2.2138409399720205,optimal,False,25.62894844100083,13,66,3051,,,,2.281279066002753,-2.1047300946447955,-2.1320589729440496,-2.2138424583474166,-2.2138424583475844,19,0,True,ok,True,-1.518375563946961e-06,-2.2138424583475844,-2.2138424583475844,0.00022138424583475845,0.88,True,True,False,False,-1.518375563946961e-06,-6.85855761600538e-07,0.049286417509686084,
stress|50|3|0,stress,50,10,0,2.0,0.5,0.05,-1.9256910343099038,optimal,False,18.07454565599619,10,66,3051,,,,2.255298452997522,-1.8717912633452132,-1.9256911870377786,-1.9256911870377882,-1.9256911870377882,19,0,True,ok,True,-1.5272788433939866e-07,-1.9256911870377882,-1.9256911870377882,0.00019256911870377884,0.94,True,False,False,False,-1.5272788433939866e-07,-7.931068983458744e-08,0.02798991035290921,
stress|50|4|0,stress,50,10,0,4.0,0.3,0.05,-5.021810154779599,optimal,False,21.304839672004164,10,66,3051,,,,2.1020580990007147,-4.659545218342302,-4.689449764826256,-5.021810368204059,-5.021810368204059,21,0,True,ok,True,-2.134244594387269e-07,-5.021810368204059,-5.021810368204059,0.0005021810368204059,0.91,True,True,False,False,-2.134244594387269e-07,-4.2499507719461734e-08,0.07213835714615263,
stress|50|5|0,stress,50,10,0,4.0,0.5,0.05,-4.685931527108065,optimal,False,19.657919445002335,11,66,3051,,,,1.8616009510005824,-4.426606387042719,-4.483081978917664,-4.685931813504345,-4.685931813504345,21,0,True,ok,True,-2.863962800248032e-07,-4.685931813504345,-4.685931813504345,0.0004685931813504345,0.92,True,True,False,False,-2.863962800248032e-07,-6.111832372453668e-08,0.055341271871323004,
stress|50|0|1,stress,50,10,1,1.0,0.3,0.05,-0.9743369322385339,optimal,False,20.822499137000705,10,66,3051,,,,2.1224977599995327,-0.614763718982011,-0.8044853205663522,-0.9743370221446055,-0.9743370221446055,26,0,True,ok,True,-8.990607158754216e-08,-0.9743370221446055,-0.9743370221446055,9.743370221446056e-05,0.91,True,True,False,False,-8.990607158754216e-08,-9.227410828098597e-08,0.3690440730365973,
stress|50|1|1,stress,50,10,1,1.0,0.5,0.05,-0.7265325950624285,optimal,False,25.579486340000585,10,66,3051,,,,4.648733918998914,-0.3357885963973012,-0.49955125874160555,-0.7265328732380631,-0.7265328732380631,32,0,True,ok,True,-2.7817563463816697e-07,-0.7265328732380631,-0.7265328732380631,7.265328732380632e-05,0.91,True,True,False,False,-2.7817563463816697e-07,-3.8288114880002636e-07,0.5378205050781325,
stress|50|2|1,stress,50,10,1,2.0,0.3,0.05,-2.464807791314196,optimal_inaccurate,True,21.762324853996688,12,66,3051,,,,1.0343795139997383,-1.7513681189839092,-2.2027786436224925,-2.4648088057684463,-2.4648088057684463,31,0,False,ok,True,-1.0144542503809362e-06,-2.4648088057684463,-2.4648088057684463,0.00024648088057684466,0.92,True,True,False,False,-1.0144542503809362e-06,-4.1157539908620844e-07,0.28945072133581157,
stress|50|3|1,stress,50,10,1,2.0,0.5,0.05,-2.1868072349001975,optimal,False,21.99370524099504,12,66,3051,,,,1.4107690559976618,-1.4723929963991984,-1.89286905932078,-2.186807262940197,-2.186807262940197,30,0,True,ok,True,-2.8039999655504744e-08,-2.186807262940197,-2.186807262940197,0.00021868072629401973,0.92,True,True,False,False,-2.8039999655504744e-08,-1.282234629920842e-08,0.32669283601173765,
stress|50|4|1,stress,50,10,1,4.0,0.3,0.05,-5.445752401537651,optimal,False,17.341797508001036,11,66,3051,,,,2.06745817099727,-5.314637703815212,-5.314637703815212,-5.445752373016128,-5.445752373016128,32,1,True,ok,True,2.8521522921209908e-08,-5.445752373016128,-5.445752373016128,0.0005445752373016128,0.92,True,True,False,False,2.8521522921209908e-08,5.2373888524855875e-09,0.02407650223880789,
stress|50|5|1,stress,50,10,1,4.0,0.5,0.05,-5.167750998927196,optimal,False,19.753052361003938,10,66,3051,,,,2.651801867003087,-3.7456017964026005,-4.561897590251222,-5.167750830187878,-5.167750830187878,33,0,False,ok,True,1.6873931762972916e-07,-5.167750830187878,-5.167750830187878,0.0005167750830187878,0.92,True,True,False,False,1.6873931762972916e-07,3.265236998933554e-08,0.27519690490448323,
stress|50|0|2,stress,50,10,2,1.0,0.3,0.05,-0.9032152219971843,optimal,False,19.933447428004,10,66,3051,,,,2.0036547609997797,-0.7967951571529593,-0.7967951571529593,-0.903215307244863,-0.903215307244863,16,0,True,ok,True,-8.524767869388938e-08,-0.903215307244863,-0.903215307244863,9.032153072448631e-05,0.76,True,True,False,False,-8.524767869388938e-08,-9.438246457515432e-08,0.11782367862710832,
stress|50|1|2,stress,50,10,2,1.0,0.5,0.05,-0.6029719709111925,optimal,False,27.63590972899692,11,66,3051,,,,2.985432633002347,-0.46440159906501777,-0.5893169806298,-0.6029720169074456,-0.6029720169074456,19,0,True,ok,True,-4.5996253139612975e-08,-0.6029720169074456,-0.6029720169074456,6.0297201690744566e-05,0.73,True,True,False,False,-4.5996253139612975e-08,-7.628257258808377e-08,0.2298123527409034,
stress|50|2|2,stress,50,10,2,2.0,0.3,0.05,-2.3575021246337196,optimal_inaccurate,True,18.86668473899772,11,66,3051,,,,1.608409093998489,-2.177094113310456,-2.177094113310456,-2.3575039438011904,-2.3575039438011904,18,0,True,ok,True,-1.8191674708845085e-06,-2.3575039438011904,-2.3575039438011904,0.00023575039438011907,0.81,True,True,False,False,-1.8191674708845085e-06,-7.716504056882447e-07,0.07652578099184232,
stress|50|3|2,stress,50,10,2,2.0,0.5,0.05,-2.057260538996118,optimal,False,16.878636733999883,10,66,3051,,,,2.124607299003401,-1.8447005552225146,-1.8447005552225146,-2.057260653463773,-2.057260653463773,18,0,True,ok,True,-1.1446765535438885e-07,-2.057260653463773,-2.057260653463773,0.00020572606534637733,0.81,True,True,False,False,-1.1446765535438885e-07,-5.564081611668188e-08,0.10332190910440779,
stress|50|4|2,stress,50,10,2,4.0,0.3,0.05,-5.266076721147922,optimal_inaccurate,True,18.468874830999994,10,66,3051,,,,2.913608157999988,-4.9376920256254495,-4.9376920256254495,-5.266081216913846,-5.266081216913846,19,0,True,ok,True,-4.495765923984152e-06,-5.266081216913846,-5.266081216913846,0.0005266081216913846,0.86,True,True,False,False,-4.495765923984152e-06,-8.537220709166094e-07,0.062359310037539965,
stress|50|5|2,stress,50,10,2,4.0,0.5,0.05,-4.9658377587317775,optimal,False,22.003060464994633,11,66,3051,,,,2.2120632029982517,-4.605298467537508,-4.605298467537508,-4.9658379265764285,-4.9658379265764285,19,0,True,ok,True,-1.6784465106667312e-07,-4.9658379265764285,-4.9658379265764285,0.0004965837926576429,0.85,True,True,False,False,-1.6784465106667312e-07,-3.379986604909518e-08,0.07260395211639249,
stress|50|0|3,stress,50,10,3,1.0,0.3,0.05,-1.036431829055709,optimal,False,20.749469197005965,10,66,3051,,,,1.7973010670029907,-0.9834908641554931,-0.9834908641554989,-1.036431882149321,-1.036431882149321,24,0,True,ok,True,-5.3093611951382513e-08,-1.036431882149321,-1.036431882149321,0.00010364318821493211,0.88,True,True,False,False,-5.3093611951382513e-08,-5.122730744361257e-08,0.05108007473104784,
stress|50|1|3,stress,50,10,3,1.0,0.5,0.05,-0.7996772643516552,optimal,False,25.82122165399778,10,66,3051,,,,2.9531778399978066,-0.7743914029843241,-0.7743914029843253,-0.7996774185468323,-0.7996774185468323,35,0,True,ok,True,-1.5419517707115915e-07,-0.7996774185468323,-0.7996774185468323,7.996774185468324e-05,0.84,True,True,False,False,-1.5419517707115915e-07,-1.92821759408371e-07,0.03162026959377915,
stress|50|2|3,stress,50,10,3,2.0,0.3,0.05,-2.5353689077580546,optimal,False,20.049648524000077,13,66,3051,,,,1.3142784890005714,-2.422894342456623,-2.4228943424566576,-2.5353703234090146,-2.5353703234090146,24,0,True,ok,True,-1.4156509600127265e-06,-2.5353703234090146,-2.5353703234090146,0.00025353703234090146,0.9,True,True,False,False,-1.4156509600127265e-06,-5.583609374087265e-07,0.04436274256028934,
stress|50|3|3,stress,50,10,3,2.0,0.5,0.05,-2.2986136660473298,optimal_inaccurate,True,20.824626727000577,12,66,3051,,,,1.7150386600042111,-2.2137948812854837,-2.2137948812854837,-2.298615859806526,-2.298615859806526,24,0,False,ok,True,-2.1937591960785596e-06,-2.298615859806526,-2.298615859806526,0.0002298615859806526,0.9,True,True,False,False,-2.1937591960785596e-06,-9.543836045536626e-07,0.03690089327417303,
stress|50|4|3,stress,50,10,3,4.0,0.3,0.05,-5.5332465256983046,optimal,False,17.75328581299982,10,66,3051,,,,3.113336813003116,-5.3017012990589745,-5.3017012990589745,-5.533247205928402,-5.533247205928402,25,0,True,ok,True,-6.802227856539389e-07,-5.53324720592109,-5.533247205928402,0.0005533247205928402,0.94,True,True,False,False,-6.802300971386899e-07,-1.2293507870640983e-07,0.041846297165495434,
stress|50|5|3,stress,50,10,3,4.0,0.5,0.05,-5.2964926350309645,optimal,False,19.217050095998275,10,66,3051,,,,2.5849021110043395,-5.092601837887801,-5.092601837887801,-5.296492742325913,-5.296492742325913,24,0,True,ok,True,-1.0729494892558478e-07,-5.296492742325913,-5.296492742325913,0.0005296492742325914,0.94,True,True,False,False,-1.0729494892558478e-07,-2.025773588656326e-08,0.038495456211760086,
stress|50|0|4,stress,50,10,4,1.0,0.3,0.05,-1.0538708477101901,optimal,False,21.14675785700092,11,66,3051,,,,1.9729756410015398,-0.9225344896997147,-0.9225344896997147,-1.053870877072892,-1.053870877072892,23,0,True,ok,True,-2.9362701825519366e-08,-1.053870877072892,-1.053870877072892,0.0001053870877072892,0.93,True,True,False,False,-2.9362701825519366e-08,-2.7861764930036266e-08,0.12462284538876503,
stress|50|1|4,stress,50,10,4,1.0,0.5,0.05,-0.8433838588917638,optimal,False,23.710244228997908,10,66,3051,,,,3.4274976719971164,-0.6921573694531753,-0.6921573694531753,-0.8433839013356091,-0.8433839013356115,36,0,True,ok,True,-4.244384765872411e-08,-0.8433839013356115,-0.8433839013356115,8.433839013356115e-05,0.93,True,True,False,False,-4.244384765872411e-08,-5.032565801590847e-08,0.17930924652812164,
stress|50|2|4,stress,50,10,4,2.0,0.3,0.05,-2.5363815758531922,optimal,False,19.525570862999302,11,66,3051,,,,2.517431120002584,-2.3311749022685335,-2.3311749022685335,-2.5363827450229928,-2.5363827450229928,25,0,True,ok,True,-1.1691698005300566e-06,-2.5363827450229928,-2.5363827450229928,0.0002536382745022993,0.92,True,True,False,False,-1.1691698005300566e-06,-4.6095974346319297e-07,0.0809057083979646,
stress|50|3|4,stress,50,10,4,2.0,0.5,0.05,-2.3258956963075264,optimal,False,19.70280150900362,10,66,3051,,,,2.023028707000776,-2.100797782021994,-2.100797782021994,-2.3258957692857125,-2.3258957692857125,25,0,True,ok,True,-7.297818616081031e-08,-2.3258957692857125,-2.3258957692857125,0.00023258957692857127,0.92,True,True,False,False,-7.297818616081031e-08,-3.137637954989416e-08,0.09677905185443746,
stress|50|4|4,stress,50,10,4,4.0,0.3,0.05,-5.501406330606989,optimal,False,18.854259542000364,10,66,3051,,,,2.757040358002996,-5.1484557274008536,-5.148455727406171,-5.501406480923194,-5.501406480923194,26,0,True,ok,True,-1.5031620481664731e-07,-5.501406480923194,-5.501406480923194,0.0005501406480923195,0.93,True,True,False,False,-1.5031620481664731e-07,-2.7323232603337337e-08,0.06415645794329881,
stress|50|5|4,stress,50,10,4,4.0,0.5,0.05,-5.290919458836544,optimal,False,17.57024424699921,10,66,3051,,,,2.477810950993444,-4.918078607159631,-4.918078607159631,-5.290919505185914,-5.290919505185914,27,0,True,ok,True,-4.634937056380295e-08,-5.290919505185914,-5.290919505185914,0.0005290919505185914,0.93,True,True,False,False,-4.634937056380295e-08,-8.760173146539454e-09,0.07046807226245672,
stress|50|0|5,stress,50,10,5,1.0,0.3,0.05,-0.8052779113648804,optimal,False,20.331387527003244,10,66,3051,,,,1.8521349410002586,-0.4587060788850481,-0.805277953232536,-0.805277953232536,-0.805277953232536,13,0,True,ok,True,-4.186765567570916e-08,-0.805277953232536,-0.805277953232536,8.052779532325361e-05,0.82,True,False,False,False,-4.186765567570916e-08,-5.199156103108168e-08,0.43037546595716886,
stress|50|1|5,stress,50,10,5,1.0,0.5,0.05,-0.5415463661875143,optimal_inaccurate,True,24.881214880995685,11,66,3051,,,,2.0818236249979236,-0.14483872848090978,-0.5415486656960697,-0.5415486656960697,-0.5415486656960697,23,0,True,ok,True,-2.2995085554589068e-06,-0.5415486656960697,-0.5415486656960697,5.4154866569606976e-05,0.77,True,False,False,False,-2.2995085554589068e-06,-4.246189613730481e-06,0.7325471602912289,
stress|50|2|5,stress,50,10,5,2.0,0.3,0.05,-2.194842502028151,optimal,False,20.479731122002704,10,66,3051,,,,1.030375914000615,-1.5828945913380617,-2.1948426526334313,-2.1948426526334313,-2.1948426526334313,13,0,True,ok,True,-1.5060528024690711e-07,-2.1948426526334313,-2.1948426526334313,0.00021948426526334313,0.92,True,False,False,False,-1.5060528024690711e-07,-6.861780747718337e-08,0.27881181394080246,
stress|50|3|5,stress,50,10,5,2.0,0.5,0.05,-1.9097150646499979,optimal,False,18.938206863000232,10,66,3051,,,,1.0330401590035763,-1.22789196533084,-1.909715185926434,-1.909715185926434,-1.909715185926434,13,0,True,ok,True,-1.2127643622683593e-07,-1.909715185926434,-1.909715185926434,0.00019097151859264342,0.92,True,False,False,False,-1.2127643622683593e-07,-6.350499007508369e-08,0.3570287473337709,
stress|50|4|5,stress,50,10,5,4.0,0.3,0.05,-4.9746402788437125,optimal,False,17.498002756998176,10,66,3051,,,,2.8778391529995133,-3.8312716162440887,-4.9746406235193215,-4.9746406235193215,-4.9746406235193215,13,0,True,ok,True,-3.4467560894313465e-07,-4.9746406235193215,-4.9746406235193215,0.0004974640623519322,0.9,True,False,False,False,-3.4467560894313465e-07,-6.928653925168832e-08,0.22983951883268977,
stress|50|5|5,stress,50,10,5,4.0,0.5,0.05,-4.6895115184421785,optimal,False,15.980850970001484,10,66,3051,,,,3.151961902003677,-3.476268990236867,-4.689513156812324,-4.689513156812324,-4.689513156812324,13,0,True,ok,True,-1.6383701453293043e-06,-4.689513156812324,-4.689513156812324,0.0004689513156812324,0.91,True,False,False,False,-1.6383701453293043e-06,-3.493690417192021e-07,0.25871431127408423,
stress|50|0|6,stress,50,10,6,1.0,0.3,0.05,-1.0157940233721523,optimal,False,21.035633109000628,10,66,3051,,,,1.9815786889957963,-0.8928428679586121,-0.8928428679586121,-1.0157941143679081,-1.0157941143679081,23,0,True,ok,True,-9.099575581927866e-08,-1.0157941143679081,-1.0157941143679081,0.00010157941143679082,0.91,True,True,False,False,-9.099575581927866e-08,-8.958091278899061e-08,0.12103953416367658,
stress|50|1|6,stress,50,10,6,1.0,0.5,0.05,-0.8039267064620651,optimal,False,23.98951950099581,10,66,3051,,,,1.7495042289956473,-0.668733222555102,-0.6687332225551026,-0.8039269198283059,-0.8039269198283076,28,0,True,ok,True,-2.1336623912127095e-07,-0.8039269198283042,-0.8039269198283076,8.039269198283076e-05,0.91,True,True,False,False,-2.1336624245194002e-07,-2.654050931967741e-07,0.16816665039911646,
stress|50|2|6,stress,50,10,6,2.0,0.3,0.05,-2.514006102021185,optimal,False,17.327680045993475,11,66,3051,,,,2.0819231679997756,-2.210237469177917,-2.3039066379004987,-2.5140061750325904,-2.5140061750325904,25,0,True,ok,True,-7.301140536597472e-08,-2.5140061750325904,-2.5140061750325904,0.00025140061750325907,0.91,True,True,False,False,-7.301140536597472e-08,-2.9041856862350397e-08,0.12083053290461201,
stress|50|3|6,stress,50,10,6,2.0,0.5,0.05,-2.3021380222094647,optimal,False,19.23106492200168,12,66,3051,,,,1.882271866001247,-1.986127823774408,-2.0562805036584173,-2.3021389804929897,-2.3021389804929897,24,0,True,ok,True,-9.58283524976622e-07,-2.3021389804929897,-2.3021389804929897,0.000230213898049299,0.9,True,True,False,False,-9.58283524976622e-07,-4.1625806781859e-07,0.1372684965574536,
stress|50|4|6,stress,50,10,6,4.0,0.3,0.05,-5.510430235633504,optimal,False,15.892899955993926,11,66,3051,,,,1.3076963560015429,-4.845026671616528,-5.153059828759447,-5.510430296361955,-5.510430296361955,27,0,True,ok,True,-6.072845071258826e-08,-5.510430296361955,-5.510430296361955,0.0005510430296361955,0.92,True,True,False,False,-6.072845071258826e-08,-1.1020636886006531e-08,0.12075347821471111,
stress|50|5|6,stress,50,10,6,4.0,0.5,0.05,-5.298562277700858,optimal,False,14.625688034000632,10,66,3051,,,,2.3540469219951774,-4.620917026210347,-4.905433694517365,-5.298563101822355,-5.298563101822355,25,0,True,ok,True,-8.241163724775902e-07,-5.298563101817231,-5.298563101822355,0.0005298563101822355,0.92,True,True,False,False,-8.241214963788934e-07,-1.5553681417452257e-07,0.12789242339662657,
stress|50|0|7,stress,50,10,7,1.0,0.3,0.05,-1.050877202882544,optimal,False,21.75555791700026,11,66,3051,,,,1.5089017979989876,-1.050877687745217,-1.050877687745217,-1.050877687745217,-1.050877687745217,19,0,True,ok,True,-4.848626731224215e-07,-1.050877687745217,-1.050877687745217,0.00010508776877452171,0.92,False,False,False,False,-4.848626731224215e-07,-4.613885159868811e-07,0.0,
stress|50|1|7,stress,50,10,7,1.0,0.5,0.05,-0.844789790673119,optimal,False,21.27871610099828,10,66,3051,,,,1.9258397960002185,-0.8447898344120924,-0.8447898344120924,-0.8447898344120924,-0.8447898344120924,32,0,True,ok,True,-4.373897344311928e-08,-0.8447898344120924,-0.8447898344120924,8.447898344120925e-05,0.91,False,False,False,False,-4.373897344311928e-08,-5.177497872964179e-08,0.0,
stress|50|2|7,stress,50,10,7,2.0,0.3,0.05,-2.4860513436285863,optimal,False,21.132660190000024,11,66,3051,,,,1.276995246000297,-2.4860523740761247,-2.486052374089487,-2.486052374089487,-2.486052374089487,20,0,True,ok,True,-1.030460900608432e-06,-2.486052374089487,-2.486052374089487,0.0002486052374089487,0.94,False,False,False,False,-1.030460900608432e-06,-4.144970309037921e-07,5.374866746350193e-12,
stress|50|3|7,stress,50,10,7,2.0,0.5,0.05,-2.2799643914761667,optimal,False,20.73002977699798,10,66,3051,,,,2.0064324580016546,-2.279964520756362,-2.279964520756362,-2.279964520756362,-2.279964520756362,20,0,True,ok,True,-1.2928019543778646e-07,-2.279964520756362,-2.279964520756362,0.00022799645207563623,0.94,False,False,False,False,-1.2928019543778646e-07,-5.6702725674625026e-08,0.0,
stress|50|4|7,stress,50,10,7,4.0,0.3,0.05,-5.356401577362718,optimal,False,20.58881427199958,10,66,3051,,,,3.402778235998994,-5.356401746778026,-5.356401746778026,-5.356401746778026,-5.356401746778026,22,0,True,ok,True,-1.6940743563509386e-07,-5.356401746770153,-5.356401746778026,0.0005356401746778026,0.94,False,False,False,False,-1.6941530844860608e-07,-3.1628567425674524e-08,0.0,
stress|50|5|7,stress,50,10,7,4.0,0.5,0.05,-5.1503101403757094,optimal_inaccurate,True,20.336979680003424,10,66,3051,,,,1.6718171760003315,-5.150313893444896,-5.150313893444896,-5.150313893444902,-5.150313893444902,21,0,True,ok,True,-3.7530691923137738e-06,-5.150313893444902,-5.150313893444902,0.0005150313893444902,0.94,False,False,False,False,-3.7530691923137738e-06,-7.28707415674193e-07,1.0347079087710292e-15,
stress|50|0|8,stress,50,10,8,1.0,0.3,0.05,-1.029496272686245,optimal_inaccurate,True,19.81701449400134,10,66,3051,,,,2.4178039130056277,-0.8694399891292448,-0.8694399891292448,-1.0294971827281203,-1.0294971827281203,15,0,True,ok,True,-9.100418751906147e-07,-1.0294971827281203,-1.0294971827281203,0.00010294971827281203,0.8,True,True,False,False,-9.100418751906147e-07,-8.839681107499881e-07,0.15547123030947135,
stress|50|1|8,stress,50,10,8,1.0,0.5,0.05,-0.8162762399875655,optimal_inaccurate,True,20.852570686001854,10,66,3051,,,,2.128526118998707,-0.5547556974488409,-0.8162770393696659,-0.8162770393696659,-0.8162770393696659,23,0,True,ok,True,-7.993821004026458e-07,-0.8162770393696659,-0.8162770393696659,8.162770393696659e-05,0.75,True,False,False,False,-7.993821004026458e-07,-9.793034039736634e-07,0.3203830676442564,
stress|50|2|8,stress,50,10,8,2.0,0.3,0.05,-2.49063122900209,optimal,False,15.190925053000683,10,66,3051,,,,0.9635733189934399,-2.3493338454821413,-2.3493338454821413,-2.3493338454821413,-2.4906318741575255,17,0,True,ok,True,-6.451554352970845e-07,-2.4906318741575255,-2.4906318741575255,0.00024906318741575256,0.87,True,True,True,False,-6.451554352970845e-07,-2.5903290209509496e-07,0.0567317997257942,
stress|50|3|8,stress,50,10,8,2.0,0.5,0.05,-2.2774116734415495,optimal,False,17.724163505001343,10,66,3051,,,,1.333525718000601,-2.0346495538017346,-2.277411730799071,-2.277411730799071,-2.277411730799071,16,0,True,ok,True,-5.73575213991262e-08,-2.277411730799071,-2.277411730799071,0.0002277411730799071,0.84,True,False,False,False,-5.73575213991262e-08,-2.518539887540376e-08,0.10659564702960356,
stress|50|4|8,stress,50,10,8,4.0,0.3,0.05,-5.412900951650827,optimal,False,15.12892227699922,10,66,3051,,,,1.7924477199994726,-5.309121558187929,-5.309121558187929,-5.309121558187929,-5.412901257016335,18,0,True,ok,True,-3.053655079909845e-07,-5.412901257016335,-5.412901257016335,0.0005412901257016335,0.91,True,True,True,False,-3.053655079909845e-07,-5.641439049385415e-08,0.019172656935850126,
stress|50|5|8,stress,50,10,8,4.0,0.5,0.05,-5.199680019889556,optimal,False,17.51673824500176,9,66,3051,,,,2.474337587998889,-4.994437266507521,-4.994437266507521,-4.994437266507521,-5.199681113657881,18,0,True,ok,True,-1.0937683256884156e-06,-5.199681113657881,-5.199681113657881,0.0005199681113657881,0.9,True,True,True,False,-1.0937683256884156e-06,-2.1035300662821323e-07,0.03947239122246376,
stress|50|0|9,stress,50,10,9,1.0,0.3,0.05,-0.9427367367751492,optimal,False,20.516572401000303,10,66,3051,,,,1.8935015030001523,-0.8421221708590546,-0.8421221708590546,-0.9427368142256909,-0.9427368142256909,20,0,True,ok,True,-7.74505412026727e-08,-0.9427368142256904,-0.9427368142256909,9.42736814225691e-05,0.94,True,True,False,False,-7.74505416467619e-08,-8.215500534295454e-08,0.10672612106410131,
stress|50|1|9,stress,50,10,9,1.0,0.5,0.05,-0.7155207375275782,optimal,False,19.539962419999938,10,66,3051,,,,1.679272123001283,-0.5088505812876626,-0.6399561926212742,-0.715520873804551,-0.715520873804551,26,0,True,ok,True,-1.3627697281748397e-07,-0.715520873804551,-0.715520873804551,7.155208738045511e-05,0.93,True,True,False,False,-1.3627697281748397e-07,-1.9045845308184583e-07,0.28883894248673125,
stress|50|2|9,stress,50,10,9,2.0,0.3,0.05,-2.422589287164182,optimal,False,25.00591136800358,13,66,3051,,,,2.0919057700011763,-2.2876267598000615,-2.2876267598000615,-2.4225903295663294,-2.4225903295663302,24,0,True,ok,True,-1.042402148154764e-06,-2.4225903295663302,-2.4225903295663302,0.00024225903295663304,0.91,True,True,False,False,-1.042402148154764e-06,-4.302843051762076e-07,0.0557104385826673,
stress|50|3|9,stress,50,10,9,2.0,0.5,0.05,-2.1465255110373143,optimal,False,17.516026143006457,10,66,3051,,,,1.3758626130002085,-1.9543551702286694,-2.0101425698939224,-2.1465256333781944,-2.1465256333781944,23,0,True,ok,True,-1.2234088009321908e-07,-2.1465256333781944,-2.1465256333781944,0.00021465256333781944,0.91,True,True,False,False,-1.2234088009321908e-07,-5.699484094838338e-08,0.08952628385205338,
stress|50|4|9,stress,50,10,9,4.0,0.3,0.05,-5.402170747994586,optimal_inaccurate,True,21.20776516800106,11,66,3051,,,,2.194669297998189,-5.178635937682075,-5.178635937682075,-5.402174821343806,-5.402174821343806,24,0,True,ok,True,-4.073349219702038e-06,-5.402174821343806,-5.402174821343806,0.0005402174821343807,0.91,True,True,False,False,-4.073349219702038e-06,-7.540208204663212e-07,0.041379424223469505,
stress|50|5|9,stress,50,10,9,4.0,0.5,0.05,-5.126109223515259,optimal,False,19.773828486999264,12,66,3051,,,,1.8040208919992438,-4.8453643481106825,-4.8453643481106825,-5.1261101251556696,-5.1261101251556696,24,0,True,ok,True,-9.016404103334708e-07,-5.1261101251556696,-5.1261101251556696,0.000512611012515567,0.91,True,True,False,False,-9.016404103334708e-07,-1.7589176722909652e-07,0.054767800572068544,
stress|50|0|10,stress,50,10,10,1.0,0.3,0.05,-0.9653562696090271,optimal,False,24.591130074004468,10,66,3051,,,,2.630308266998327,-0.7218001121997625,-0.9383331125494364,-0.9653565631421517,-0.9653565631421517,18,0,True,ok,True,-2.9353312447355506e-07,-0.9653565631421516,-0.9653565631421517,9.653565631421517e-05,0.97,True,True,False,False,-2.9353312458457737e-07,-3.04067144768697e-07,0.25229688204494527,
stress|50|1|10,stress,50,10,10,1.0,0.5,0.05,-0.7061757284349591,optimal,False,19.492984885000624,10,66,3051,,,,2.2649085969969747,-0.3489042734393719,-0.6511094614816696,-0.7061758106979842,-0.7061758106979842,16,0,True,ok,True,-8.226302505853766e-08,-0.7061758106979842,-0.7061758106979842,7.061758106979842e-05,0.96,True,True,False,False,-8.226302505853766e-08,-1.1649087011366226e-07,0.5059243489315856,
stress|50|2|10,stress,50,10,10,2.0,0.3,0.05,-2.4407490268724428,optimal,False,17.573267394996947,10,66,3051,,,,1.6672705759992823,-2.132030748859438,-2.4016906182708517,-2.4407492803154844,-2.4407492803154844,20,0,True,ok,True,-2.534430412204358e-07,-2.440749280315484,-2.4407492803154844,0.00024407492803154847,0.97,True,True,False,False,-2.53443041664525e-07,-1.0383822296931734e-07,0.12648514697754717,
stress|50|3|10,stress,50,10,10,2.0,0.5,0.05,-2.1815680821738224,optimal,False,22.710408414000995,13,66,3051,,,,2.0735755749992677,-1.759134910099135,-2.1144669672031604,-2.181568527871317,-2.181568527871317,20,0,True,ok,True,-4.4569749402256775e-07,-2.1815685278713164,-2.181568527871317,0.00021815685278713169,0.97,True,True,False,False,-4.4569749446665696e-07,-2.0430143716740756e-07,0.19363756507084146,
stress|50|4|10,stress,50,10,10,4.0,0.3,0.05,-5.391769436211534,optimal,False,19.42265337400022,11,66,3051,,,,2.571678148000501,-4.952492022179052,-4.952492022179052,-5.391769511394407,-5.391769511394407,22,0,True,ok,True,-7.518287326035988e-08,-5.391769511394407,-5.391769511394407,0.0005391769511394407,0.85,True,True,False,False,-7.518287326035988e-08,-1.3944007463565855e-08,0.08147185970895668,
stress|50|5|10,stress,50,10,10,4.0,0.5,0.05,-5.132344517912796,optimal_inaccurate,True,16.88842243199906,10,66,3051,,,,2.682413573995291,-4.579596183418661,-4.824056683292431,-5.132353962217983,-5.132353962217983,20,0,True,ok,True,-9.444305186789848e-06,-5.132353962217983,-5.132353962217983,0.0005132353962217983,0.97,True,True,False,False,-9.444305186789848e-06,-1.8401541739506264e-06,0.10770063461492892,
stress|50|0|11,stress,50,10,11,1.0,0.3,0.05,-0.9801738398093659,optimal,False,23.860591878998093,10,66,3051,,,,3.02703502499935,-0.9801738807282079,-0.9801738807282079,-0.9801738807282079,-0.9801738807282079,22,0,True,ok,True,-4.091884198142992e-08,-0.9801738807282079,-0.9801738807282079,9.801738807282079e-05,0.88,False,False,False,False,-4.091884198142992e-08,-4.174651507674213e-08,0.0,
stress|50|1|11,stress,50,10,11,1.0,0.5,0.05,-0.7420291019814397,optimal,False,14.976446003995079,10,66,3051,,,,4.9138078160031,-0.7420295581576306,-0.7420295581576306,-0.7420295581576306,-0.7420295581576306,28,0,True,ok,True,-4.56176190044566e-07,-0.7420295581576297,-0.7420295581576306,7.420295581576306e-05,0.8,False,False,False,False,-4.561761909327444e-07,-6.147685983132164e-07,0.0,
stress|50|2|11,stress,50,10,11,2.0,0.3,0.05,-2.44516888951402,optimal,False,22.1117357990006,12,66,3051,,,,2.3572416710012476,-2.1062263823252416,-2.4365528223641277,-2.4365528223641277,-2.4451694168484037,23,0,True,ok,True,-5.273343837153277e-07,-2.4451694168484037,-2.4451694168484037,0.00024451694168484036,0.96,True,True,True,False,-5.273343837153277e-07,-2.156637874695584e-07,0.1386174030264243,
stress|50|3|11,stress,50,10,11,2.0,0.5,0.05,-2.1984062983954824,optimal_inaccurate,True,17.583244440997078,11,66,3051,,,,1.0880182059991057,-1.8341104066458889,-2.1984084997935502,-2.1984084997935502,-2.1984084997935502,22,0,True,ok,True,-2.2013980678359246e-06,-2.1984084997935502,-2.1984084997935502,0.00021984084997935503,0.89,True,False,False,False,-2.2013980678359246e-06,-1.0013608810357875e-06,0.16570991841683297,
stress|50|4|11,stress,50,10,11,4.0,0.3,0.05,-5.398630961275515,optimal,False,18.466110986002604,10,66,3051,,,,1.4621001519990386,-4.748137946563557,-5.3493107056359674,-5.3493107056359674,-5.398631184926907,23,0,True,ok,True,-2.2365139162872083e-07,-5.398631184926907,-5.398631184926907,0.0005398631184926907,0.96,True,True,True,False,-2.2365139162872083e-07,-4.1427427292766745e-08,0.1204922536993341,
stress|50|5|11,stress,50,10,11,4.0,0.5,0.05,-5.140423058959442,optimal,False,17.98491694599943,10,66,3051,,,,2.4918291899957694,-4.476021970881039,-5.11116638306539,-5.11116638306539,-5.140423589766241,23,0,True,ok,True,-5.308067994036492e-07,-5.140423589766241,-5.140423589766241,0.0005140423589766242,0.96,True,True,True,False,-5.308067994036492e-07,-1.0326130618344447e-07,0.12925036376533627,
stress|50|0|12,stress,50,10,12,1.0,0.3,0.05,-0.9515379549080555,optimal,False,23.525819078000495,10,66,3051,,,,3.8504878629973973,-0.9515381105753558,-0.9515381105753558,-0.9515381105753558,-0.9515381105753569,19,0,True,ok,True,-1.556673013825005e-07,-0.9515381105753569,-0.9515381105753569,9.51538110575357e-05,0.86,False,False,False,False,-1.556673013825005e-07,-1.6359547255005946e-07,1.1667667456365455e-15,
stress|50|1|12,stress,50,10,12,1.0,0.5,0.05,-0.6830467200098183,optimal,False,19.232742184001836,10,66,3051,,,,3.1366222130018286,-0.6666410827998464,-0.6666410827998464,-0.6830469607947848,-0.6830469607947848,17,0,True,ok,True,-2.4078496652091275e-07,-0.6830469607947848,-0.6830469607947848,6.830469607947848e-05,0.93,True,True,False,False,-2.4078496652091275e-07,-3.525161009739592e-07,0.024018667729446816,
stress|50|2|12,stress,50,10,12,2.0,0.3,0.05,-2.426478241571737,optimal_inaccurate,True,18.00549738999689,11,66,3051,,,,1.8342173400014872,-2.4262756104247396,-2.4262756104247396,-2.4264822717133248,-2.4264822717133248,23,0,True,ok,True,-4.030141587563207e-06,-2.4264822717133248,-2.4264822717133248,0.00024264822717133248,0.82,False,False,False,False,-4.030141587563207e-06,-1.6609015974331204e-06,8.51690906602958e-05,
stress|50|3|12,stress,50,10,12,2.0,0.5,0.05,-2.1466446841651523,optimal,False,18.402240584000538,10,66,3051,,,,2.0236556860036217,-2.1413785826492293,-2.1413785826492293,-2.1466451449609916,-2.1466451449609916,23,0,True,ok,True,-4.607958392632838e-07,-2.1466451449609916,-2.1466451449609916,0.00021466451449609917,0.93,True,True,False,False,-4.607958392632838e-07,-2.1465864502978567e-07,0.002453392133359778,
stress|50|4|12,stress,50,10,12,4.0,0.3,0.05,-5.424062926871506,optimal,False,21.761663862002024,11,66,3051,,,,1.9003265319988714,-5.3757506101235055,-5.3757506101235055,-5.424063089462603,-5.424063089462603,25,0,True,ok,True,-1.6259109703042895e-07,-5.424063089462603,-5.424063089462603,0.0005424063089462603,0.93,True,True,False,False,-1.6259109703042895e-07,-2.9975886936143705e-08,0.008907064416886063,
stress|50|5|12,stress,50,10,12,4.0,0.5,0.05,-5.090853102955452,optimal,False,18.602852096999413,10,66,3051,,,,2.1454377039990504,-5.090853582347995,-5.090853582347995,-5.090853582347995,-5.090853582347995,25,0,False,ok,True,-4.793925425516932e-07,-5.090853582347995,-5.090853582347995,0.0005090853582347995,0.91,False,False,False,False,-4.793925425516932e-07,-9.416742790582305e-08,0.0,
stress|50|0|13,stress,50,10,13,1.0,0.3,0.05,-0.8339917879967031,optimal_inaccurate,True,26.240256183002202,10,66,3051,,,,3.9012136309975176,-0.6042824664412239,-0.6042824664412247,-0.8339929049871733,-0.8339929049871733,16,0,True,ok,True,-1.11699047011804e-06,-0.8339929049871733,-0.8339929049871733,8.339929049871733e-05,0.93,True,True,False,False,-1.11699047011804e-06,-1.3393302982048734e-06,0.2754345236899615,
stress|50|1|13,stress,50,10,13,1.0,0.5,0.05,-0.5524521161928819,optimal,False,21.94548092399782,10,66,3051,,,,3.1745304700016277,-0.26962233896440874,-0.2933492969216436,-0.5524524564450373,-0.5524524564450373,31,0,True,ok,True,-3.402521553397264e-07,-0.5524524564450373,-0.5524524564450373,5.524524564450373e-05,0.8,True,True,False,False,-3.402521553397264e-07,-6.158943831811327e-07,0.5119537693806361,
stress|50|2|13,stress,50,10,13,2.0,0.3,0.05,-2.323172002481204,optimal,False,21.244874634001462,12,66,3051,,,,1.449703320999106,-1.8318229104484758,-1.8372223310467135,-2.323173182740308,-2.323173182740308,18,0,True,ok,True,-1.1802591037834986e-06,-2.323173182740308,-2.323173182740308,0.0002323173182740308,0.92,True,True,False,False,-1.1802591037834986e-06,-5.080377615273226e-07,0.2114996315996804,
stress|50|3|13,stress,50,10,13,2.0,0.5,0.05,-1.9756909951352402,optimal_inaccurate,True,16.502974281000206,10,66,3051,,,,1.0910065110001597,-1.495464199806669,-1.4986950794984502,-1.975693202973094,-1.975693202973094,18,0,True,ok,True,-2.2078378538736843e-06,-1.975693202973094,-1.975693202973094,0.0001975693202973094,0.91,True,True,False,False,-2.2078378538736843e-06,-1.1175016028873246e-06,0.2430686112822372,
stress|50|4|13,stress,50,10,13,4.0,0.3,0.05,-5.30153347402309,optimal,False,18.172356098999444,10,66,3051,,,,1.5563086019974435,-4.286903798462978,-4.33466585892849,-5.301533738246577,-5.301533738246577,20,0,True,ok,True,-2.642234866456761e-07,-5.301533738246577,-5.301533738246577,0.0005301533738246578,0.94,True,True,False,False,-2.642234866456761e-07,-4.9839067873539055e-08,0.1913842276365813,
stress|50|5|13,stress,50,10,13,4.0,0.5,0.05,-4.954053304110844,optimal,False,20.12997644400457,11,66,3051,,,,2.353816299000755,-3.9505450878202,-3.996138607380227,-4.954053758479363,-4.954053758479363,20,0,True,ok,True,-4.543685188096447e-07,-4.954053758479363,-4.954053758479363,0.0004954053758479363,0.94,True,True,False,False,-4.543685188096447e-07,-9.171651795361434e-08,0.20256313709586954,
stress|50|0|14,stress,50,10,14,1.0,0.3,0.05,-1.0876480732834535,optimal,False,28.333674337001867,11,66,3051,,,,2.8948270850014524,-0.7193058535213923,-1.007852902010769,-1.0876481469695918,-1.0876481469695918,14,0,True,ok,True,-7.368613830216475e-08,-1.0876481469695918,-1.0876481469695918,0.00010876481469695918,0.84,True,True,False,False,-7.368613830216475e-08,-6.774814401106496e-08,0.3386594226032341,
stress|50|1|14,stress,50,10,14,1.0,0.5,0.05,-0.8801889882841301,optimal,False,21.166774404002354,10,66,3051,,,,2.2092689080018317,-0.47944699733229745,-0.7567738995277575,-0.8801890380995238,-0.8801890380995238,16,0,True,ok,True,-4.98153925887479e-08,-0.8801890380995226,-0.8801890380995238,8.801890380995239e-05,0.83,True,True,False,False,-4.981539369897092e-08,-5.6596247353744704e-08,0.4552908789144839,
stress|50|2|14,stress,50,10,14,2.0,0.3,0.05,-2.581057170214165,optimal,False,15.758162430000084,10,66,3051,,,,2.1877366379994783,-1.883438458408718,-2.5049693954967815,-2.5810573386009703,-2.5810573386009703,15,0,True,ok,True,-1.683868053881099e-07,-2.5810573386009703,-2.5810573386009703,0.00025810573386009705,0.85,True,True,False,False,-1.683868053881099e-07,-6.523947138068929e-08,0.2702841466398371,
stress|50|3|14,stress,50,10,14,2.0,0.5,0.05,-2.3735980830676984,optimal,False,20.64259710800252,10,66,3051,,,,1.2039187619957374,-1.6435796022196232,-2.2538903930137657,-2.373598229730902,-2.373598229730902,15,0,True,ok,True,-1.46663203803854e-07,-2.373598229730902,-2.373598229730902,0.00023735982297309023,0.85,True,True,False,False,-1.46663203803854e-07,-6.178940101531542e-08,0.3075577906855964,
stress|50|4|14,stress,50,10,14,4.0,0.3,0.05,-5.567875622458178,optimal,False,15.943307989997265,10,66,3051,,,,2.442890473001171,-4.21170366818337,-5.4992023824687974,-5.567875721863727,-5.567875721863727,15,0,True,ok,True,-9.940554868137497e-08,-5.567875721863727,-5.567875721863727,0.0005567875721863727,0.86,True,True,False,False,-9.940554868137497e-08,-1.7853406832656242e-08,0.24357081972124325,
stress|50|5|14,stress,50,10,14,4.0,0.5,0.05,-5.36041445387798,optimal_inaccurate,True,15.839463304000674,10,66,3051,,,,2.0077313669971772,-3.9718448119942744,-5.248123379985571,-5.360416612993659,-5.360416612993659,15,0,True,ok,True,-2.1591156791345156e-06,-5.360416612993659,-5.360416612993659,0.000536041661299366,0.86,True,True,False,False,-2.1591156791345156e-06,-4.0278894434599327e-07,0.2590417688120517,
stress|50|0|15,stress,50,10,15,1.0,0.3,0.05,-0.9664119465050562,optimal,False,30.806023750999884,11,66,3051,,,,3.072433594999893,-0.7752238968543992,-0.9664121444678795,-0.9664121444678795,-0.9664121444678795,18,0,True,ok,True,-1.979628139192613e-07,-0.9664121444678702,-0.9664121444678795,9.664121444678795e-05,0.92,True,False,False,False,-1.979628232451347e-07,-2.048431043935765e-07,0.1978330350129771,
stress|50|1|15,stress,50,10,15,1.0,0.5,0.05,-0.7267259396346487,optimal,False,21.855987775998074,10,66,3051,,,,1.5733893439974054,-0.5333398664955179,-0.726726036359332,-0.7267260363593344,-0.7267260363593344,21,0,True,ok,True,-9.672468570531834e-08,-0.7267260363593344,-0.7267260363593344,7.267260363593345e-05,0.91,True,False,False,False,-9.672468570531834e-08,-1.330965091929226e-07,0.26610601545614015,
stress|50|2|15,stress,50,10,15,2.0,0.3,0.05,-2.4018694814374753,optimal,False,17.564126605000638,10,66,3051,,,,2.3731006469970453,-2.040709980528225,-2.4018698785383483,-2.4018698785383483,-2.4018698785383483,18,0,False,ok,True,-3.9710087307298636e-07,-2.4018698785383483,-2.4018698785383483,0.00024018698785383485,0.82,True,False,False,False,-3.9710087307298636e-07,-1.653299132787718e-07,0.15036613816478114,
stress|50|3|15,stress,50,10,15,2.0,0.5,0.05,-2.1514166294869352,optimal,False,19.18187236200174,10,66,3051,,,,1.943576336998376,-1.7988259501693789,-2.1514168800090716,-2.1514168800090716,-2.1514168800090716,18,0,True,ok,True,-2.5052213636911347e-07,-2.1514168800090716,-2.1514168800090716,0.00021514168800090716,0.92,True,False,False,False,-2.5052213636911347e-07,-1.1644519844994291e-07,0.16388777698825438,
stress|50|4|15,stress,50,10,15,4.0,0.3,0.05,-5.326840366762175,optimal,False,20.45741675500176,10,66,3051,,,,3.4105917359993327,-4.571682147875977,-5.3268408005967265,-5.3268408005967265,-5.3268408005967265,19,0,True,ok,True,-4.338345513943409e-07,-5.3268408005967265,-5.3268408005967265,0.0005326840800596727,0.82,True,False,False,False,-4.338345513943409e-07,-8.144312979629226e-08,0.14176482477872332,
stress|50|5|15,stress,50,10,15,4.0,0.5,0.05,-5.029227717670391,optimal,False,17.66625070200098,10,66,3051,,,,1.836984260000463,-4.329798117517098,-5.029227783142573,-5.029227783142573,-5.029227783142573,19,0,True,ok,True,-6.547218145414035e-08,-5.029227783142573,-5.029227783142573,0.0005029227783142573,0.81,True,False,False,False,-6.547218145414035e-08,-1.3018337034948974e-08,0.13907297417903552,
stress|50|0|16,stress,50,10,16,1.0,0.3,0.05,-0.9756207592026185,optimal,False,26.356013357995835,10,66,3051,,,,2.5804303109980538,-0.25963836097065507,-0.7734088708673325,-0.9756208657938801,-0.9756208657938801,21,0,True,ok,True,-1.0659126159495713e-07,-0.9756208657938801,-0.9756208657938801,9.756208657938801e-05,0.93,True,True,False,False,-1.0659126159495713e-07,-1.0925481093911418e-07,0.7338737105018939,
stress|50|1|16,stress,50,10,16,1.0,0.5,0.05,-0.73136652307698,optimal,False,21.341805829993973,10,66,3051,,,,3.235311334996368,-0.7313666394063087,-0.7313666394063087,-0.7313666394063087,-0.7313666394063087,34,0,True,ok,True,-1.1632932872540636e-07,-0.7313666394063087,-0.7313666394063087,7.313666394063088e-05,0.92,False,False,False,False,-1.1632932872540636e-07,-1.5905749723953676e-07,0.0,
stress|50|2|16,stress,50,10,16,2.0,0.3,0.05,-2.4406356412023427,optimal,False,22.201881435998075,11,66,3051,,,,2.539267148000363,-1.1179594749420436,-2.1598899110501115,-2.4406358135591133,-2.4406358135591133,27,0,True,ok,True,-1.723567706335416e-07,-2.4406358135591133,-2.4406358135591133,0.00024406358135591134,0.93,True,True,False,False,-1.723567706335416e-07,-7.061962372582276e-08,0.5419392484814219,
stress|50|3|16,stress,50,10,16,2.0,0.5,0.05,-2.196381375956809,optimal,False,19.088200615995447,11,66,3051,,,,1.737514109001495,-0.8034186168883916,-1.81443153300653,-2.196381587171542,-2.196381587171542,27,0,True,ok,True,-2.1121473325891316e-07,-2.196381587171542,-2.196381587171542,0.00021963815871715422,0.93,True,True,False,False,-2.1121473325891316e-07,-9.616487171628003e-08,0.6342080895319202,
stress|50|4|16,stress,50,10,16,4.0,0.3,0.05,-5.370663083843809,optimal_inaccurate,True,18.33769834800478,11,66,3051,,,,2.523506110999733,-3.983217939780481,-4.932851991415669,-5.370665709088171,-5.370665709089581,26,0,False,ok,True,-2.6252457718811684e-06,-5.370665709089581,-5.370665709089581,0.0005370665709089581,0.93,True,True,False,False,-2.6252457718811684e-06,-4.888122250264613e-07,0.2583381361757285,
stress|50|5|16,stress,50,10,16,4.0,0.5,0.05,-5.126411445785738,optimal,False,17.165320953994524,10,66,3051,,,,2.0362350409995997,-2.5200608448311694,-4.587393613372088,-5.126411482702009,-5.126411482702009,26,0,True,ok,True,-3.691627092905492e-08,-5.126411482702009,-5.126411482702009,0.0005126411482702009,0.92,True,True,False,False,-3.691627092905492e-08,-7.2011915780584926e-09,0.5084161984782959,
stress|50|0|17,stress,50,10,17,1.0,0.3,0.05,-0.8220048519930606,optimal_inaccurate,True,26.236590574997535,10,66,3051,,,,2.8184435199946165,-0.6055312559652689,-0.6406261069611889,-0.8220054450624239,-0.8220054450624239,14,0,True,ok,True,-5.930693632860695e-07,-0.8220054450624239,-0.8220054450624239,8.220054450624239e-05,0.8,True,True,False,False,-5.930693632860695e-07,-7.214913170501288e-07,0.26334885054285223,
stress|50|1|17,stress,50,10,17,1.0,0.5,0.05,-0.5083083304230775,optimal,False,19.660780828002316,11,66,3051,,,,3.174127017999126,-0.23353097333976103,-0.3929368951883281,-0.5083083877512644,-0.5083083877512644,30,0,True,ok,True,-5.732818686432495e-08,-0.5083083877512644,-0.5083083877512644,5.083083877512644e-05,0.77,True,True,False,False,-5.732818686432495e-08,-1.1278230836116592e-07,0.5405722609203981,
stress|50|2|17,stress,50,10,17,2.0,0.3,0.05,-2.2438249936352377,optimal,False,16.932855617000314,9,66,3051,,,,1.2192646490002517,-1.8767499472047762,-1.8767499472047762,-2.243825263638079,-2.243825263638079,14,0,True,ok,True,-2.700028414182043e-07,-2.243825263638079,-2.243825263638079,0.00022438252636380792,0.84,True,True,False,False,-2.700028414182043e-07,-1.2033150632695763e-07,0.16359353929286663,
stress|50|3|17,stress,50,10,17,2.0,0.5,0.05,-1.9301279805094904,optimal,False,17.778368132996548,9,66,3051,,,,1.8413058510050178,-1.4923889185548973,-1.4923889185548973,-1.9301282063269196,-1.9301282063269196,14,0,True,ok,True,-2.2581612291183717e-07,-1.9301282063256133,-1.9301282063269196,0.00019301282063269198,0.84,True,True,False,False,-2.2581742920024794e-07,-1.1699609118180834e-07,0.2267928556958663,
stress|50|4|17,stress,50,10,17,4.0,0.3,0.05,-5.087464298472412,optimal,False,16.833253693999723,9,66,3051,,,,1.1566237549996004,-4.41918732968379,-4.41918732968379,-5.0874649007893895,-5.0874649007893895,15,0,True,ok,True,-6.023169776270265e-07,-5.0874649007893895,-5.0874649007893895,0.0005087464900789389,0.86,True,True,False,False,-6.023169776270265e-07,-1.1839237433231351e-07,0.131357676984053,
stress|50|5|17,stress,50,10,17,4.0,0.5,0.05,-4.773767622839844,optimal,False,18.432164103003743,9,66,3051,,,,2.6208588020017487,-4.0348263010339105,-4.0348263010339105,-4.77376784347823,-4.77376784347823,15,0,True,ok,True,-2.2063838578390005e-07,-4.77376784347823,-4.77376784347823,0.000477376784347823,0.86,True,True,False,False,-2.2063838578390005e-07,-4.6218920403303064e-08,0.15479209854200132,
stress|50|0|18,stress,50,10,18,1.0,0.3,0.05,-0.8993364719175724,optimal,False,24.987669150999864,10,66,3051,,,,3.677393297999515,-0.6616390189466507,-0.8993366218438927,-0.8993366218438927,-0.8993366218438967,22,0,False,ok,True,-1.499263193593947e-07,-0.8993366218438917,-0.8993366218438967,8.993366218438967e-05,0.94,True,False,False,False,-1.4992632435539832e-07,-1.6670771066998341e-07,0.26430326211991473,
stress|50|1|18,stress,50,10,18,1.0,0.5,0.05,-0.6169960651019701,optimal,False,18.228719601997,10,66,3051,,,,3.380398419998528,-0.3490300342281779,-0.6169962827520029,-0.6169962827520029,-0.6169962827520031,31,0,True,ok,True,-2.1765003221929646e-07,-0.6169962827520024,-0.6169962827520031,6.169962827520032e-05,0.93,True,False,False,False,-2.1765003299645258e-07,-3.527575706021429e-07,0.4343077195353739,
stress|50|2|18,stress,50,10,18,2.0,0.3,0.05,-2.394274056522226,optimal,False,25.004993435999495,13,66,3051,,,,1.3061592930025654,-0.6352547523315915,-2.3590832450180597,-2.3942741863702484,-2.3942741863702484,23,0,True,ok,True,-1.2984802255644468e-07,-2.3942741863702484,-2.3942741863702484,0.00023942741863702485,0.91,True,True,False,False,-1.2984802255644468e-07,-5.423273171370109e-08,0.7346775252609451,
stress|50|3|18,stress,50,10,18,2.0,0.5,0.05,-2.0767427822958737,optimal,False,19.10870041399903,10,66,3051,,,,2.046795319998637,-0.2478764349001381,-2.076742905926166,-2.076742905926166,-2.076742905926166,24,0,True,ok,True,-1.2363029222584032e-07,-2.076742905926166,-2.076742905926166,0.0002076742905926166,0.94,True,False,False,False,-1.2363029222584032e-07,-5.953086404333857e-08,0.8806417326897801,
stress|50|4|18,stress,50,10,18,4.0,0.3,0.05,-5.391976144008765,optimal,False,15.513586430999567,10,66,3051,,,,1.9537321190000512,-1.9901568514688694,-5.278576491366385,-5.391976427075711,-5.391976427075711,23,0,True,ok,True,-2.83066946771271e-07,-5.391976427075711,-5.391976427075711,0.0005391976427075711,0.91,True,True,False,False,-2.83066946771271e-07,-5.24978114166543e-08,0.6309040148107227,
stress|50|5|18,stress,50,10,18,4.0,0.5,0.05,-5.050601637619031,optimal_inaccurate,True,18.983150979998754,11,66,3051,,,,1.4699200289978762,-1.5903640678254813,-4.996236152274492,-5.050603759644761,-5.050603759644761,24,0,False,ok,True,-2.122025730244559e-06,-5.050603759644761,-5.050603759644761,0.0005050603759644761,0.91,True,True,False,False,-2.122025730244559e-06,-4.201530594768766e-07,0.6851140688301905,
stress|50|0|19,stress,50,10,19,1.0,0.3,0.05,-0.9706205834778575,optimal_inaccurate,True,25.68683631299791,10,66,3051,,,,2.1170947720020195,-0.7021344416953311,-0.9372592802114935,-0.9706233258268585,-0.9706233258268585,13,0,True,ok,True,-2.7423490009947926e-06,-0.9706233258268585,-0.9706233258268585,9.706233258268585e-05,0.9,True,True,False,False,-2.7423490009947926e-06,-2.825356321178154e-06,0.27661491022050805,
stress|50|1|19,stress,50,10,19,1.0,0.5,0.05,-0.7405425694481842,optimal_inaccurate,True,16.228415980003774,11,66,3051,,,,2.5216160980053246,-0.4570953000319783,-0.6853323246530563,-0.7405432060078907,-0.7405432060078907,15,0,True,ok,True,-6.365597065016715e-07,-0.7405432060078907,-0.7405432060078907,7.405432060078907e-05,0.92,True,True,False,False,-6.365597065016715e-07,-8.595855697748806e-07,0.3827567435314398,
stress|50|2|19,stress,50,10,19,2.0,0.3,0.05,-2.460401546615021,optimal,False,18.54364075000194,11,66,3051,,,,1.2567217969990452,-1.8789679907507146,-2.3667340830318597,-2.4604025345214753,-2.4604025345214753,14,0,True,ok,True,-9.879064544193739e-07,-2.4604025345214753,-2.4604025345214753,0.00024604025345214756,0.9,True,True,False,False,-9.879064544193739e-07,-4.015224489589998e-07,0.23631683662033134,
stress|50|3|19,stress,50,10,19,2.0,0.5,0.05,-2.178080554220016,optimal,False,18.700353011001425,10,66,3051,,,,1.9875645959982648,-1.633928849087395,-2.114807127473412,-2.178080671308028,-2.178080671308028,14,0,True,ok,True,-1.1708801173071492e-07,-2.178080671308028,-2.178080671308028,0.0002178080671308028,0.9,True,True,False,False,-1.1708801173071492e-07,-5.3757429450374417e-08,0.24983088523247718,
stress|50|4|19,stress,50,10,19,4.0,0.3,0.05,-5.439956002316887,optimal_inaccurate,True,18.135395776000223,10,66,3051,,,,2.2771975149953505,-4.232635088861586,-5.225683688672592,-5.439960951910709,-5.439960951910709,16,0,False,ok,True,-4.949593821912401e-06,-5.439960951910709,-5.439960951910709,0.0005439960951910709,0.9,True,True,False,False,-4.949593821912401e-06,-9.098591642661009e-07,0.2219364943465388,
stress|50|5|19,stress,50,10,19,4.0,0.5,0.05,-5.157636836634937,optimal_inaccurate,True,14.129375057003926,10,66,3051,,,,2.1291302840036224,-3.987595947198229,-4.973756733110948,-5.157639088697262,-5.157639088697262,16,0,True,ok,True,-2.252062324181736e-06,-5.157639088697262,-5.157639088697262,0.0005157639088697261,0.9,True,True,False,False,-2.252062324181736e-06,-4.366461609288253e-07,0.2268563428688003,
